Crop,Season,Area,Fertilizer,Temperature,rainfall,yeild
arhar/tur,kharif,6637.0,631.0,37.0,205.0,7.06
castor seed,kharif,796.0,75.0,31.0,205.0,0.28
cotton lint,kharif,1739.0,165.0,36.0,205.0,4.57
gram,rabi,2979.0,283.0,35.0,205.0,5.06
mesta,kharif,5915.0,562.0,16.0,205.0,49.03
onion,whole year,7832.0,745.0,18.0,205.0,22.91
sweet potato,whole year,9380.0,892.0,17.0,205.0,34.77
tapioca,whole year,2465.0,234.0,38.0,205.0,47.58
tobacco,whole year,433.0,41.0,23.0,205.0,0.6
bajra,summer,820.0,78.0,28.0,126.0,8.07
black pepper,kharif,3825.0,364.0,16.0,126.0,2.42
dry chillies,rabi,4565.0,434.0,32.0,126.0,17.29
garlic,whole year,5061.0,481.0,22.0,126.0,7.51
ginger,kharif,3619.0,344.0,19.0,126.0,13.11
jowar,summer,6137.0,584.0,24.0,126.0,24.66
arecanut,whole year,9569.0,910.0,20.0,381.0,12.66
arhar/tur,kharif,865.0,82.0,31.0,381.0,7.9
castor seed,rabi,30.0,2.0,20.0,381.0,5.0
cotton lint,kharif,7544.0,717.0,20.0,381.0,7.41
dry chillies,whole year,1766.0,168.0,19.0,381.0,6.26
gram,rabi,443.0,42.0,23.0,381.0,6.09
linseed,kharif,50.0,4.0,38.0,381.0,4.4
mesta,kharif,4688.0,446.0,34.0,381.0,45.99
mesta,whole year,861.0,81.0,33.0,381.0,8.28
rapeseed andmustard,rabi,6914.0,658.0,33.0,381.0,6.46
sesamum,kharif,1326.0,126.0,36.0,381.0,5.19
small millets,kharif,2804.0,266.0,26.0,381.0,7.98
soyabean,kharif,898.0,85.0,27.0,381.0,9.06
sugarcane,whole year,82.0,7.0,28.0,381.0,27.44
sweet potato,whole year,5212.0,496.0,31.0,381.0,32.57
tapioca,whole year,3959.0,376.0,22.0,381.0,53.26
tobacco,rabi,742.0,70.0,33.0,381.0,6.81
turmeric,whole year,1401.0,133.0,40.0,381.0,50.86
wheat,rabi,4287.0,407.0,29.0,381.0,16.08
arecanut,whole year,8058.0,766.0,21.0,185.0,15.42
arhar/tur,whole year,3630.0,345.0,20.0,185.0,6.01
bajra,kharif,207.0,19.0,31.0,185.0,4.59
barley,whole year,6116.0,582.0,33.0,185.0,8.23
cardamom,whole year,2674.0,254.0,34.0,185.0,0.03
castor seed,whole year,660.0,62.0,19.0,185.0,0.7
horse-gram,kharif,5645.0,537.0,21.0,185.0,4.53
jowar,whole year,948.0,90.0,26.0,185.0,4.75
moong green gram,kharif,1490.0,141.0,37.0,185.0,4.77
moong green gram,rabi,3269.0,311.0,25.0,185.0,5.23
niger seed,whole year,6512.0,619.0,24.0,185.0,5.41
sannhamp,whole year,2015.0,191.0,30.0,185.0,45.03
small millets,whole year,5046.0,480.0,23.0,185.0,6.39
soyabean,kharif,1555.0,147.0,32.0,185.0,7.54
sunflower,whole year,278.0,26.0,35.0,185.0,0.04
arecanut,kharif,66.0,6.0,17.0,143.0,3.48
bajra,kharif,149.0,14.0,35.0,143.0,21.74
black pepper,kharif,12.0,1.0,35.0,143.0,5.83
cotton lint,summer,453.0,44.0,30.0,143.0,8.21
groundnut,rabi,1046.0,103.0,18.0,143.0,19.71
ragi,kharif,112.0,11.0,24.0,143.0,32.68
rice,kharif,4945.0,488.0,15.0,143.0,23.29
rice,summer,5716.0,564.0,35.0,143.0,26.0
sesamum,kharif,147.0,14.0,26.0,143.0,8.16
arhar/tur,kharif,7657.0,756.0,26.0,235.0,7.04
castor seed,kharif,1728.0,170.0,29.0,235.0,4.1
cotton lint,kharif,1652.0,163.0,19.0,235.0,4.55
gram,rabi,3002.0,296.0,16.0,235.0,5.01
mesta,kharif,5260.0,519.0,29.0,235.0,48.71
niger seed,kharif,8753.0,864.0,18.0,235.0,5.12
onion,whole year,8083.0,798.0,37.0,235.0,22.69
sweet potato,whole year,9433.0,931.0,20.0,235.0,34.39
tapioca,whole year,2798.0,276.0,23.0,235.0,47.39
tobacco,whole year,1465.0,144.0,23.0,235.0,5.0
arecanut,whole year,1500.0,148.0,25.0,296.0,12.13
black pepper,whole year,250.0,24.0,27.0,296.0,2.8
groundnut,kharif,350.0,34.0,27.0,296.0,11.77
groundnut,rabi,1048.0,103.0,31.0,296.0,20.27
ragi,kharif,2500.0,247.0,19.0,296.0,9.9
bajra,rabi,451.0,44.0,26.0,126.0,11.88
bajra,summer,846.0,83.0,24.0,126.0,5.89
black pepper,whole year,4387.0,433.0,28.0,126.0,23.57
garlic,whole year,3574.0,353.0,29.0,126.0,8.49
jowar,summer,8897.0,879.0,25.0,126.0,26.01
rapeseed andmustard,kharif,6673.0,659.0,37.0,126.0,2.68
turmeric,whole year,5007.0,494.0,25.0,126.0,50.7
dry chillies,whole year,297.0,29.0,28.0,315.0,9.7
groundnut,kharif,7021.0,693.0,27.0,315.0,7.43
jowar,kharif,2177.0,215.0,23.0,315.0,5.09
ragi,kharif,1157.0,114.0,37.0,315.0,8.09
sesamum,kharif,3303.0,326.0,19.0,315.0,3.2
turmeric,whole year,3706.0,366.0,17.0,315.0,21.68
arecanut,whole year,9585.0,946.0,39.0,655.0,12.07
arhar/tur,kharif,861.0,85.0,32.0,655.0,7.87
cotton lint,kharif,7549.0,745.0,33.0,655.0,7.42
dry chillies,whole year,1764.0,174.0,40.0,655.0,5.96
gram,rabi,463.0,45.0,35.0,655.0,6.11
linseed,kharif,51.0,5.0,38.0,655.0,4.51
mesta,kharif,4681.0,462.0,20.0,655.0,45.64
mesta,whole year,871.0,86.0,17.0,655.0,7.24
rapeseed andmustard,rabi,6916.0,683.0,33.0,655.0,6.62
sesamum,kharif,1322.0,130.0,15.0,655.0,5.25
small millets,kharif,2823.0,278.0,35.0,655.0,8.08
soyabean,kharif,899.0,88.0,26.0,655.0,9.03
sugarcane,whole year,83.0,8.0,18.0,655.0,27.11
sweet potato,whole year,5181.0,511.0,22.0,655.0,33.37
tobacco,whole year,742.0,73.0,33.0,655.0,6.83
turmeric,whole year,1375.0,135.0,23.0,655.0,50.89
wheat,rabi,4287.0,423.0,40.0,655.0,16.32
arecanut,whole year,8239.0,814.0,16.0,215.0,16.59
arhar/tur,kharif,2606.0,257.0,16.0,215.0,6.42
bajra,kharif,175.0,17.0,34.0,215.0,4.8
barley,rabi,5938.0,586.0,27.0,215.0,9.95
cardamom,whole year,2875.0,284.0,29.0,215.0,2.4
castor seed,rabi,54.0,5.0,35.0,215.0,7.04
cotton lint,kharif,200.0,19.0,30.0,215.0,3.65
ginger,kharif,9398.0,928.0,29.0,215.0,20.05
horse-gram,rabi,4958.0,489.0,26.0,215.0,4.12
jowar,kharif,886.0,87.0,19.0,215.0,4.67
moong green gram,kharif,822.0,81.0,36.0,215.0,5.22
moong green gram,rabi,2729.0,269.0,38.0,215.0,5.86
moong green gram,summer,9320.0,920.0,33.0,215.0,3.2
niger seed,kharif,7587.0,749.0,18.0,215.0,5.4
peas and beans  pulses,rabi,9230.0,911.0,21.0,215.0,7.34
safflower,rabi,48.0,4.0,28.0,215.0,3.33
sannhamp,whole year,1800.0,177.0,33.0,215.0,51.56
small millets,kharif,3742.0,369.0,29.0,215.0,5.02
small millets,rabi,1235.0,122.0,35.0,215.0,11.23
soyabean,kharif,800.0,79.0,26.0,215.0,5.76
sunflower,kharif,149.0,14.0,24.0,215.0,7.45
arhar/tur,kharif,7266.0,771.0,38.0,220.0,7.02
castor seed,kharif,1726.0,183.0,17.0,220.0,4.08
cotton lint,kharif,1637.0,173.0,15.0,220.0,4.56
gram,rabi,2336.0,247.0,34.0,220.0,5.12
mesta,kharif,5177.0,549.0,28.0,220.0,49.29
niger seed,kharif,8904.0,944.0,39.0,220.0,5.15
onion,whole year,7365.0,781.0,18.0,220.0,23.31
sweet potato,whole year,8955.0,950.0,25.0,220.0,34.59
tapioca,whole year,2836.0,300.0,16.0,220.0,47.4
tobacco,whole year,1373.0,145.0,20.0,220.0,5.06
arecanut,whole year,1550.0,164.0,38.0,387.0,12.13
black pepper,whole year,275.0,29.0,31.0,387.0,4.36
groundnut,kharif,350.0,37.0,35.0,387.0,14.66
groundnut,rabi,1004.0,106.0,38.0,387.0,17.6
ragi,kharif,1000.0,106.0,29.0,387.0,10.7
cotton lint,kharif,4772.0,506.0,29.0,291.0,16.14
dry chillies,whole year,312.0,33.0,31.0,291.0,9.94
groundnut,kharif,6921.0,734.0,25.0,291.0,7.43
jowar,kharif,2529.0,268.0,20.0,291.0,5.09
ragi,kharif,870.0,92.0,30.0,291.0,8.09
sesamum,kharif,2612.0,277.0,36.0,291.0,2.75
turmeric,whole year,3971.0,421.0,27.0,291.0,21.06
arhar/tur,kharif,871.0,92.0,27.0,620.0,7.43
castor seed,kharif,27.0,2.0,31.0,620.0,5.19
cotton lint,kharif,7455.0,791.0,39.0,620.0,7.44
dry chillies,whole year,1790.0,189.0,31.0,620.0,6.3
gram,rabi,460.0,48.0,32.0,620.0,6.15
mesta,kharif,4457.0,473.0,31.0,620.0,45.03
rapeseed andmustard,rabi,7042.0,747.0,30.0,620.0,6.6
rice,rabi,3929.0,416.0,39.0,620.0,35.24
sesamum,kharif,1304.0,138.0,17.0,620.0,5.21
soyabean,kharif,1038.0,110.0,23.0,620.0,8.94
sugarcane,whole year,80.0,8.0,17.0,620.0,27.88
sweet potato,whole year,5220.0,553.0,26.0,620.0,33.7
tapioca,whole year,4022.0,426.0,27.0,620.0,53.45
tobacco,whole year,719.0,76.0,19.0,620.0,6.79
arecanut,whole year,65.0,6.0,20.0,143.0,20.0
bajra,kharif,170.0,18.0,35.0,143.0,27.65
black pepper,whole year,12.0,1.0,31.0,143.0,5.83
cashewnut,whole year,210.0,22.0,34.0,143.0,8.43
cotton lint,kharif,357.0,37.0,39.0,143.0,51.4
dry chillies,whole year,11.0,1.0,35.0,143.0,31.82
ginger,kharif,133.0,14.0,35.0,143.0,7.07
groundnut,kharif,898.0,95.0,15.0,143.0,27.96
moong green gram,rabi,2453.0,260.0,30.0,143.0,5.39
ragi,kharif,124.0,13.0,33.0,143.0,36.45
urad,rabi,3159.0,335.0,26.0,143.0,7.81
arecanut,whole year,7677.0,814.0,37.0,231.0,17.1
arhar/tur,kharif,3077.0,326.0,19.0,231.0,7.54
bajra,kharif,146.0,15.0,19.0,231.0,6.58
barley,rabi,5077.0,538.0,17.0,231.0,9.23
cardamom,whole year,2875.0,305.0,25.0,231.0,2.4
castor seed,kharif,35.0,3.0,38.0,231.0,6.86
cotton lint,kharif,750.0,79.0,21.0,231.0,27.2
ginger,kharif,9165.0,972.0,37.0,231.0,20.61
groundnut,kharif,4804.0,509.0,33.0,231.0,6.89
groundnut,rabi,6098.0,647.0,22.0,231.0,15.2
horse-gram,rabi,4326.0,459.0,27.0,231.0,4.82
jowar,kharif,1156.0,122.0,26.0,231.0,4.67
moong green gram,kharif,578.0,61.0,23.0,231.0,5.07
moong green gram,rabi,2375.0,252.0,26.0,231.0,6.17
moong green gram,summer,7947.0,843.0,39.0,231.0,4.96
niger seed,kharif,6733.0,714.0,17.0,231.0,5.24
peas and beans  pulses,rabi,7041.0,747.0,39.0,231.0,8.56
safflower,rabi,60.0,6.0,22.0,231.0,3.17
sannhamp,rabi,107.0,11.0,34.0,231.0,27.85
sesamum,autumn,891.0,94.0,17.0,231.0,4.56
sesamum,winter,2510.0,266.0,20.0,231.0,5.12
small millets,kharif,3702.0,392.0,30.0,231.0,5.2
small millets,rabi,1505.0,159.0,22.0,231.0,10.24
soyabean,kharif,730.0,77.0,23.0,231.0,6.04
sunflower,kharif,150.0,15.0,27.0,231.0,6.0
arecanut,whole year,262.0,25.0,23.0,93.0,27.63
arhar/tur,rabi,6098.0,598.0,33.0,93.0,4.43
ginger,whole year,2329.0,228.0,31.0,93.0,27.97
gram,kharif,100.0,9.0,39.0,93.0,17.3
linseed,rabi,5486.0,538.0,35.0,93.0,1.99
rapeseed andmustard,rabi,4482.0,439.0,21.0,93.0,2.34
small millets,rabi,1961.0,192.0,32.0,93.0,7.39
arhar/tur,kharif,7280.0,714.0,27.0,196.0,7.09
castor seed,kharif,1662.0,163.0,38.0,196.0,4.1
cotton lint,kharif,1673.0,164.0,31.0,196.0,4.54
gram,rabi,2661.0,261.0,24.0,196.0,4.99
mesta,kharif,5049.0,495.0,37.0,196.0,48.64
niger seed,kharif,9044.0,887.0,32.0,196.0,5.14
onion,whole year,7359.0,722.0,15.0,196.0,23.31
sweet potato,whole year,8757.0,859.0,15.0,196.0,34.66
tapioca,whole year,2859.0,280.0,21.0,196.0,47.38
tobacco,whole year,1278.0,125.0,34.0,196.0,4.88
arecanut,whole year,1600.0,157.0,29.0,388.0,15.62
black pepper,whole year,480.0,47.0,34.0,388.0,2.08
groundnut,kharif,360.0,35.0,32.0,388.0,15.75
groundnut,rabi,1421.0,139.0,29.0,388.0,18.18
ragi,kharif,500.0,49.0,19.0,388.0,9.98
bajra,rabi,160.0,15.0,19.0,121.0,8.06
bajra,summer,913.0,89.0,35.0,121.0,10.93
black pepper,whole year,7249.0,711.0,39.0,121.0,24.26
garlic,whole year,5949.0,584.0,38.0,121.0,6.99
jowar,summer,5878.0,577.0,25.0,121.0,20.27
mesta,kharif,4288.0,420.0,19.0,121.0,15.55
rapeseed andmustard,rabi,7637.0,749.0,36.0,121.0,2.63
sannhamp,whole year,1424.0,139.0,36.0,121.0,2.49
turmeric,whole year,9251.0,908.0,28.0,121.0,44.36
cotton lint,kharif,3847.0,377.0,38.0,241.0,16.14
groundnut,kharif,3677.0,360.0,23.0,241.0,7.43
jowar,kharif,463.0,45.0,26.0,241.0,5.1
ragi,kharif,1955.0,191.0,39.0,241.0,8.09
sesamum,kharif,2002.0,196.0,39.0,241.0,3.98
turmeric,whole year,4127.0,405.0,19.0,241.0,21.9
arhar/tur,kharif,863.0,84.0,18.0,625.0,7.43
castor seed,kharif,23.0,2.0,26.0,625.0,5.22
cotton lint,kharif,7340.0,720.0,40.0,625.0,10.47
dry chillies,whole year,1810.0,177.0,36.0,625.0,6.33
gram,rabi,463.0,45.0,16.0,625.0,6.18
linseed,rabi,54.0,5.0,19.0,625.0,4.44
mesta,kharif,4635.0,455.0,40.0,625.0,46.08
rapeseed andmustard,rabi,7126.0,699.0,23.0,625.0,6.64
rice,rabi,4003.0,392.0,19.0,625.0,32.81
sesamum,kharif,1317.0,129.0,37.0,625.0,5.27
small millets,kharif,2800.0,274.0,39.0,625.0,8.09
soyabean,kharif,983.0,96.0,38.0,625.0,9.3
sugarcane,whole year,86.0,8.0,39.0,625.0,27.56
sweet potato,whole year,5143.0,504.0,36.0,625.0,33.76
tapioca,whole year,4110.0,403.0,19.0,625.0,53.23
tobacco,whole year,700.0,68.0,20.0,625.0,6.71
wheat,rabi,4215.0,413.0,37.0,625.0,16.35
arecanut,whole year,65.0,6.0,28.0,143.0,20.0
bajra,kharif,186.0,18.0,38.0,143.0,27.58
black pepper,whole year,12.0,1.0,19.0,143.0,5.83
cashewnut,whole year,202.0,19.0,26.0,143.0,5.99
cotton lint,kharif,452.0,44.0,28.0,143.0,50.88
ginger,kharif,227.0,22.0,34.0,143.0,5.15
groundnut,kharif,1175.0,115.0,28.0,143.0,18.37
moong green gram,kharif,2480.0,243.0,17.0,143.0,5.65
moong green gram,rabi,2480.0,243.0,24.0,143.0,5.65
ragi,kharif,125.0,12.0,24.0,143.0,22.08
urad,kharif,3392.0,332.0,34.0,143.0,6.26
urad,rabi,3392.0,332.0,27.0,143.0,6.26
arecanut,whole year,7773.0,763.0,21.0,190.0,15.68
arhar/tur,kharif,8868.0,870.0,40.0,190.0,6.69
bajra,kharif,313.0,30.0,17.0,190.0,8.18
barley,rabi,3471.0,340.0,23.0,190.0,5.24
castor seed,kharif,100.0,9.0,32.0,190.0,12.7
cotton lint,kharif,1188.0,116.0,32.0,190.0,23.0
ginger,kharif,9328.0,915.0,16.0,190.0,20.26
groundnut,kharif,2020.0,198.0,27.0,190.0,7.89
groundnut,rabi,8513.0,835.0,31.0,190.0,14.54
horse-gram,rabi,4311.0,423.0,17.0,190.0,5.02
jowar,kharif,1016.0,99.0,31.0,190.0,5.13
moong green gram,kharif,635.0,62.0,23.0,190.0,4.85
moong green gram,rabi,2410.0,236.0,32.0,190.0,5.82
moong green gram,summer,8197.0,804.0,27.0,190.0,5.87
niger seed,kharif,6874.0,674.0,16.0,190.0,5.39
peas and beans  pulses,rabi,7338.0,720.0,26.0,190.0,8.33
safflower,rabi,29.0,2.0,35.0,190.0,3.1
sannhamp,whole year,1519.0,149.0,20.0,190.0,46.5
small millets,kharif,3061.0,300.0,39.0,190.0,5.31
small millets,rabi,1285.0,126.0,21.0,190.0,10.18
soyabean,kharif,538.0,52.0,37.0,190.0,5.99
sunflower,kharif,246.0,24.0,29.0,190.0,6.34
arecanut,whole year,268.0,27.0,39.0,92.0,16.75
arhar/tur,rabi,5439.0,555.0,25.0,92.0,4.98
ginger,whole year,2547.0,260.0,39.0,92.0,24.59
gram,kharif,91.0,9.0,38.0,92.0,11.1
linseed,rabi,5872.0,599.0,29.0,92.0,2.42
rapeseed andmustard,rabi,2452.0,250.0,19.0,92.0,3.22
small millets,rabi,931.0,95.0,39.0,92.0,8.16
arhar/tur,kharif,7236.0,739.0,30.0,182.0,7.08
castor seed,kharif,1636.0,167.0,29.0,182.0,4.1
cotton lint,kharif,1882.0,192.0,39.0,182.0,4.57
gram,rabi,2463.0,251.0,30.0,182.0,5.26
mesta,kharif,4969.0,507.0,34.0,182.0,49.27
moong green gram,rabi,8206.0,838.0,29.0,182.0,4.56
niger seed,kharif,8914.0,910.0,19.0,182.0,5.12
onion,whole year,7476.0,763.0,33.0,182.0,23.35
small millets,kharif,8480.0,866.0,31.0,182.0,5.19
sweet potato,whole year,8343.0,852.0,21.0,182.0,34.36
tapioca,whole year,2904.0,296.0,28.0,182.0,47.21
tobacco,whole year,1195.0,122.0,21.0,182.0,4.96
arecanut,whole year,1600.0,163.0,19.0,253.0,15.62
black pepper,whole year,573.0,58.0,22.0,253.0,1.75
groundnut,kharif,148.0,15.0,32.0,253.0,9.26
groundnut,rabi,1515.0,154.0,25.0,253.0,15.78
ragi,kharif,315.0,32.0,27.0,253.0,10.0
bajra,rabi,442.0,45.0,29.0,100.0,5.0
bajra,summer,850.0,86.0,37.0,100.0,10.93
jowar,summer,6418.0,655.0,24.0,100.0,19.3
maize,summer,9272.0,946.0,15.0,100.0,25.84
mesta,kharif,3668.0,374.0,27.0,100.0,14.16
moong green gram,rabi,7111.0,726.0,25.0,100.0,2.94
ragi,summer,9271.0,946.0,36.0,100.0,15.27
rapeseed andmustard,rabi,7063.0,721.0,17.0,100.0,2.7
sannhamp,whole year,2555.0,260.0,27.0,100.0,2.48
turmeric,whole year,7058.0,720.0,30.0,100.0,51.53
cotton lint,kharif,3760.0,384.0,38.0,294.0,16.14
groundnut,kharif,2437.0,248.0,38.0,294.0,7.44
jowar,kharif,2902.0,296.0,35.0,294.0,5.09
ragi,kharif,1947.0,198.0,31.0,294.0,8.09
sesamum,kharif,878.0,89.0,40.0,294.0,3.23
turmeric,whole year,3558.0,363.0,17.0,294.0,22.19
arhar/tur,kharif,818.0,83.0,17.0,424.0,7.71
castor seed,kharif,25.0,2.0,31.0,424.0,5.2
cotton lint,kharif,7323.0,747.0,23.0,424.0,10.75
dry chillies,whole year,1825.0,186.0,23.0,424.0,6.35
ginger,kharif,8897.0,908.0,22.0,424.0,41.13
gram,rabi,489.0,49.0,23.0,424.0,6.11
rapeseed andmustard,rabi,7156.0,730.0,23.0,424.0,6.68
sesamum,kharif,1331.0,135.0,30.0,424.0,5.21
small millets,kharif,2720.0,277.0,31.0,424.0,7.91
soyabean,kharif,981.0,100.0,31.0,424.0,9.57
sugarcane,whole year,83.0,8.0,23.0,424.0,27.23
sweet potato,whole year,4942.0,504.0,26.0,424.0,33.64
tapioca,whole year,3971.0,405.0,28.0,424.0,51.97
tobacco,whole year,728.0,74.0,17.0,424.0,6.59
wheat,rabi,2753.0,281.0,17.0,424.0,17.48
arecanut,whole year,65.0,6.0,28.0,143.0,21.08
bajra,kharif,162.0,16.0,26.0,143.0,21.3
black pepper,whole year,12.0,1.0,36.0,143.0,9.17
cashewnut,whole year,191.0,19.0,17.0,143.0,7.02
cotton lint,kharif,575.0,58.0,34.0,143.0,51.57
ginger,kharif,171.0,17.0,17.0,143.0,5.2
groundnut,kharif,1229.0,125.0,24.0,143.0,15.58
moong green gram,rabi,544.0,55.0,22.0,143.0,1.93
ragi,kharif,138.0,14.0,16.0,143.0,23.55
urad,rabi,811.0,82.0,39.0,143.0,3.29
arecanut,whole year,9276.0,947.0,34.0,155.0,16.05
arhar/tur,kharif,3938.0,402.0,32.0,155.0,8.3
bajra,kharif,425.0,43.0,18.0,155.0,7.58
barley,rabi,2622.0,267.0,29.0,155.0,10.77
cardamom,whole year,2875.0,293.0,17.0,155.0,2.45
castor seed,kharif,80.0,8.0,34.0,155.0,9.12
cotton lint,kharif,1795.0,183.0,17.0,155.0,24.96
ginger,kharif,8133.0,830.0,30.0,155.0,19.76
groundnut,kharif,2197.0,224.0,37.0,155.0,9.68
groundnut,rabi,8679.0,886.0,35.0,155.0,13.42
horse-gram,rabi,3681.0,375.0,29.0,155.0,8.6
jowar,kharif,1194.0,121.0,29.0,155.0,5.51
moong green gram,kharif,619.0,63.0,18.0,155.0,5.02
moong green gram,rabi,1814.0,185.0,29.0,155.0,5.5
moong green gram,summer,8468.0,864.0,22.0,155.0,5.59
niger seed,kharif,6362.0,649.0,18.0,155.0,5.08
peas and beans  pulses,rabi,8836.0,902.0,23.0,155.0,6.34
safflower,rabi,58.0,5.0,15.0,155.0,3.79
sannhamp,whole year,1515.0,154.0,26.0,155.0,48.61
small millets,kharif,4610.0,470.0,28.0,155.0,6.78
soyabean,kharif,516.0,52.0,40.0,155.0,5.97
sunflower,kharif,1279.0,130.0,24.0,155.0,13.22
arecanut,whole year,296.0,28.0,38.0,64.0,14.43
arhar/tur,rabi,8200.0,776.0,29.0,64.0,3.66
bajra,rabi,7268.0,688.0,24.0,64.0,5.44
ginger,whole year,2026.0,191.0,25.0,64.0,16.35
gram,kharif,37.0,3.0,35.0,64.0,12.16
linseed,rabi,4070.0,385.0,21.0,64.0,3.04
rapeseed andmustard,rabi,3369.0,318.0,38.0,64.0,2.2
small millets,rabi,1986.0,188.0,31.0,64.0,3.63
arhar/tur,kharif,7013.0,663.0,30.0,197.0,7.07
castor seed,kharif,1577.0,149.0,31.0,197.0,4.13
cotton lint,kharif,1556.0,147.0,21.0,197.0,4.6
gram,rabi,2388.0,226.0,22.0,197.0,5.05
mesta,kharif,5133.0,485.0,39.0,197.0,49.54
moong green gram,rabi,7161.0,677.0,33.0,197.0,4.59
onion,whole year,7500.0,710.0,40.0,197.0,23.29
small millets,kharif,8310.0,786.0,27.0,197.0,5.21
sweet potato,whole year,8243.0,780.0,40.0,197.0,34.53
tapioca,whole year,2835.0,268.0,15.0,197.0,47.62
tobacco,whole year,1104.0,104.0,28.0,197.0,4.88
arecanut,whole year,1600.0,151.0,39.0,251.0,15.62
black pepper,whole year,583.0,55.0,18.0,251.0,1.77
groundnut,kharif,241.0,22.0,25.0,251.0,14.44
groundnut,rabi,2148.0,203.0,33.0,251.0,18.23
ragi,kharif,353.0,33.0,35.0,251.0,8.53
cotton lint,kharif,3400.0,321.0,33.0,251.0,16.14
ginger,whole year,8998.0,851.0,16.0,251.0,36.02
groundnut,kharif,2422.0,229.0,27.0,251.0,7.44
jowar,kharif,2571.0,243.0,37.0,251.0,5.1
ragi,kharif,1320.0,124.0,31.0,251.0,8.09
sesamum,kharif,811.0,76.0,30.0,251.0,3.21
turmeric,whole year,3140.0,297.0,36.0,251.0,22.1
gram,rabi,6199.0,586.0,16.0,31.0,6.73
rapeseed andmustard,rabi,585.0,55.0,32.0,31.0,2.43
small millets,kharif,7348.0,695.0,36.0,31.0,5.63
sunflower,kharif,7709.0,729.0,28.0,31.0,11.56
tobacco,whole year,8213.0,777.0,32.0,31.0,15.38
arecanut,whole year,9081.0,859.0,33.0,162.0,18.24
arhar/tur,kharif,3075.0,291.0,40.0,162.0,9.13
bajra,kharif,332.0,31.0,38.0,162.0,7.59
barley,rabi,2459.0,232.0,18.0,162.0,9.52
cardamom,whole year,2874.0,272.0,27.0,162.0,2.45
castor seed,kharif,45.0,4.0,21.0,162.0,9.33
cotton lint,kharif,823.0,77.0,27.0,162.0,17.91
ginger,kharif,9383.0,888.0,33.0,162.0,21.53
groundnut,kharif,1368.0,129.0,35.0,162.0,9.63
groundnut,rabi,7020.0,664.0,35.0,162.0,14.99
horse-gram,rabi,5748.0,544.0,16.0,162.0,4.64
jowar,kharif,1643.0,155.0,29.0,162.0,7.51
khesari,kharif,584.0,55.0,33.0,162.0,8.68
linseed,rabi,8859.0,838.0,31.0,162.0,4.17
moong green gram,kharif,556.0,52.0,21.0,162.0,4.82
moong green gram,rabi,1601.0,151.0,39.0,162.0,5.88
moong green gram,summer,7615.0,720.0,25.0,162.0,5.04
niger seed,kharif,6809.0,644.0,35.0,162.0,5.28
safflower,rabi,39.0,3.0,24.0,162.0,7.95
sannhamp,whole year,1374.0,130.0,38.0,162.0,50.35
sesamum,autumn,1049.0,99.0,19.0,162.0,5.61
sesamum,winter,2782.0,263.0,20.0,162.0,5.65
small millets,kharif,3126.0,295.0,36.0,162.0,6.68
small millets,rabi,1030.0,97.0,33.0,162.0,11.02
soyabean,kharif,520.0,49.0,37.0,162.0,5.98
sunflower,kharif,2369.0,224.0,32.0,162.0,13.54
tobacco,whole year,7757.0,734.0,23.0,162.0,5.42
arecanut,whole year,311.0,30.0,16.0,82.0,7.11
arhar/tur,rabi,7492.0,741.0,19.0,82.0,4.33
ginger,whole year,1873.0,185.0,16.0,82.0,29.97
gram,kharif,52.0,5.0,28.0,82.0,17.31
linseed,rabi,4542.0,449.0,18.0,82.0,2.63
rapeseed andmustard,rabi,1695.0,167.0,22.0,82.0,2.55
small millets,rabi,3134.0,310.0,36.0,82.0,5.58
arhar/tur,kharif,7012.0,694.0,34.0,221.0,7.05
castor seed,kharif,1493.0,147.0,36.0,221.0,4.15
cotton lint,kharif,1438.0,142.0,34.0,221.0,4.62
gram,rabi,2419.0,239.0,22.0,221.0,5.19
mesta,kharif,5420.0,536.0,34.0,221.0,47.73
moong green gram,rabi,7595.0,751.0,37.0,221.0,4.63
onion,whole year,7332.0,725.0,33.0,221.0,23.38
small millets,kharif,8299.0,821.0,18.0,221.0,5.21
sweet potato,whole year,8194.0,811.0,32.0,221.0,34.64
tapioca,whole year,2873.0,284.0,18.0,221.0,47.38
tobacco,whole year,828.0,81.0,22.0,221.0,5.02
arecanut,whole year,1600.0,158.0,39.0,301.0,16.56
black pepper,whole year,589.0,58.0,20.0,301.0,1.75
groundnut,kharif,325.0,32.0,19.0,301.0,11.17
groundnut,rabi,2950.0,291.0,33.0,301.0,18.0
ragi,kharif,439.0,43.0,37.0,301.0,8.97
bajra,rabi,117.0,11.0,27.0,86.0,8.97
bajra,summer,300.0,29.0,18.0,86.0,9.03
coriander,whole year,7797.0,771.0,35.0,86.0,1.52
garlic,whole year,3970.0,392.0,26.0,86.0,7.31
jowar,summer,7007.0,693.0,40.0,86.0,26.81
maize,summer,8428.0,834.0,28.0,86.0,24.04
mesta,kharif,4060.0,401.0,31.0,86.0,14.91
moong green gram,rabi,8380.0,829.0,30.0,86.0,2.92
ragi,summer,6565.0,649.0,27.0,86.0,11.89
rapeseed andmustard,rabi,6048.0,598.0,32.0,86.0,2.82
sannhamp,whole year,466.0,46.0,16.0,86.0,2.49
turmeric,whole year,5410.0,535.0,24.0,86.0,48.76
cotton lint,kharif,2949.0,291.0,27.0,238.0,16.1
ginger,whole year,8516.0,842.0,18.0,238.0,38.72
groundnut,kharif,2687.0,265.0,21.0,238.0,7.4
jowar,kharif,2129.0,210.0,23.0,238.0,5.11
ragi,kharif,1504.0,148.0,17.0,238.0,8.09
sesamum,kharif,1204.0,119.0,16.0,238.0,2.37
small millets,kharif,1233.0,122.0,33.0,238.0,7.79
turmeric,whole year,2774.0,274.0,35.0,238.0,20.37
arhar/tur,kharif,812.0,80.0,28.0,332.0,7.87
cashewnut,whole year,6708.0,663.0,32.0,332.0,10.12
castor seed,kharif,25.0,2.0,22.0,332.0,5.6
cotton lint,kharif,7281.0,720.0,26.0,332.0,10.7
dry chillies,whole year,1807.0,178.0,29.0,332.0,6.46
gram,rabi,508.0,50.0,36.0,332.0,6.22
mesta,kharif,4502.0,445.0,20.0,332.0,45.44
rapeseed andmustard,rabi,7218.0,714.0,18.0,332.0,6.44
sesamum,kharif,1617.0,160.0,24.0,332.0,5.25
small millets,kharif,2661.0,263.0,38.0,332.0,8.3
soyabean,kharif,984.0,97.0,20.0,332.0,9.79
sugarcane,whole year,83.0,8.0,26.0,332.0,27.47
sweet potato,whole year,4853.0,480.0,26.0,332.0,33.0
tapioca,whole year,3974.0,393.0,26.0,332.0,51.81
tobacco,whole year,723.0,71.0,19.0,332.0,6.53
wheat,rabi,862.0,85.0,28.0,332.0,17.87
arecanut,whole year,64.0,6.0,30.0,143.0,12.03
bajra,kharif,197.0,19.0,29.0,143.0,19.44
black pepper,whole year,12.0,1.0,31.0,143.0,6.67
cashewnut,whole year,217.0,21.0,21.0,143.0,7.93
cotton lint,kharif,453.0,44.0,32.0,143.0,38.57
dry chillies,whole year,11.0,1.0,36.0,143.0,27.27
ginger,kharif,187.0,18.0,37.0,143.0,8.34
moong green gram,rabi,1299.0,128.0,15.0,143.0,2.99
ragi,kharif,121.0,11.0,31.0,143.0,21.98
urad,rabi,1174.0,116.0,31.0,143.0,3.72
black pepper,whole year,4179.0,413.0,18.0,34.0,2.23
cardamom,whole year,5221.0,516.0,21.0,34.0,0.92
castor seed,kharif,8720.0,863.0,26.0,34.0,3.41
gram,rabi,6625.0,655.0,32.0,34.0,6.56
rapeseed andmustard,rabi,376.0,37.0,21.0,34.0,2.47
arecanut,whole year,9166.0,907.0,27.0,152.0,20.2
arhar/tur,kharif,3361.0,332.0,30.0,152.0,10.06
bajra,kharif,258.0,25.0,18.0,152.0,6.94
barley,rabi,3077.0,304.0,19.0,152.0,13.46
cardamom,whole year,2874.0,284.0,20.0,152.0,2.45
castor seed,kharif,40.0,3.0,35.0,152.0,12.0
cotton lint,kharif,1429.0,141.0,39.0,152.0,19.4
ginger,kharif,8053.0,797.0,28.0,152.0,20.39
groundnut,kharif,1792.0,177.0,34.0,152.0,10.23
groundnut,rabi,9173.0,907.0,22.0,152.0,15.78
horse-gram,rabi,4089.0,404.0,17.0,152.0,4.36
jowar,kharif,1283.0,126.0,28.0,152.0,4.8
linseed,rabi,6024.0,596.0,26.0,152.0,3.17
moong green gram,kharif,835.0,82.0,15.0,152.0,5.16
moong green gram,rabi,1470.0,145.0,24.0,152.0,6.53
moong green gram,summer,8823.0,873.0,33.0,152.0,3.85
niger seed,kharif,7954.0,787.0,28.0,152.0,6.23
safflower,rabi,1372.0,135.0,27.0,152.0,7.13
sannhamp,whole year,1273.0,126.0,38.0,152.0,52.39
small millets,kharif,2756.0,272.0,19.0,152.0,6.63
small millets,rabi,1035.0,102.0,24.0,152.0,11.29
soyabean,kharif,21.0,2.0,15.0,152.0,7.14
sunflower,kharif,8465.0,837.0,23.0,152.0,6.61
bajra,rabi,222.0,24.0,35.0,111.0,9.01
bajra,summer,2108.0,228.0,30.0,111.0,8.09
garlic,whole year,5202.0,563.0,36.0,111.0,6.89
maize,summer,9056.0,981.0,33.0,111.0,30.56
mesta,kharif,2810.0,304.0,31.0,111.0,14.17
moong green gram,rabi,5792.0,627.0,21.0,111.0,2.44
ragi,summer,7447.0,806.0,26.0,111.0,15.92
rapeseed andmustard,rabi,5855.0,634.0,33.0,111.0,2.78
sannhamp,whole year,147.0,15.0,22.0,111.0,2.52
turmeric,whole year,4080.0,442.0,20.0,111.0,47.51
urad,rabi,4505.0,488.0,19.0,111.0,3.44
cotton lint,kharif,1472.0,159.0,32.0,288.0,16.1
groundnut,kharif,1346.0,145.0,20.0,288.0,7.4
jowar,kharif,2566.0,278.0,36.0,288.0,5.1
ragi,kharif,1383.0,149.0,19.0,288.0,8.09
sesamum,kharif,883.0,95.0,31.0,288.0,2.94
turmeric,whole year,2881.0,312.0,33.0,288.0,21.67
arhar/tur,kharif,804.0,87.0,39.0,476.0,7.87
black pepper,whole year,895.0,96.0,37.0,476.0,6.46
castor seed,kharif,32.0,3.0,27.0,476.0,6.25
cotton lint,kharif,7231.0,783.0,21.0,476.0,10.74
dry chillies,whole year,1844.0,199.0,16.0,476.0,7.07
garlic,whole year,365.0,39.0,29.0,476.0,31.21
ginger,kharif,9222.0,999.0,34.0,476.0,51.11
gram,rabi,519.0,56.0,21.0,476.0,6.24
jute,kharif,4019.0,435.0,31.0,476.0,50.14
linseed,rabi,75.0,8.0,38.0,476.0,4.67
mesta,kharif,4195.0,454.0,25.0,476.0,45.33
rapeseed andmustard,rabi,7222.0,782.0,19.0,476.0,6.64
rice,summer,9224.0,999.0,19.0,476.0,40.59
sesamum,kharif,1628.0,176.0,22.0,476.0,5.28
small millets,kharif,2652.0,287.0,26.0,476.0,8.45
soyabean,kharif,967.0,104.0,35.0,476.0,9.67
sugarcane,whole year,84.0,9.0,26.0,476.0,26.79
sweet potato,kharif,4974.0,538.0,25.0,476.0,32.51
sweet potato,whole year,4974.0,538.0,35.0,476.0,32.51
tapioca,whole year,3975.0,430.0,34.0,476.0,51.93
tobacco,whole year,729.0,78.0,22.0,476.0,6.57
wheat,rabi,863.0,93.0,32.0,476.0,18.12
arecanut,whole year,5077.0,550.0,16.0,103.0,14.56
cardamom,whole year,4936.0,534.0,31.0,103.0,0.91
castor seed,kharif,8269.0,895.0,16.0,103.0,3.14
gram,rabi,6420.0,695.0,29.0,103.0,6.14
rapeseed andmustard,rabi,452.0,48.0,34.0,103.0,2.41
arecanut,whole year,293.0,35.0,38.0,107.0,7.99
linseed,rabi,3845.0,461.0,21.0,107.0,3.73
ragi,rabi,9031.0,1082.0,23.0,107.0,18.16
rapeseed andmustard,rabi,5660.0,678.0,18.0,107.0,4.54
small millets,rabi,438.0,52.0,40.0,107.0,7.17
arhar/tur,kharif,6473.0,776.0,19.0,218.0,7.0
castor seed,kharif,1364.0,163.0,37.0,218.0,4.23
cotton lint,kharif,1352.0,162.0,24.0,218.0,4.67
gram,rabi,2020.0,242.0,36.0,218.0,5.13
linseed,rabi,8172.0,979.0,17.0,218.0,5.06
mesta,kharif,4914.0,589.0,22.0,218.0,50.22
moong green gram,rabi,7512.0,900.0,33.0,218.0,4.56
niger seed,kharif,7374.0,884.0,25.0,218.0,5.14
onion,whole year,7726.0,926.0,32.0,218.0,23.67
small millets,kharif,7714.0,925.0,15.0,218.0,5.12
sweet potato,whole year,7269.0,871.0,23.0,218.0,35.57
tapioca,whole year,2777.0,333.0,24.0,218.0,47.75
tobacco,whole year,657.0,78.0,19.0,218.0,5.34
bajra,rabi,78.0,9.0,25.0,131.0,13.33
bajra,summer,917.0,109.0,35.0,131.0,11.88
coriander,whole year,9163.0,1098.0,33.0,131.0,1.53
dry chillies,rabi,2911.0,349.0,31.0,131.0,16.25
dry chillies,summer,6715.0,805.0,33.0,131.0,26.39
garlic,whole year,4931.0,591.0,20.0,131.0,7.07
jowar,summer,5708.0,684.0,26.0,131.0,16.94
mesta,whole year,2097.0,251.0,35.0,131.0,12.69
moong green gram,rabi,7658.0,918.0,36.0,131.0,2.94
peas and beans  pulses,summer,525.0,62.0,18.0,131.0,50.57
ragi,summer,8323.0,998.0,15.0,131.0,21.84
rapeseed andmustard,rabi,6739.0,808.0,16.0,131.0,2.67
sannhamp,whole year,205.0,24.0,28.0,131.0,2.24
turmeric,whole year,6346.0,761.0,17.0,131.0,53.41
cotton lint,kharif,2655.0,318.0,34.0,303.0,13.0
groundnut,kharif,3299.0,395.0,15.0,303.0,7.4
jowar,kharif,2450.0,293.0,38.0,303.0,5.09
ragi,kharif,414.0,49.0,38.0,303.0,8.09
sesamum,kharif,600.0,71.0,37.0,303.0,3.5
tobacco,whole year,43.0,5.0,17.0,303.0,16.05
turmeric,whole year,3384.0,405.0,21.0,303.0,24.34
arhar/tur,kharif,804.0,96.0,32.0,337.0,7.87
castor seed,kharif,33.0,3.0,29.0,337.0,6.36
cotton lint,kharif,7231.0,867.0,28.0,337.0,10.74
dry chillies,whole year,1861.0,223.0,18.0,337.0,6.81
gram,rabi,523.0,62.0,20.0,337.0,6.21
linseed,rabi,78.0,9.0,26.0,337.0,4.74
mesta,kharif,4436.0,531.0,27.0,337.0,45.56
rapeseed andmustard,rabi,7196.0,862.0,26.0,337.0,6.61
sesamum,kharif,1627.0,195.0,20.0,337.0,5.33
small millets,kharif,2670.0,320.0,17.0,337.0,8.51
sugarcane,whole year,80.0,9.0,15.0,337.0,27.38
sweet potato,whole year,4975.0,596.0,29.0,337.0,32.7
tapioca,whole year,3989.0,478.0,20.0,337.0,52.25
tobacco,whole year,721.0,86.0,37.0,337.0,6.59
wheat,rabi,670.0,80.0,19.0,337.0,17.88
arecanut,whole year,4773.0,572.0,33.0,136.0,19.27
black pepper,whole year,3745.0,449.0,18.0,136.0,2.27
cardamom,whole year,4887.0,586.0,39.0,136.0,0.92
castor seed,kharif,8391.0,1006.0,33.0,136.0,3.31
gram,rabi,5907.0,708.0,28.0,136.0,6.78
rapeseed andmustard,rabi,528.0,63.0,24.0,136.0,2.46
tobacco,whole year,5102.0,611.0,15.0,136.0,15.27
arecanut,whole year,9363.0,1122.0,26.0,165.0,31.28
arhar/tur,rabi,1830.0,219.0,28.0,165.0,8.66
bajra,kharif,55.0,6.0,26.0,165.0,3.45
barley,rabi,2403.0,288.0,23.0,165.0,12.48
cardamom,whole year,2874.0,344.0,28.0,165.0,2.45
castor seed,rabi,45.0,5.0,38.0,165.0,8.22
cotton lint,kharif,1506.0,180.0,35.0,165.0,25.61
ginger,kharif,7694.0,922.0,24.0,165.0,18.13
horse-gram,rabi,2800.0,335.0,26.0,165.0,4.61
jowar,kharif,1439.0,172.0,40.0,165.0,3.91
linseed,rabi,6667.0,799.0,23.0,165.0,2.89
moong green gram,kharif,725.0,86.0,22.0,165.0,5.03
moong green gram,rabi,1411.0,169.0,38.0,165.0,6.6
moong green gram,summer,9364.0,1122.0,15.0,165.0,3.48
niger seed,kharif,5033.0,603.0,25.0,165.0,6.5
safflower,rabi,321.0,38.0,26.0,165.0,5.7
sannhamp,whole year,1257.0,150.0,23.0,165.0,53.5
small millets,kharif,2113.0,253.0,39.0,165.0,7.7
small millets,rabi,1170.0,140.0,38.0,165.0,12.03
soyabean,kharif,573.0,68.0,31.0,165.0,5.72
urad,rabi,8514.0,1020.0,18.0,165.0,11.99
arecanut,kharif,63.0,8.0,33.0,143.0,13.02
arecanut,whole year,63.0,8.0,35.0,143.0,13.02
black pepper,kharif,12.0,1.0,35.0,143.0,5.83
cotton lint,summer,57.0,7.0,21.0,143.0,7.02
groundnut,rabi,697.0,89.0,20.0,143.0,20.47
rice,kharif,5010.0,639.0,25.0,143.0,26.52
rice,summer,4574.0,584.0,32.0,143.0,30.48
sesamum,rabi,134.0,17.0,20.0,143.0,6.57
castor seed,rabi,33.0,4.0,35.0,245.0,6.36
cotton lint,rabi,7208.0,920.0,20.0,245.0,10.74
dry chillies,rabi,1870.0,238.0,32.0,245.0,7.35
gram,rabi,536.0,68.0,27.0,245.0,6.19
linseed,rabi,82.0,10.0,29.0,245.0,4.76
mesta,kharif,4425.0,565.0,16.0,245.0,45.6
rapeseed andmustard,rabi,7261.0,927.0,33.0,245.0,6.63
sesamum,rabi,1635.0,208.0,32.0,245.0,5.36
small millets,rabi,2625.0,335.0,20.0,245.0,8.45
soyabean,kharif,1052.0,134.0,30.0,245.0,9.8
sugarcane,whole year,87.0,11.0,23.0,245.0,27.47
sweet potato,rabi,4947.0,631.0,25.0,245.0,33.16
tapioca,kharif,3993.0,509.0,35.0,245.0,52.27
tobacco,rabi,709.0,90.0,19.0,245.0,6.6
wheat,rabi,656.0,83.0,22.0,245.0,18.03
arecanut,whole year,255.0,32.0,19.0,84.0,6.9
arhar/tur,rabi,5606.0,715.0,39.0,84.0,5.66
ginger,whole year,2439.0,311.0,18.0,84.0,42.23
linseed,rabi,2830.0,361.0,33.0,84.0,2.75
ragi,rabi,8220.0,1049.0,18.0,84.0,16.56
rapeseed andmustard,rabi,5387.0,687.0,17.0,84.0,5.16
small millets,rabi,360.0,45.0,24.0,84.0,6.25
arhar/tur,kharif,6676.0,852.0,38.0,177.0,7.14
castor seed,kharif,1303.0,166.0,35.0,177.0,4.24
cotton lint,kharif,1374.0,175.0,40.0,177.0,4.72
gram,rabi,1895.0,242.0,40.0,177.0,5.12
linseed,rabi,8169.0,1043.0,18.0,177.0,5.07
mesta,kharif,4860.0,620.0,27.0,177.0,50.76
moong green gram,rabi,7374.0,941.0,17.0,177.0,4.6
onion,whole year,6870.0,877.0,35.0,177.0,24.42
small millets,kharif,7473.0,954.0,35.0,177.0,5.14
sweet potato,whole year,8112.0,1035.0,18.0,177.0,35.06
tapioca,whole year,2671.0,341.0,35.0,177.0,47.18
tobacco,whole year,563.0,71.0,17.0,177.0,5.35
bajra,rabi,44.0,5.0,20.0,114.0,9.77
bajra,summer,1236.0,157.0,35.0,114.0,11.45
coriander,whole year,5998.0,766.0,32.0,114.0,1.48
garlic,whole year,6615.0,844.0,36.0,114.0,6.65
jowar,summer,4797.0,612.0,16.0,114.0,15.02
mesta,whole year,1998.0,255.0,38.0,114.0,13.35
moong green gram,rabi,9041.0,1154.0,22.0,114.0,3.02
ragi,summer,7007.0,894.0,24.0,114.0,21.0
rapeseed andmustard,kharif,3691.0,471.0,27.0,114.0,2.64
sannhamp,whole year,25.0,3.0,15.0,114.0,2.0
turmeric,whole year,7477.0,954.0,39.0,114.0,50.49
cotton lint,kharif,1300.0,166.0,22.0,342.0,13.0
groundnut,kharif,2813.0,359.0,18.0,342.0,7.4
jowar,kharif,1827.0,233.0,40.0,342.0,5.08
ragi,kharif,516.0,65.0,40.0,342.0,8.08
sesamum,kharif,732.0,93.0,38.0,342.0,4.02
tobacco,whole year,31.0,3.0,19.0,342.0,16.13
turmeric,whole year,3917.0,500.0,27.0,342.0,25.48
arecanut,whole year,5526.0,705.0,30.0,92.0,21.54
black pepper,whole year,3703.0,472.0,24.0,92.0,2.28
cardamom,whole year,4441.0,567.0,35.0,92.0,0.91
castor seed,whole year,5289.0,675.0,26.0,92.0,3.17
gram,whole year,5933.0,757.0,18.0,92.0,6.46
rapeseed andmustard,whole year,344.0,43.0,17.0,92.0,2.33
tobacco,whole year,5041.0,643.0,20.0,92.0,15.32
arhar/tur,rabi,2044.0,261.0,20.0,163.0,6.91
bajra,kharif,79.0,10.0,22.0,163.0,3.92
barley,rabi,2848.0,363.0,33.0,163.0,9.16
cardamom,whole year,2874.0,367.0,33.0,163.0,2.45
castor seed,rabi,58.0,7.0,34.0,163.0,8.45
cotton lint,kharif,5650.0,721.0,27.0,163.0,25.98
horse-gram,rabi,2414.0,308.0,33.0,163.0,4.72
jowar,kharif,1395.0,178.0,19.0,163.0,4.34
linseed,rabi,5046.0,644.0,20.0,163.0,2.4
moong green gram,kharif,874.0,111.0,22.0,163.0,3.72
moong green gram,rabi,1238.0,158.0,24.0,163.0,6.47
niger seed,kharif,4930.0,629.0,36.0,163.0,6.53
safflower,rabi,399.0,50.0,26.0,163.0,6.07
small millets,kharif,1604.0,204.0,39.0,163.0,7.04
small millets,rabi,1650.0,210.0,25.0,163.0,11.4
soyabean,kharif,531.0,67.0,38.0,163.0,5.97
urad,rabi,7434.0,949.0,29.0,163.0,7.55
arecanut,kharif,61.0,8.0,22.0,143.0,12.79
bajra,kharif,64.0,8.0,19.0,143.0,20.78
black pepper,kharif,12.0,1.0,24.0,143.0,5.83
cotton lint,summer,66.0,8.0,29.0,143.0,5.76
groundnut,kharif,29.0,3.0,16.0,143.0,18.28
groundnut,rabi,622.0,82.0,30.0,143.0,20.18
groundnut,summer,113.0,15.0,21.0,143.0,17.43
moong green gram,summer,2183.0,291.0,22.0,143.0,1.25
ragi,kharif,23.0,3.0,23.0,143.0,20.87
ragi,summer,45.0,6.0,25.0,143.0,25.11
rice,kharif,4379.0,584.0,16.0,143.0,29.41
rice,summer,4647.0,619.0,28.0,143.0,26.67
sesamum,kharif,14.0,1.0,35.0,143.0,7.86
sesamum,rabi,21.0,2.0,15.0,143.0,8.1
sesamum,summer,97.0,12.0,23.0,143.0,11.34
urad,kharif,57.0,7.0,17.0,143.0,6.84
urad,rabi,196.0,26.0,26.0,143.0,6.48
urad,summer,2006.0,267.0,23.0,143.0,0.67
arhar/tur,kharif,5893.0,786.0,18.0,215.0,7.18
black pepper,whole year,2823.0,376.0,35.0,215.0,14.92
castor seed,kharif,1193.0,159.0,30.0,215.0,4.27
cotton lint,kharif,1359.0,181.0,29.0,215.0,4.67
gram,rabi,1871.0,249.0,27.0,215.0,5.05
linseed,rabi,7632.0,1018.0,27.0,215.0,5.09
mesta,kharif,5253.0,700.0,38.0,215.0,51.2
moong green gram,rabi,7719.0,1029.0,26.0,215.0,4.6
niger seed,kharif,8627.0,1150.0,30.0,215.0,5.12
onion,whole year,6697.0,893.0,39.0,215.0,24.37
small millets,kharif,6919.0,922.0,32.0,215.0,5.09
sweet potato,whole year,6918.0,922.0,31.0,215.0,35.13
tapioca,whole year,2609.0,348.0,35.0,215.0,46.79
tobacco,whole year,501.0,66.0,26.0,215.0,5.29
bajra,rabi,439.0,58.0,32.0,132.0,11.53
bajra,summer,1584.0,211.0,35.0,132.0,9.97
coriander,whole year,6423.0,856.0,15.0,132.0,3.49
dry chillies,rabi,4273.0,570.0,20.0,132.0,17.45
dry chillies,summer,6059.0,808.0,25.0,132.0,33.85
garlic,whole year,6135.0,818.0,16.0,132.0,10.33
jowar,summer,6054.0,807.0,21.0,132.0,19.61
mesta,whole year,1861.0,248.0,22.0,132.0,12.83
ragi,summer,8132.0,1084.0,32.0,132.0,20.78
rapeseed andmustard,kharif,3957.0,527.0,38.0,132.0,3.63
sannhamp,whole year,400.0,53.0,30.0,132.0,2.48
cotton lint,kharif,1295.0,172.0,39.0,348.0,12.97
ginger,whole year,8865.0,1182.0,37.0,348.0,35.79
groundnut,kharif,2911.0,388.0,17.0,348.0,7.4
jowar,kharif,3083.0,411.0,18.0,348.0,5.1
ragi,kharif,266.0,35.0,25.0,348.0,8.12
sesamum,kharif,533.0,71.0,21.0,348.0,3.21
tobacco,whole year,43.0,5.0,16.0,348.0,16.05
turmeric,whole year,3155.0,420.0,35.0,348.0,23.56
arecanut,whole year,5553.0,740.0,21.0,106.0,21.14
black pepper,whole year,3130.0,417.0,20.0,106.0,2.3
cardamom,whole year,4404.0,587.0,28.0,106.0,0.91
castor seed,whole year,5184.0,691.0,34.0,106.0,3.13
gram,whole year,6800.0,907.0,19.0,106.0,6.75
rapeseed andmustard,whole year,275.0,36.0,24.0,106.0,2.44
tobacco,whole year,5903.0,787.0,31.0,106.0,15.34
arhar/tur,rabi,1097.0,146.0,17.0,200.0,8.1
bajra,kharif,64.0,8.0,35.0,200.0,3.59
barley,rabi,2058.0,274.0,17.0,200.0,13.16
cotton lint,kharif,8230.0,1097.0,21.0,200.0,16.04
groundnut,kharif,3257.0,434.0,28.0,200.0,9.3
horse-gram,rabi,2213.0,295.0,39.0,200.0,5.0
jowar,kharif,1659.0,221.0,17.0,200.0,4.21
linseed,rabi,5917.0,789.0,29.0,200.0,2.75
moong green gram,kharif,536.0,71.0,40.0,200.0,5.35
moong green gram,rabi,1677.0,223.0,36.0,200.0,6.5
niger seed,kharif,4883.0,651.0,38.0,200.0,6.53
safflower,rabi,865.0,115.0,23.0,200.0,10.38
sesamum,autumn,1093.0,145.0,16.0,200.0,6.33
sesamum,winter,1068.0,142.0,26.0,200.0,6.09
small millets,kharif,1487.0,198.0,35.0,200.0,7.52
small millets,rabi,1650.0,220.0,36.0,200.0,11.4
soyabean,kharif,536.0,71.0,35.0,200.0,6.01
urad,rabi,6901.0,920.0,31.0,200.0,7.72
arecanut,kharif,61.0,8.0,24.0,143.0,12.95
bajra,kharif,34.0,4.0,25.0,143.0,17.06
bajra,summer,21.0,3.0,33.0,143.0,20.0
black pepper,kharif,12.0,1.0,38.0,143.0,6.67
cashewnut,kharif,174.0,24.0,34.0,143.0,9.94
cotton lint,summer,48.0,6.0,40.0,143.0,8.12
groundnut,kharif,87.0,12.0,39.0,143.0,19.54
groundnut,rabi,572.0,81.0,34.0,143.0,22.31
groundnut,summer,55.0,7.0,26.0,143.0,21.64
moong green gram,summer,1220.0,174.0,27.0,143.0,1.91
ragi,kharif,21.0,3.0,26.0,143.0,24.76
ragi,summer,14.0,2.0,21.0,143.0,30.0
rice,kharif,4493.0,642.0,22.0,143.0,27.35
rice,summer,4981.0,712.0,31.0,143.0,28.63
sesamum,kharif,11.0,1.0,39.0,143.0,6.36
sesamum,rabi,25.0,3.0,34.0,143.0,8.0
sesamum,summer,144.0,20.0,28.0,143.0,10.62
urad,kharif,21.0,3.0,32.0,143.0,7.62
urad,rabi,124.0,17.0,16.0,143.0,6.37
urad,summer,1214.0,173.0,23.0,143.0,2.19
arecanut,whole year,359.0,51.0,39.0,94.0,7.38
arhar/tur,rabi,3466.0,495.0,32.0,94.0,5.6
ginger,whole year,2194.0,313.0,25.0,94.0,53.25
horse-gram,kharif,4963.0,709.0,35.0,94.0,4.88
linseed,rabi,927.0,132.0,24.0,94.0,3.74
ragi,rabi,5238.0,749.0,23.0,94.0,17.08
rapeseed andmustard,rabi,5885.0,841.0,30.0,94.0,6.4
small millets,rabi,232.0,33.0,17.0,94.0,7.63
arhar/tur,kharif,5368.0,767.0,16.0,210.0,7.1
black pepper,whole year,3393.0,485.0,19.0,210.0,15.16
castor seed,kharif,1225.0,175.0,36.0,210.0,4.22
cotton lint,kharif,1340.0,191.0,19.0,210.0,4.71
gram,rabi,1719.0,245.0,34.0,210.0,5.16
linseed,rabi,7384.0,1056.0,29.0,210.0,5.14
mesta,kharif,5285.0,755.0,24.0,210.0,50.72
moong green gram,rabi,5634.0,805.0,32.0,210.0,4.59
niger seed,kharif,7493.0,1071.0,17.0,210.0,5.1
onion,whole year,6963.0,995.0,25.0,210.0,24.15
small millets,kharif,5440.0,778.0,39.0,210.0,5.11
sweet potato,whole year,6338.0,906.0,26.0,210.0,35.25
tapioca,whole year,3045.0,435.0,23.0,210.0,47.28
tobacco,whole year,493.0,70.0,22.0,210.0,5.4
bajra,rabi,354.0,50.0,22.0,116.0,9.35
bajra,summer,1084.0,155.0,32.0,116.0,11.52
coriander,whole year,7415.0,1060.0,37.0,116.0,5.4
dry chillies,rabi,5903.0,844.0,24.0,116.0,16.94
dry chillies,summer,7225.0,1033.0,19.0,116.0,32.8
garlic,whole year,5625.0,804.0,31.0,116.0,22.01
jowar,summer,4882.0,698.0,21.0,116.0,22.76
mesta,whole year,1146.0,163.0,37.0,116.0,14.11
moong green gram,rabi,8293.0,1186.0,18.0,116.0,2.56
rapeseed andmustard,rabi,4573.0,654.0,17.0,116.0,4.01
sannhamp,whole year,266.0,38.0,38.0,116.0,2.48
cotton lint,kharif,1152.0,164.0,21.0,252.0,13.0
ginger,whole year,7421.0,1061.0,15.0,252.0,41.52
groundnut,kharif,1733.0,247.0,38.0,252.0,7.4
jowar,kharif,2306.0,329.0,22.0,252.0,5.1
ragi,kharif,608.0,86.0,15.0,252.0,8.09
sesamum,kharif,576.0,82.0,23.0,252.0,5.35
tobacco,whole year,39.0,5.0,36.0,252.0,16.15
turmeric,whole year,2782.0,397.0,17.0,252.0,22.88
arhar/tur,kharif,794.0,113.0,17.0,311.0,7.9
black pepper,rabi,884.0,126.0,17.0,311.0,5.23
castor seed,kharif,29.0,4.0,29.0,311.0,5.86
cotton lint,kharif,7106.0,1016.0,28.0,311.0,7.9
dry chillies,whole year,1875.0,268.0,40.0,311.0,7.59
gram,rabi,530.0,75.0,22.0,311.0,6.23
linseed,rabi,90.0,12.0,16.0,311.0,4.78
mesta,kharif,4176.0,597.0,22.0,311.0,45.61
rapeseed andmustard,rabi,7197.0,1029.0,39.0,311.0,6.82
sesamum,kharif,1623.0,232.0,23.0,311.0,5.49
small millets,kharif,2442.0,349.0,29.0,311.0,8.4
soyabean,kharif,1055.0,150.0,19.0,311.0,11.02
sugarcane,whole year,92.0,13.0,25.0,311.0,27.17
sweet potato,whole year,4895.0,700.0,25.0,311.0,32.5
tapioca,whole year,4187.0,598.0,18.0,311.0,52.0
tobacco,whole year,664.0,94.0,38.0,311.0,6.57
turmeric,whole year,1959.0,280.0,26.0,311.0,51.28
wheat,rabi,416.0,59.0,35.0,311.0,17.76
arecanut,whole year,5612.0,802.0,36.0,120.0,19.71
black pepper,whole year,3122.0,446.0,31.0,120.0,2.29
cardamom,whole year,4051.0,579.0,33.0,120.0,0.91
castor seed,whole year,5523.0,790.0,19.0,120.0,3.08
gram,whole year,6852.0,980.0,31.0,120.0,6.36
rapeseed andmustard,whole year,257.0,36.0,24.0,120.0,2.45
tobacco,whole year,5379.0,769.0,39.0,120.0,15.27
arhar/tur,rabi,629.0,89.0,32.0,156.0,8.43
bajra,kharif,75.0,10.0,20.0,156.0,3.47
barley,rabi,2768.0,395.0,17.0,156.0,15.18
cardamom,whole year,245.0,35.0,17.0,156.0,28.73
castor seed,kharif,60.0,8.0,32.0,156.0,6.17
cotton lint,kharif,2780.0,397.0,37.0,156.0,21.67
groundnut,kharif,2413.0,345.0,33.0,156.0,9.38
horse-gram,rabi,1897.0,271.0,38.0,156.0,4.96
jowar,kharif,1126.0,161.0,39.0,156.0,4.17
linseed,rabi,4565.0,652.0,17.0,156.0,2.48
moong green gram,kharif,1079.0,154.0,20.0,156.0,9.17
moong green gram,rabi,1570.0,224.0,34.0,156.0,6.47
niger seed,kharif,5000.0,715.0,27.0,156.0,6.59
ragi,rabi,972.0,139.0,30.0,156.0,8.25
safflower,rabi,350.0,50.0,28.0,156.0,7.71
sesamum,autumn,1143.0,163.0,36.0,156.0,6.74
sesamum,winter,1245.0,178.0,25.0,156.0,5.99
small millets,kharif,1068.0,152.0,25.0,156.0,6.88
small millets,rabi,1500.0,214.0,19.0,156.0,11.67
soyabean,kharif,537.0,76.0,31.0,156.0,6.0
urad,rabi,6765.0,967.0,17.0,156.0,7.6
arecanut,kharif,61.0,9.0,21.0,143.0,12.62
bajra,kharif,29.0,4.0,32.0,143.0,16.9
bajra,summer,31.0,4.0,39.0,143.0,20.0
black pepper,kharif,12.0,1.0,26.0,143.0,6.67
cashewnut,kharif,171.0,26.0,34.0,143.0,8.54
cotton lint,summer,10.0,1.0,32.0,143.0,8.0
groundnut,kharif,25.0,3.0,23.0,143.0,18.8
groundnut,rabi,374.0,58.0,35.0,143.0,21.28
groundnut,summer,39.0,6.0,29.0,143.0,20.0
moong green gram,summer,1060.0,165.0,22.0,143.0,0.87
ragi,kharif,12.0,1.0,25.0,143.0,24.17
ragi,summer,17.0,2.0,31.0,143.0,30.0
rice,kharif,4650.0,724.0,26.0,143.0,29.03
rice,summer,5098.0,794.0,33.0,143.0,26.38
sesamum,rabi,18.0,2.0,37.0,143.0,7.22
sesamum,summer,224.0,34.0,40.0,143.0,9.42
urad,kharif,31.0,4.0,18.0,143.0,3.23
urad,rabi,93.0,14.0,21.0,143.0,6.24
urad,summer,874.0,136.0,21.0,143.0,1.16
arecanut,whole year,386.0,60.0,28.0,71.0,5.13
garlic,whole year,530.0,82.0,35.0,71.0,29.53
linseed,rabi,673.0,104.0,36.0,71.0,1.49
niger seed,kharif,7663.0,1194.0,27.0,71.0,3.43
ragi,rabi,6322.0,985.0,16.0,71.0,18.59
rapeseed andmustard,rabi,4309.0,671.0,23.0,71.0,5.98
small millets,rabi,1114.0,173.0,35.0,71.0,9.01
arhar/tur,kharif,6191.0,964.0,34.0,172.0,7.12
black pepper,whole year,2967.0,462.0,32.0,172.0,14.82
castor seed,kharif,1157.0,180.0,26.0,172.0,4.25
cotton lint,kharif,1646.0,256.0,25.0,172.0,4.75
gram,rabi,1725.0,268.0,29.0,172.0,5.14
linseed,rabi,7003.0,1091.0,22.0,172.0,5.11
mesta,kharif,5000.0,779.0,19.0,172.0,50.87
moong green gram,rabi,7519.0,1171.0,25.0,172.0,4.57
niger seed,kharif,7645.0,1191.0,25.0,172.0,5.13
onion,whole year,6785.0,1057.0,24.0,172.0,23.29
small millets,kharif,6260.0,975.0,22.0,172.0,5.19
sweet potato,whole year,6806.0,1060.0,36.0,172.0,35.22
tapioca,whole year,3205.0,499.0,18.0,172.0,47.69
tobacco,whole year,591.0,92.0,19.0,172.0,5.41
bajra,rabi,124.0,19.0,30.0,132.0,11.13
bajra,summer,754.0,117.0,30.0,132.0,9.38
coriander,whole year,6580.0,1025.0,40.0,132.0,4.9
dry chillies,rabi,6354.0,990.0,24.0,132.0,29.81
dry chillies,summer,6605.0,1029.0,25.0,132.0,46.05
garlic,whole year,4698.0,732.0,21.0,132.0,14.05
jowar,summer,5973.0,930.0,25.0,132.0,14.77
mesta,whole year,1300.0,202.0,37.0,132.0,14.5
ragi,summer,7984.0,1244.0,38.0,132.0,18.75
rapeseed andmustard,rabi,5116.0,797.0,39.0,132.0,2.92
sannhamp,whole year,282.0,43.0,22.0,132.0,2.48
cotton lint,kharif,1018.0,158.0,22.0,282.0,13.01
ginger,whole year,5408.0,842.0,37.0,282.0,52.89
groundnut,kharif,1340.0,208.0,36.0,282.0,7.4
jowar,kharif,2547.0,396.0,29.0,282.0,5.12
ragi,kharif,293.0,45.0,32.0,282.0,8.05
sesamum,kharif,608.0,94.0,23.0,282.0,3.39
tobacco,whole year,29.0,4.0,20.0,282.0,11.72
turmeric,whole year,2438.0,379.0,23.0,282.0,24.88
arhar/tur,kharif,781.0,121.0,22.0,299.0,7.84
black pepper,whole year,890.0,138.0,35.0,299.0,5.18
castor seed,kharif,29.0,4.0,29.0,299.0,5.17
cotton lint,kharif,6891.0,1073.0,17.0,299.0,7.97
gram,rabi,561.0,87.0,27.0,299.0,6.26
linseed,rabi,77.0,11.0,28.0,299.0,4.68
masoor,rabi,332.0,51.0,21.0,299.0,8.25
mesta,kharif,4154.0,647.0,27.0,299.0,44.27
peas and beans  pulses,rabi,1012.0,157.0,25.0,299.0,13.68
rapeseed andmustard,rabi,7160.0,1115.0,24.0,299.0,6.8
sesamum,kharif,1590.0,247.0,21.0,299.0,5.36
small millets,kharif,2362.0,368.0,25.0,299.0,8.0
sugarcane,whole year,76.0,11.0,31.0,299.0,27.11
sweet potato,kharif,4398.0,685.0,21.0,299.0,31.95
tapioca,kharif,4210.0,656.0,20.0,299.0,50.24
tobacco,rabi,635.0,98.0,16.0,299.0,6.72
wheat,rabi,405.0,63.0,26.0,299.0,17.73
arecanut,whole year,5456.0,850.0,29.0,92.0,19.13
black pepper,whole year,2790.0,434.0,32.0,92.0,2.3
cardamom,whole year,3650.0,568.0,37.0,92.0,0.9
castor seed,whole year,4896.0,762.0,16.0,92.0,3.11
gram,whole year,7432.0,1158.0,18.0,92.0,6.11
rapeseed andmustard,whole year,262.0,40.0,24.0,92.0,2.37
tobacco,whole year,7051.0,1098.0,34.0,92.0,15.23
arecanut,kharif,60.0,9.0,19.0,143.0,13.0
bajra,kharif,29.0,4.0,34.0,143.0,23.45
black pepper,kharif,11.0,1.0,18.0,143.0,5.45
cashewnut,kharif,173.0,28.0,17.0,143.0,7.57
groundnut,kharif,25.0,4.0,18.0,143.0,19.2
groundnut,rabi,312.0,51.0,21.0,143.0,19.9
groundnut,summer,79.0,13.0,40.0,143.0,18.61
moong green gram,rabi,15.0,2.0,17.0,143.0,6.0
moong green gram,summer,1477.0,245.0,28.0,143.0,4.68
ragi,kharif,14.0,2.0,39.0,143.0,20.71
ragi,summer,8.0,1.0,21.0,143.0,25.0
rice,kharif,4384.0,728.0,15.0,143.0,28.75
rice,summer,4710.0,782.0,29.0,143.0,27.12
sesamum,rabi,15.0,2.0,32.0,143.0,8.0
sesamum,summer,111.0,18.0,24.0,143.0,8.02
urad,kharif,22.0,3.0,21.0,143.0,7.73
urad,rabi,189.0,31.0,36.0,143.0,10.9
urad,summer,916.0,152.0,33.0,143.0,4.08
arhar/tur,kharif,7137.0,1185.0,19.0,257.0,7.14
black pepper,whole year,3041.0,505.0,25.0,257.0,15.09
castor seed,kharif,978.0,162.0,31.0,257.0,4.28
cotton lint,kharif,1398.0,232.0,32.0,257.0,4.65
gram,rabi,1802.0,299.0,38.0,257.0,5.08
linseed,rabi,7125.0,1183.0,40.0,257.0,5.35
mesta,kharif,4970.0,825.0,15.0,257.0,52.21
onion,whole year,6906.0,1147.0,28.0,257.0,22.31
small millets,kharif,5186.0,861.0,31.0,257.0,5.01
sweet potato,whole year,6186.0,1027.0,27.0,257.0,34.56
tapioca,whole year,4179.0,694.0,25.0,257.0,47.67
tobacco,whole year,490.0,81.0,39.0,257.0,5.1
arecanut,whole year,438.0,72.0,37.0,129.0,4.45
garlic,whole year,464.0,77.0,31.0,129.0,21.08
horse-gram,kharif,6234.0,1035.0,15.0,129.0,4.79
linseed,rabi,1129.0,187.0,27.0,129.0,2.29
ragi,rabi,5244.0,871.0,17.0,129.0,14.73
rapeseed andmustard,rabi,6922.0,1149.0,23.0,129.0,24.24
small millets,rabi,1263.0,209.0,32.0,129.0,9.99
bajra,rabi,160.0,26.0,16.0,131.0,8.5
bajra,summer,1090.0,181.0,22.0,131.0,8.76
coriander,whole year,4348.0,722.0,36.0,131.0,3.73
dry chillies,rabi,6608.0,1097.0,33.0,131.0,27.17
dry chillies,summer,7482.0,1242.0,30.0,131.0,30.42
garlic,whole year,4234.0,703.0,23.0,131.0,12.91
jowar,summer,5446.0,904.0,24.0,131.0,20.94
mesta,whole year,1907.0,316.0,20.0,131.0,12.61
rapeseed andmustard,rabi,3838.0,637.0,38.0,131.0,3.35
sannhamp,whole year,341.0,56.0,37.0,131.0,2.49
sesamum,kharif,518.81,86.0,39.0,313.0,4.39
turmeric,whole year,2390.78,397.0,36.0,313.0,25.92
arhar/tur,kharif,779.0,129.0,27.0,311.0,7.84
black pepper,whole year,889.0,147.0,22.0,311.0,5.23
castor seed,kharif,25.0,4.0,37.0,311.0,4.8
cotton lint,kharif,6816.0,1132.0,34.0,311.0,8.17
dry chillies,whole year,1848.0,306.0,24.0,311.0,7.66
gram,rabi,554.0,92.0,15.0,311.0,6.21
linseed,rabi,82.0,13.0,18.0,311.0,4.76
masoor,rabi,339.0,56.0,18.0,311.0,8.26
mesta,kharif,4122.0,684.0,19.0,311.0,44.23
peas and beans  pulses,rabi,1035.0,171.0,31.0,311.0,13.72
rapeseed andmustard,rabi,7152.0,1188.0,16.0,311.0,6.79
sesamum,kharif,1584.0,263.0,21.0,311.0,5.38
small millets,rabi,2231.0,370.0,37.0,311.0,7.6
soyabean,kharif,1078.0,179.0,39.0,311.0,11.0
sugarcane,whole year,68.0,11.0,18.0,311.0,26.47
sweet potato,kharif,4133.0,686.0,19.0,311.0,32.04
tapioca,kharif,4180.0,694.0,36.0,311.0,52.14
tobacco,rabi,631.0,104.0,17.0,311.0,6.66
turmeric,whole year,1928.0,320.0,17.0,311.0,52.17
wheat,rabi,393.0,65.0,17.0,311.0,17.91
arecanut,kharif,60.0,10.0,21.0,143.0,12.83
bajra,kharif,11.0,1.0,27.0,143.0,26.36
bajra,summer,20.0,3.0,22.0,143.0,25.5
black pepper,kharif,11.0,1.0,21.0,143.0,4.55
cashewnut,kharif,159.0,26.0,22.0,143.0,3.14
cotton lint,summer,8.0,1.0,18.0,143.0,10.0
groundnut,kharif,16.0,2.0,22.0,143.0,18.75
groundnut,rabi,282.0,47.0,21.0,143.0,13.79
groundnut,summer,21.0,3.0,30.0,143.0,18.1
moong green gram,summer,1310.0,219.0,32.0,143.0,3.67
ragi,kharif,12.0,2.0,36.0,143.0,27.5
ragi,summer,10.0,1.0,15.0,143.0,25.0
rice,kharif,4237.0,709.0,30.0,143.0,30.2
rice,summer,2015.0,337.0,18.0,143.0,28.94
sesamum,rabi,6.0,1.0,27.0,143.0,6.67
sesamum,summer,113.0,18.0,34.0,143.0,8.14
urad,kharif,15.0,2.0,29.0,143.0,8.0
urad,rabi,224.0,37.0,20.0,143.0,10.8
urad,summer,832.0,139.0,26.0,143.0,3.81
arhar/tur,kharif,5697.0,954.0,36.0,174.0,7.84
black pepper,whole year,3647.0,610.0,23.0,174.0,14.25
castor seed,kharif,1024.0,171.0,30.0,174.0,5.25
cotton lint,kharif,1230.0,206.0,35.0,174.0,4.72
gram,rabi,1823.0,305.0,38.0,174.0,5.24
linseed,rabi,7037.0,1178.0,17.0,174.0,5.66
onion,whole year,7372.0,1234.0,25.0,174.0,30.65
small millets,kharif,3991.0,668.0,27.0,174.0,5.11
sweet potato,whole year,6558.0,1098.0,27.0,174.0,39.29
tobacco,whole year,341.0,57.0,22.0,174.0,5.45
arecanut,whole year,562.0,94.0,31.0,86.0,4.89
arhar/tur,rabi,2841.0,475.0,21.0,86.0,4.96
cowpea lobia,kharif,4718.0,790.0,17.0,86.0,2.37
garlic,whole year,429.0,71.0,29.0,86.0,21.68
horse-gram,kharif,5878.0,984.0,18.0,86.0,4.59
linseed,rabi,744.0,124.0,25.0,86.0,2.12
niger seed,kharif,6880.0,1152.0,39.0,86.0,3.72
ragi,rabi,5379.0,901.0,23.0,86.0,17.67
rapeseed andmustard,rabi,6617.0,1108.0,16.0,86.0,24.46
small millets,rabi,1841.0,308.0,20.0,86.0,8.25
bajra,rabi,1350.0,226.0,26.0,117.0,9.07
bajra,summer,3193.0,534.0,38.0,117.0,10.42
coriander,whole year,3042.0,509.0,39.0,117.0,4.06
dry chillies,rabi,6537.0,1095.0,40.0,117.0,23.58
dry chillies,summer,5662.0,948.0,39.0,117.0,35.02
garlic,whole year,5100.0,854.0,36.0,117.0,12.48
mesta,whole year,825.0,138.0,32.0,117.0,12.46
rapeseed andmustard,rabi,4209.0,705.0,37.0,117.0,2.86
sannhamp,whole year,42.0,7.0,18.0,117.0,2.38
sesamum,kharif,196.56,32.0,17.0,303.0,3.87
tobacco,whole year,43.0,7.0,23.0,303.0,16.05
turmeric,whole year,2970.45,497.0,33.0,303.0,26.75
arhar/tur,kharif,788.0,132.0,25.0,408.0,11.69
black pepper,whole year,911.0,152.0,32.0,408.0,5.41
castor seed,kharif,30.0,5.0,35.0,408.0,5.33
cotton lint,kharif,6871.0,1151.0,39.0,408.0,9.3
dry chillies,whole year,1893.0,317.0,37.0,408.0,7.79
gram,rabi,561.0,93.0,39.0,408.0,6.27
linseed,rabi,85.0,14.0,28.0,408.0,4.82
masoor,rabi,356.0,59.0,25.0,408.0,8.31
mesta,kharif,4125.0,691.0,22.0,408.0,44.69
peas and beans  pulses,rabi,1053.0,176.0,22.0,408.0,14.13
rapeseed andmustard,rabi,7193.0,1204.0,35.0,408.0,6.81
sesamum,kharif,1592.0,266.0,27.0,408.0,5.45
small millets,rabi,2290.0,383.0,33.0,408.0,7.66
soyabean,kharif,1098.0,183.0,20.0,408.0,11.21
sugarcane,whole year,74.0,12.0,17.0,408.0,26.89
sweet potato,kharif,4164.0,697.0,16.0,408.0,32.9
tapioca,kharif,4203.0,704.0,36.0,408.0,52.45
tobacco,rabi,641.0,107.0,20.0,408.0,6.77
turmeric,whole year,2000.0,335.0,35.0,408.0,52.56
wheat,rabi,395.0,66.0,22.0,408.0,17.97
arecanut,whole year,6509.0,1090.0,30.0,92.0,24.5
black pepper,whole year,3767.0,631.0,20.0,92.0,2.27
cardamom,whole year,4321.0,723.0,35.0,92.0,0.91
castor seed,whole year,6202.0,1038.0,16.0,92.0,3.0
rapeseed andmustard,rabi,344.0,57.0,34.0,92.0,2.44
tobacco,whole year,2868.0,480.0,35.0,92.0,28.61
arecanut,kharif,581.0,87.0,16.0,96.0,6.28
bajra,rabi,7000.0,1055.0,17.0,96.0,15.71
coriander,kharif,1109.0,167.0,23.0,96.0,6.47
coriander,rabi,7528.0,1135.0,34.0,96.0,6.02
cowpea lobia,kharif,5000.0,754.0,19.0,96.0,4.0
ginger,kharif,702.0,105.0,30.0,96.0,36.85
horse-gram,kharif,5000.0,754.0,37.0,96.0,6.0
linseed,kharif,422.0,63.0,35.0,96.0,4.81
ragi,rabi,5000.0,754.0,39.0,96.0,12.0
rapeseed andmustard,rabi,3522.0,531.0,37.0,96.0,4.34
safflower,rabi,276.0,41.0,24.0,96.0,6.23
small millets,rabi,2000.0,301.0,28.0,96.0,5.0
soyabean,kharif,1317.0,198.0,31.0,96.0,18.17
soyabean,rabi,81.0,12.0,30.0,96.0,18.15
tobacco,rabi,56.0,8.0,33.0,96.0,51.07
wheat,rabi,8000.0,1206.0,28.0,96.0,11.25
arhar/tur,kharif,5958.0,898.0,38.0,216.0,8.29
black pepper,whole year,3531.0,532.0,26.0,216.0,15.69
castor seed,kharif,902.0,136.0,21.0,216.0,5.45
cotton lint,kharif,1802.0,271.0,18.0,216.0,4.79
gram,rabi,1742.0,262.0,39.0,216.0,5.55
linseed,rabi,6466.0,975.0,21.0,216.0,5.92
niger seed,kharif,7669.0,1156.0,16.0,216.0,5.29
onion,whole year,7099.0,1070.0,15.0,216.0,36.47
small millets,kharif,4429.0,667.0,15.0,216.0,4.97
sweet potato,whole year,6277.0,946.0,36.0,216.0,41.35
tobacco,whole year,278.0,41.0,37.0,216.0,5.32
coriander,whole year,4219.0,636.0,39.0,95.0,3.95
cotton lint,summer,1810.0,272.0,17.0,95.0,27.72
cowpea lobia,rabi,7192.0,1084.0,22.0,95.0,3.33
cowpea lobia,summer,6937.0,1046.0,24.0,95.0,3.6
dry chillies,rabi,5430.0,818.0,39.0,95.0,27.32
dry chillies,summer,5057.0,762.0,36.0,95.0,28.27
garlic,whole year,4238.0,639.0,20.0,95.0,13.05
linseed,rabi,6882.0,1037.0,39.0,95.0,1.75
mesta,whole year,713.0,107.0,36.0,95.0,12.22
moong green gram,rabi,4868.0,734.0,35.0,95.0,2.34
ragi,summer,5239.0,790.0,18.0,95.0,14.98
rapeseed andmustard,kharif,2201.0,331.0,39.0,95.0,2.95
sannhamp,whole year,258.0,38.0,37.0,95.0,2.48
urad,rabi,5376.0,810.0,33.0,95.0,5.19
arhar/tur,whole year,1186.0,178.0,31.0,218.0,15.95
ginger,whole year,4505.0,679.0,18.0,218.0,48.98
groundnut,whole year,784.0,118.0,15.0,218.0,12.45
jowar,whole year,148.0,22.0,29.0,218.0,7.84
maize,whole year,180.0,27.0,27.0,218.0,0.83
ragi,whole year,113.0,17.0,38.0,218.0,10.88
sesamum,whole year,260.0,39.0,22.0,218.0,3.77
sesamum,winter,260.0,39.0,18.0,218.0,3.77
small millets,whole year,62.0,9.0,25.0,218.0,9.84
soyabean,whole year,7.0,1.0,32.0,218.0,14.29
tobacco,whole year,13.0,1.0,34.0,218.0,17.69
turmeric,whole year,2628.0,396.0,33.0,218.0,26.27
arhar/tur,kharif,1136.0,171.0,27.0,294.0,12.24
black pepper,whole year,950.0,143.0,39.0,294.0,7.0
castor seed,kharif,60.0,9.0,25.0,294.0,7.5
cotton lint,kharif,7250.0,1093.0,17.0,294.0,11.53
dry chillies,whole year,2033.0,306.0,25.0,294.0,8.16
gram,rabi,1800.0,271.0,29.0,294.0,9.75
linseed,rabi,88.0,13.0,37.0,294.0,5.23
peas and beans  pulses,rabi,2190.0,330.0,20.0,294.0,18.56
sesamum,kharif,2200.0,331.0,22.0,294.0,8.45
small millets,rabi,2805.0,422.0,38.0,294.0,8.66
soyabean,kharif,1589.0,239.0,34.0,294.0,18.33
sugarcane,whole year,95.0,14.0,28.0,294.0,29.47
sweet potato,kharif,4438.0,669.0,24.0,294.0,33.94
tobacco,rabi,775.0,116.0,18.0,294.0,9.25
wheat,rabi,406.0,61.0,38.0,294.0,18.28
arecanut,kharif,476.0,68.0,23.0,106.0,5.36
arhar/tur,rabi,1298.0,187.0,35.0,106.0,7.73
bajra,rabi,2297.0,331.0,18.0,106.0,18.53
castor seed,rabi,1291.0,186.0,27.0,106.0,7.41
coriander,kharif,517.0,74.0,28.0,106.0,6.44
coriander,rabi,7934.0,1146.0,27.0,106.0,5.9
cotton lint,rabi,5155.0,744.0,26.0,106.0,23.82
cowpea lobia,kharif,3720.0,537.0,15.0,106.0,4.35
cowpea lobia,rabi,8403.0,1214.0,17.0,106.0,8.62
ginger,kharif,358.0,51.0,39.0,106.0,38.24
linseed,kharif,473.0,68.0,20.0,106.0,4.82
niger seed,kharif,21.0,3.0,22.0,106.0,5.24
ragi,rabi,4538.0,655.0,26.0,106.0,15.55
rapeseed andmustard,rabi,3295.0,476.0,35.0,106.0,6.44
safflower,rabi,215.0,31.0,22.0,106.0,5.58
small millets,rabi,878.0,126.0,39.0,106.0,10.64
soyabean,kharif,3025.0,437.0,30.0,106.0,16.11
soyabean,rabi,80.0,11.0,30.0,106.0,16.12
wheat,rabi,348.0,50.0,33.0,106.0,7.16
arhar/tur,kharif,6130.0,885.0,35.0,179.0,9.2
black pepper,whole year,3520.0,508.0,34.0,179.0,17.28
castor seed,kharif,877.0,126.0,25.0,179.0,5.1
cotton lint,kharif,1140.0,164.0,23.0,179.0,4.71
gram,rabi,2053.0,296.0,28.0,179.0,6.98
linseed,rabi,5986.0,864.0,32.0,179.0,6.44
niger seed,kharif,7273.0,1050.0,33.0,179.0,6.18
onion,whole year,7436.0,1074.0,38.0,179.0,38.75
small millets,kharif,5444.0,786.0,36.0,179.0,6.13
sweet potato,whole year,6046.0,873.0,19.0,179.0,50.47
tobacco,whole year,259.0,37.0,38.0,179.0,5.37
arecanut,whole year,1740.0,251.0,32.0,364.0,16.64
black pepper,whole year,737.0,106.0,26.0,364.0,3.18
groundnut,kharif,394.0,56.0,29.0,364.0,24.14
groundnut,rabi,2197.0,317.0,18.0,364.0,25.67
ragi,kharif,18.0,2.0,40.0,364.0,7.78
coriander,whole year,2648.0,382.0,34.0,123.0,3.1
cotton lint,summer,2022.0,292.0,33.0,123.0,36.05
cowpea lobia,summer,8000.0,1155.0,17.0,123.0,3.93
dry chillies,rabi,6672.0,964.0,24.0,123.0,18.95
dry chillies,summer,6611.0,955.0,17.0,123.0,26.57
garlic,whole year,5191.0,750.0,22.0,123.0,10.54
groundnut,rabi,4041.0,583.0,22.0,123.0,18.48
jowar,summer,4461.0,644.0,36.0,123.0,16.27
linseed,rabi,5552.0,802.0,39.0,123.0,2.98
mesta,whole year,349.0,50.0,36.0,123.0,13.35
moong green gram,rabi,6145.0,887.0,31.0,123.0,2.52
ragi,summer,7312.0,1056.0,28.0,123.0,19.64
rapeseed andmustard,kharif,2700.0,390.0,35.0,123.0,2.85
sannhamp,whole year,341.0,49.0,32.0,123.0,2.49
urad,rabi,6843.0,988.0,24.0,123.0,5.72
arhar/tur,whole year,888.0,128.0,34.0,325.0,16.09
ginger,whole year,4538.0,655.0,29.0,325.0,47.42
groundnut,whole year,710.0,102.0,34.0,325.0,12.23
jowar,whole year,150.0,21.0,17.0,325.0,7.93
maize,whole year,51.0,7.0,23.0,325.0,13.92
ragi,whole year,82.0,11.0,28.0,325.0,10.37
sesamum,whole year,265.0,38.0,31.0,325.0,3.32
small millets,whole year,40.0,5.0,25.0,325.0,8.75
tobacco,whole year,9.0,1.0,37.0,325.0,18.89
turmeric,whole year,2430.0,351.0,32.0,325.0,25.73
arhar/tur,kharif,1141.0,164.0,31.0,244.0,12.49
black pepper,whole year,967.0,139.0,35.0,244.0,7.04
castor seed,kharif,63.0,9.0,28.0,244.0,7.94
cotton lint,kharif,7275.0,1051.0,39.0,244.0,11.82
cowpea lobia,rabi,1608.0,232.0,15.0,244.0,14.28
dry chillies,whole year,2193.0,316.0,16.0,244.0,8.48
gram,rabi,1805.0,260.0,38.0,244.0,10.1
linseed,rabi,89.0,12.0,27.0,244.0,5.39
masoor,rabi,1227.0,177.0,40.0,244.0,10.46
peas and beans  pulses,rabi,2207.0,318.0,34.0,244.0,18.82
sesamum,kharif,2208.0,319.0,15.0,244.0,9.05
small millets,rabi,2854.0,412.0,16.0,244.0,8.89
soyabean,kharif,1649.0,238.0,32.0,244.0,18.84
sugarcane,whole year,105.0,15.0,37.0,244.0,30.0
sweet potato,kharif,4480.0,647.0,32.0,244.0,34.92
tobacco,rabi,780.0,112.0,31.0,244.0,9.36
wheat,rabi,422.0,60.0,29.0,244.0,18.7
arecanut,whole year,6695.0,967.0,18.0,74.0,12.87
black pepper,whole year,3918.0,566.0,34.0,74.0,2.19
cardamom,whole year,4044.0,584.0,17.0,74.0,0.91
castor seed,kharif,6377.0,921.0,23.0,74.0,3.12
coriander,whole year,7527.0,1087.0,17.0,74.0,3.47
rapeseed andmustard,rabi,576.0,83.0,21.0,74.0,2.43
sunflower,kharif,2155.0,311.0,28.0,74.0,18.06
sunflower,rabi,5827.0,841.0,16.0,74.0,9.95
tobacco,whole year,3725.0,538.0,22.0,74.0,15.28
arecanut,kharif,483.0,72.0,40.0,68.0,7.0
arhar/tur,rabi,1564.0,236.0,34.0,68.0,7.83
bajra,rabi,3423.0,516.0,37.0,68.0,19.24
castor seed,rabi,1715.0,258.0,18.0,68.0,4.89
coriander,kharif,164.0,24.0,22.0,68.0,5.18
cotton lint,rabi,6222.0,939.0,33.0,68.0,25.58
cowpea lobia,kharif,4459.0,673.0,37.0,68.0,4.18
ginger,kharif,391.0,59.0,18.0,68.0,28.59
ginger,rabi,36.0,5.0,17.0,68.0,28.61
linseed,kharif,361.0,54.0,33.0,68.0,4.82
niger seed,rabi,7378.0,1113.0,26.0,68.0,3.22
ragi,rabi,4698.0,709.0,35.0,68.0,15.0
rapeseed andmustard,rabi,5711.0,862.0,26.0,68.0,5.61
safflower,kharif,85.0,12.0,38.0,68.0,4.35
safflower,rabi,681.0,102.0,31.0,68.0,3.1
small millets,rabi,1883.0,284.0,35.0,68.0,10.02
soyabean,kharif,730.0,110.0,22.0,68.0,22.86
soyabean,rabi,190.0,28.0,38.0,68.0,15.42
wheat,rabi,320.0,48.0,31.0,68.0,8.0
arhar/tur,kharif,6047.0,912.0,38.0,189.0,9.49
black pepper,whole year,3528.0,532.0,36.0,189.0,16.72
castor seed,kharif,941.0,142.0,21.0,189.0,5.91
cotton lint,kharif,912.0,137.0,15.0,189.0,4.69
gram,rabi,2094.0,316.0,34.0,189.0,9.34
linseed,rabi,5619.0,848.0,27.0,189.0,7.03
niger seed,kharif,7152.0,1079.0,30.0,189.0,6.19
small millets,kharif,5343.0,806.0,37.0,189.0,6.03
sweet potato,whole year,6213.0,937.0,30.0,189.0,52.89
tobacco,whole year,261.0,39.0,37.0,189.0,5.33
arecanut,whole year,1750.0,264.0,32.0,349.0,16.54
black pepper,whole year,764.0,115.0,32.0,349.0,3.19
groundnut,kharif,361.0,54.0,37.0,349.0,20.33
groundnut,rabi,1910.0,288.0,20.0,349.0,18.73
ragi,kharif,15.5,2.0,29.0,349.0,7.1
coriander,whole year,4339.0,655.0,32.0,123.0,3.39
cotton lint,summer,2183.0,329.0,25.0,123.0,18.94
cowpea lobia,summer,7241.0,1093.0,34.0,123.0,3.65
dry chillies,rabi,7842.0,1183.0,33.0,123.0,18.76
dry chillies,summer,5820.0,878.0,23.0,123.0,19.26
garlic,whole year,4725.0,713.0,26.0,123.0,10.99
groundnut,rabi,3720.0,561.0,38.0,123.0,19.96
jowar,summer,3534.0,533.0,28.0,123.0,21.13
linseed,rabi,5025.0,758.0,21.0,123.0,3.12
mesta,whole year,261.0,39.0,25.0,123.0,11.23
moong green gram,rabi,6230.0,940.0,16.0,123.0,3.29
onion,summer,5782.0,872.0,27.0,123.0,49.06
ragi,summer,7358.0,1110.0,22.0,123.0,17.82
rapeseed andmustard,kharif,2034.0,307.0,30.0,123.0,2.19
sannhamp,whole year,311.0,46.0,28.0,123.0,2.44
urad,rabi,7093.0,1070.0,34.0,123.0,4.55
arhar/tur,whole year,1476.0,222.0,26.0,304.0,12.89
ginger,whole year,4800.0,724.0,30.0,304.0,47.89
groundnut,whole year,480.0,72.0,28.0,304.0,14.42
jowar,whole year,173.0,26.0,26.0,304.0,7.4
maize,whole year,67.0,10.0,17.0,304.0,10.3
ragi,whole year,79.0,11.0,33.0,304.0,9.87
sesamum,whole year,262.0,39.0,22.0,304.0,3.36
small millets,whole year,27.0,4.0,32.0,304.0,7.78
tobacco,whole year,13.0,1.0,16.0,304.0,16.15
turmeric,whole year,2470.0,372.0,35.0,304.0,27.61
arhar/tur,kharif,1148.0,173.0,20.0,348.0,12.76
black pepper,whole year,980.0,147.0,21.0,348.0,7.19
castor seed,kharif,67.0,10.0,28.0,348.0,8.66
cotton lint,kharif,7305.0,1102.0,18.0,348.0,12.35
cowpea lobia,rabi,1622.0,244.0,38.0,348.0,14.62
dry chillies,whole year,2232.0,336.0,33.0,348.0,8.83
gram,rabi,1814.0,273.0,20.0,348.0,10.31
linseed,rabi,90.0,13.0,20.0,348.0,5.56
masoor,rabi,1234.0,186.0,28.0,348.0,10.68
peas and beans  pulses,rabi,2235.0,337.0,35.0,348.0,19.15
sesamum,kharif,2220.0,335.0,38.0,348.0,9.31
small millets,rabi,2878.0,434.0,18.0,348.0,9.2
soyabean,kharif,1712.0,258.0,30.0,348.0,19.46
sugarcane,whole year,111.0,16.0,28.0,348.0,30.45
sweet potato,kharif,4526.0,683.0,37.0,348.0,35.65
tobacco,rabi,779.0,117.0,23.0,348.0,9.74
wheat,rabi,442.0,66.0,31.0,348.0,19.1
arecanut,whole year,6732.0,1016.0,15.0,91.0,13.13
black pepper,whole year,3997.0,603.0,16.0,91.0,2.25
cardamom,whole year,3992.0,602.0,39.0,91.0,0.9
castor seed,kharif,5132.0,774.0,34.0,91.0,3.3
ginger,whole year,311.0,46.0,31.0,91.0,42.32
gram,rabi,6820.0,1029.0,29.0,91.0,6.12
rapeseed andmustard,rabi,302.0,45.0,40.0,91.0,2.38
small millets,rabi,660.0,99.0,26.0,91.0,20.98
sunflower,kharif,2782.0,419.0,39.0,91.0,15.15
sunflower,rabi,6122.0,924.0,30.0,91.0,13.6
tobacco,whole year,5478.0,826.0,27.0,91.0,15.21
arecanut,kharif,516.0,81.0,31.0,94.0,34.79
arhar/tur,rabi,4995.0,788.0,34.0,94.0,6.95
bajra,rabi,3421.0,540.0,26.0,94.0,17.93
castor seed,rabi,1785.0,281.0,22.0,94.0,6.87
coriander,kharif,36.0,5.0,16.0,94.0,3.61
cotton lint,rabi,3394.0,535.0,23.0,94.0,19.63
ginger,kharif,362.0,57.0,30.0,94.0,26.38
linseed,kharif,259.0,40.0,24.0,94.0,4.83
niger seed,rabi,6685.0,1055.0,31.0,94.0,3.86
ragi,rabi,4569.0,721.0,34.0,94.0,18.76
rapeseed andmustard,kharif,10.0,1.0,30.0,94.0,7.0
rapeseed andmustard,rabi,1426.0,225.0,27.0,94.0,5.36
safflower,rabi,304.0,48.0,25.0,94.0,6.97
small millets,rabi,3930.0,620.0,21.0,94.0,10.87
soyabean,kharif,1210.0,191.0,35.0,94.0,14.76
soyabean,rabi,66.0,10.0,38.0,94.0,16.21
sunflower,kharif,6568.0,1037.0,16.0,94.0,7.86
wheat,rabi,164.0,25.0,18.0,94.0,7.01
arecanut,kharif,55.0,8.0,29.0,198.0,15.09
cashewnut,kharif,143.0,22.0,31.0,198.0,3.08
cotton lint,kharif,118.0,18.0,23.0,198.0,22.97
groundnut,rabi,239.0,37.0,31.0,198.0,30.0
groundnut,summer,55.0,8.0,17.0,198.0,30.0
moong green gram,rabi,9.0,1.0,36.0,198.0,11.11
moong green gram,summer,1039.0,164.0,38.0,198.0,3.18
ragi,kharif,34.0,5.0,29.0,198.0,23.82
rice,kharif,3817.0,602.0,19.0,198.0,32.09
rice,summer,3941.0,622.0,39.0,198.0,30.57
sesamum,summer,100.0,15.0,37.0,198.0,8.3
small millets,kharif,8.0,1.0,39.0,198.0,16.25
urad,kharif,72.0,11.0,17.0,198.0,5.28
urad,rabi,206.0,32.0,29.0,198.0,11.89
urad,summer,574.0,90.0,26.0,198.0,3.95
arhar/tur,kharif,6366.0,1005.0,39.0,215.0,8.8
black pepper,whole year,3302.0,521.0,35.0,215.0,18.25
castor seed,kharif,881.0,139.0,37.0,215.0,4.62
cotton lint,kharif,921.0,145.0,19.0,215.0,4.77
gram,rabi,2193.0,346.0,21.0,215.0,7.04
linseed,rabi,5272.0,832.0,24.0,215.0,6.33
niger seed,kharif,6534.0,1031.0,33.0,215.0,6.04
small millets,kharif,6602.0,1042.0,21.0,215.0,6.74
tobacco,whole year,243.0,38.0,34.0,215.0,5.14
arhar/tur,kharif,1153.0,182.0,16.0,387.0,12.95
black pepper,rabi,999.0,157.0,39.0,387.0,7.38
castor seed,rabi,72.0,11.0,24.0,387.0,9.03
cotton lint,kharif,7295.0,1151.0,37.0,387.0,12.24
cowpea lobia,rabi,1637.0,258.0,17.0,387.0,15.21
dry chillies,whole year,2292.0,361.0,30.0,387.0,9.28
gram,rabi,1824.0,288.0,20.0,387.0,10.59
linseed,rabi,91.0,14.0,25.0,387.0,5.82
masoor,rabi,1242.0,196.0,31.0,387.0,11.03
peas and beans  pulses,rabi,2271.0,358.0,22.0,387.0,19.52
sesamum,rabi,2234.0,352.0,36.0,387.0,9.68
small millets,rabi,2906.0,458.0,38.0,387.0,9.5
soyabean,kharif,1735.0,273.0,16.0,387.0,19.82
sugarcane,whole year,117.0,18.0,24.0,387.0,30.43
sweet potato,kharif,4549.0,718.0,22.0,387.0,36.1
tobacco,rabi,790.0,124.0,23.0,387.0,9.81
wheat,rabi,448.0,70.0,28.0,387.0,19.53
arecanut,whole year,1783.0,281.0,39.0,258.0,16.6
black pepper,whole year,783.0,123.0,23.0,258.0,3.3
groundnut,kharif,361.0,57.0,19.0,258.0,20.39
groundnut,rabi,1537.0,242.0,33.0,258.0,21.46
bajra,summer,3226.0,509.0,20.0,102.0,11.09
coriander,whole year,4494.0,709.0,15.0,102.0,4.29
cotton lint,summer,1105.0,174.0,30.0,102.0,21.19
dry chillies,rabi,7744.0,1222.0,28.0,102.0,20.22
dry chillies,summer,5747.0,907.0,36.0,102.0,18.32
garlic,whole year,4661.0,736.0,31.0,102.0,13.46
groundnut,rabi,3646.0,575.0,17.0,102.0,18.79
jowar,summer,5201.0,821.0,35.0,102.0,19.77
linseed,rabi,4961.0,783.0,28.0,102.0,1.21
mesta,whole year,766.0,120.0,21.0,102.0,13.37
moong green gram,rabi,4972.0,785.0,16.0,102.0,3.02
moong green gram,summer,2939.0,464.0,31.0,102.0,3.16
niger seed,kharif,7229.0,1141.0,38.0,102.0,2.56
onion,summer,6246.0,986.0,26.0,102.0,43.24
ragi,summer,7053.0,1113.0,28.0,102.0,17.1
rapeseed andmustard,kharif,1605.0,253.0,26.0,102.0,2.18
sannhamp,whole year,113.0,17.0,33.0,102.0,2.39
urad,rabi,5240.0,827.0,28.0,102.0,3.89
urad,summer,3911.0,617.0,17.0,102.0,5.06
arhar/tur,whole year,1431.0,225.0,36.0,260.0,12.89
cotton lint,kharif,109.0,17.0,39.0,260.0,17.98
ginger,whole year,4986.01,787.0,21.0,260.0,44.21
groundnut,whole year,449.0,70.0,27.0,260.0,13.79
jowar,whole year,178.0,28.0,24.0,260.0,7.42
maize,whole year,59.0,9.0,35.0,260.0,12.54
ragi,whole year,64.0,10.0,18.0,260.0,11.88
sesamum,whole year,187.0,29.0,16.0,260.0,2.46
small millets,whole year,14.0,2.0,40.0,260.0,7.14
tobacco,whole year,9.0,1.0,38.0,260.0,16.67
turmeric,whole year,2602.89,411.0,26.0,260.0,27.32
arecanut,whole year,6884.0,1087.0,16.0,120.0,17.18
black pepper,whole year,4349.0,686.0,34.0,120.0,2.24
cardamom,whole year,3983.0,628.0,23.0,120.0,0.77
castor seed,kharif,5495.0,867.0,29.0,120.0,3.21
gram,rabi,4876.0,769.0,27.0,120.0,6.51
rapeseed andmustard,rabi,351.0,55.0,17.0,120.0,2.36
small millets,rabi,758.0,119.0,38.0,120.0,15.83
sunflower,kharif,1957.0,309.0,24.0,120.0,14.14
sunflower,rabi,6328.0,999.0,37.0,120.0,9.5
tobacco,whole year,3348.0,528.0,25.0,120.0,15.42
arecanut,kharif,564.0,86.0,27.0,89.0,41.97
arhar/tur,rabi,6555.0,1004.0,21.0,89.0,5.82
bajra,rabi,3124.0,478.0,27.0,89.0,13.94
castor seed,rabi,527.0,80.0,25.0,89.0,5.2
coriander,kharif,8.0,1.0,32.0,89.0,1.25
coriander,rabi,4295.0,658.0,28.0,89.0,5.51
cotton lint,rabi,8092.0,1240.0,23.0,89.0,24.16
cowpea lobia,kharif,3780.0,579.0,35.0,89.0,5.2
cowpea lobia,rabi,5039.0,772.0,35.0,89.0,6.71
ginger,kharif,285.0,43.0,31.0,89.0,26.39
guar seed,rabi,42.0,6.0,23.0,89.0,19.05
horse-gram,kharif,1411.0,216.0,39.0,89.0,1.29
linseed,kharif,219.0,33.0,34.0,89.0,4.84
niger seed,rabi,5714.0,875.0,19.0,89.0,3.9
ragi,rabi,5159.0,790.0,38.0,89.0,17.24
rapeseed andmustard,rabi,5060.0,775.0,21.0,89.0,4.12
safflower,rabi,125.0,19.0,19.0,89.0,6.32
small millets,rabi,6643.0,1018.0,31.0,89.0,10.44
soyabean,kharif,1570.0,240.0,29.0,89.0,9.22
wheat,rabi,33.0,5.0,30.0,89.0,23.03
arecanut,kharif,53.0,8.0,30.0,139.0,17.55
bajra,kharif,12.0,1.0,27.0,139.0,13.33
black pepper,kharif,10.0,1.0,30.0,139.0,18.0
cashewnut,kharif,148.0,22.0,31.0,139.0,3.45
cotton lint,kharif,296.0,45.0,38.0,139.0,18.21
groundnut,rabi,212.0,32.0,19.0,139.0,30.0
groundnut,summer,40.0,6.0,26.0,139.0,28.0
moong green gram,rabi,8.0,1.0,35.0,139.0,6.25
moong green gram,summer,750.0,114.0,24.0,139.0,1.21
ragi,kharif,20.0,3.0,21.0,139.0,15.5
ragi,summer,21.0,3.0,29.0,139.0,12.38
rice,kharif,3693.0,565.0,21.0,139.0,35.61
rice,summer,4100.0,628.0,23.0,139.0,39.0
sesamum,summer,72.0,11.0,36.0,139.0,9.72
urad,kharif,15.0,2.0,31.0,139.0,14.0
urad,rabi,335.0,51.0,28.0,139.0,9.49
urad,summer,402.0,61.0,15.0,139.0,2.64
arhar/tur,kharif,5721.0,876.0,18.0,229.0,8.58
black pepper,whole year,3376.0,517.0,25.0,229.0,20.94
castor seed,kharif,744.0,114.0,16.0,229.0,4.65
cotton lint,kharif,882.0,135.0,31.0,229.0,4.84
gram,rabi,2429.0,372.0,35.0,229.0,6.51
linseed,rabi,4970.0,761.0,39.0,229.0,6.08
niger seed,kharif,5975.0,915.0,20.0,229.0,5.55
small millets,kharif,4749.0,727.0,27.0,229.0,6.16
tobacco,whole year,227.0,34.0,21.0,229.0,5.07
arhar/tur,kharif,1173.0,179.0,22.0,383.0,12.93
black pepper,rabi,1013.0,155.0,23.0,383.0,7.47
castor seed,rabi,72.0,11.0,37.0,383.0,9.03
cotton lint,kharif,7255.0,1111.0,39.0,383.0,12.0
cowpea lobia,rabi,1661.0,254.0,30.0,383.0,15.12
dry chillies,whole year,2307.0,353.0,16.0,383.0,10.08
gram,rabi,1850.0,283.0,32.0,383.0,10.64
linseed,rabi,92.0,14.0,19.0,383.0,5.87
masoor,rabi,1252.0,191.0,40.0,383.0,11.03
peas and beans  pulses,rabi,2314.0,354.0,33.0,383.0,19.35
sesamum,rabi,2363.0,362.0,21.0,383.0,9.28
small millets,rabi,2942.0,450.0,24.0,383.0,9.54
soyabean,kharif,1850.0,283.0,37.0,383.0,18.93
sugarcane,whole year,121.0,18.0,20.0,383.0,29.83
sweet potato,kharif,4667.0,715.0,25.0,383.0,33.28
tobacco,rabi,797.0,122.0,30.0,383.0,9.9
wheat,rabi,456.0,69.0,30.0,383.0,19.25
arecanut,whole year,1810.0,277.0,29.0,326.0,17.13
black pepper,whole year,777.0,119.0,17.0,326.0,3.63
groundnut,kharif,336.0,51.0,39.0,326.0,25.57
groundnut,rabi,1352.0,207.0,30.0,326.0,23.02
sweet potato,whole year,52.0,7.0,23.0,326.0,31.54
bajra,summer,1980.0,303.0,39.0,114.0,10.83
coriander,whole year,1778.0,272.0,21.0,114.0,4.33
cowpea lobia,rabi,4191.0,642.0,25.0,114.0,0.24
cowpea lobia,summer,5158.0,790.0,37.0,114.0,1.84
dry chillies,summer,4468.0,684.0,34.0,114.0,23.07
garlic,whole year,6534.0,1001.0,38.0,114.0,8.3
groundnut,rabi,3309.0,507.0,17.0,114.0,22.61
jowar,summer,2838.0,434.0,36.0,114.0,13.7
linseed,rabi,2854.0,437.0,28.0,114.0,0.54
mesta,whole year,105.0,16.0,26.0,114.0,10.19
moong green gram,rabi,3959.0,606.0,34.0,114.0,0.89
moong green gram,summer,678.0,103.0,28.0,114.0,2.77
niger seed,kharif,5588.0,856.0,33.0,114.0,1.87
ragi,summer,6133.0,939.0,36.0,114.0,18.09
rapeseed andmustard,kharif,4573.0,700.0,37.0,114.0,1.84
sannhamp,whole year,57.0,8.0,23.0,114.0,2.28
sunflower,summer,3775.0,578.0,21.0,114.0,4.34
urad,rabi,3318.0,508.0,24.0,114.0,4.84
urad,summer,2218.0,339.0,32.0,114.0,5.43
arhar/tur,whole year,176.0,26.0,20.0,292.0,15.8
cotton lint,whole year,80.0,12.0,15.0,292.0,15.0
garlic,whole year,77.0,11.0,38.0,292.0,49.35
ginger,whole year,5151.0,789.0,23.0,292.0,39.76
groundnut,whole year,358.0,54.0,25.0,292.0,14.11
jowar,whole year,140.0,21.0,36.0,292.0,7.86
maize,whole year,65.0,9.0,39.0,292.0,10.46
ragi,whole year,33.0,5.0,32.0,292.0,12.73
sesamum,whole year,178.696,27.0,29.0,292.0,3.3
small millets,whole year,9.0,1.0,30.0,292.0,6.67
tobacco,whole year,12.0,1.0,39.0,292.0,15.0
turmeric,whole year,2632.0,403.0,16.0,292.0,24.72
arecanut,whole year,7078.0,1084.0,27.0,91.0,17.95
black pepper,whole year,4908.0,752.0,30.0,91.0,2.19
cardamom,whole year,3902.0,597.0,28.0,91.0,0.9
castor seed,kharif,4705.0,721.0,19.0,91.0,3.12
gram,rabi,5227.0,801.0,23.0,91.0,6.49
horse-gram,kharif,3751.0,574.0,22.0,91.0,3.13
rapeseed andmustard,rabi,199.0,30.0,28.0,91.0,2.31
small millets,rabi,350.0,53.0,25.0,91.0,7.11
sunflower,kharif,1959.0,300.0,15.0,91.0,8.55
sunflower,rabi,5488.0,841.0,19.0,91.0,2.27
tobacco,whole year,1799.0,275.0,16.0,91.0,15.25
arhar/tur,rabi,4148.0,653.0,17.0,86.0,8.18
bajra,rabi,4990.0,785.0,18.0,86.0,20.55
castor seed,rabi,906.0,142.0,28.0,86.0,7.98
coriander,rabi,2584.0,406.0,23.0,86.0,6.34
cotton lint,rabi,2097.0,330.0,16.0,86.0,19.63
cowpea lobia,kharif,4302.0,677.0,33.0,86.0,7.16
ginger,kharif,381.0,59.0,30.0,86.0,8.11
linseed,kharif,224.0,35.0,36.0,86.0,4.82
niger seed,rabi,5660.0,891.0,16.0,86.0,4.13
ragi,rabi,7810.0,1229.0,31.0,86.0,17.75
rapeseed andmustard,rabi,3000.0,472.0,34.0,86.0,4.58
safflower,rabi,20.0,3.0,18.0,86.0,6.5
small millets,rabi,3221.0,507.0,20.0,86.0,4.29
soyabean,kharif,373.0,58.0,27.0,86.0,18.9
sunflower,kharif,3045.0,479.0,31.0,86.0,7.39
sunflower,rabi,6101.0,960.0,28.0,86.0,15.44
wheat,kharif,11.0,1.0,16.0,86.0,7.27
wheat,rabi,38.0,5.0,34.0,86.0,7.11
arecanut,kharif,52.0,8.0,15.0,158.0,15.0
bajra,kharif,9.0,1.0,26.0,158.0,27.78
black pepper,kharif,10.0,1.0,21.0,158.0,18.0
cashewnut,kharif,147.0,23.0,22.0,158.0,2.93
cotton lint,kharif,154.0,24.0,26.0,158.0,10.65
groundnut,rabi,246.0,38.0,37.0,158.0,30.0
groundnut,summer,26.0,4.0,30.0,158.0,30.0
moong green gram,summer,636.0,100.0,37.0,158.0,2.37
ragi,kharif,19.0,2.0,39.0,158.0,30.0
ragi,summer,23.0,3.0,29.0,158.0,27.83
rice,kharif,4325.0,680.0,17.0,158.0,35.33
rice,summer,4297.0,676.0,29.0,158.0,36.11
sesamum,summer,88.0,13.0,20.0,158.0,10.91
sweet potato,kharif,7.0,1.0,34.0,158.0,50.0
turmeric,kharif,8.0,1.0,19.0,158.0,30.0
urad,kharif,10.0,1.0,38.0,158.0,9.0
urad,rabi,259.0,40.0,25.0,158.0,9.96
urad,summer,272.0,42.0,22.0,158.0,3.9
arhar/tur,kharif,5609.0,883.0,35.0,209.0,8.33
black pepper,whole year,3458.0,544.0,28.0,209.0,22.04
castor seed,kharif,758.0,119.0,28.0,209.0,4.71
cotton lint,kharif,771.0,121.0,28.0,209.0,4.9
gram,rabi,2273.0,357.0,17.0,209.0,6.87
linseed,rabi,5004.0,787.0,25.0,209.0,6.13
niger seed,kharif,5968.0,939.0,27.0,209.0,5.64
small millets,kharif,5233.0,823.0,34.0,209.0,5.84
tobacco,whole year,148.0,23.0,17.0,209.0,4.59
arhar/tur,kharif,1178.0,185.0,32.0,447.0,12.95
black pepper,rabi,1025.0,161.0,28.0,447.0,7.51
castor seed,rabi,72.0,11.0,37.0,447.0,9.03
coriander,whole year,481.0,75.0,16.0,447.0,39.04
cotton lint,kharif,7255.0,1142.0,30.0,447.0,12.12
cowpea lobia,rabi,1669.0,262.0,16.0,447.0,15.13
dry chillies,whole year,2320.0,365.0,18.0,447.0,10.11
gram,rabi,1858.0,292.0,33.0,447.0,10.66
linseed,rabi,93.0,14.0,20.0,447.0,5.91
masoor,rabi,1256.0,197.0,30.0,447.0,11.06
peas and beans  pulses,rabi,2321.0,365.0,24.0,447.0,19.37
sesamum,rabi,2373.0,373.0,21.0,447.0,9.3
small millets,rabi,2924.0,460.0,16.0,447.0,9.51
soyabean,kharif,1857.0,292.0,32.0,447.0,18.98
sugarcane,whole year,121.0,19.0,24.0,447.0,29.83
sweet potato,kharif,4712.0,741.0,21.0,447.0,33.43
tobacco,rabi,799.0,125.0,28.0,447.0,9.91
wheat,rabi,460.0,72.0,34.0,447.0,19.28
arecanut,whole year,1836.0,289.0,24.0,277.0,17.97
black pepper,whole year,794.0,125.0,34.0,277.0,4.08
groundnut,kharif,280.0,44.0,16.0,277.0,23.25
groundnut,rabi,1257.0,197.0,28.0,277.0,22.43
sweet potato,whole year,55.0,8.0,28.0,277.0,21.09
bajra,summer,5161.0,812.0,39.0,111.0,10.29
castor seed,kharif,7125.0,1121.0,31.0,111.0,6.44
coriander,whole year,1026.0,161.0,39.0,111.0,3.69
cowpea lobia,summer,4471.0,703.0,36.0,111.0,2.98
dry chillies,summer,7164.0,1127.0,28.0,111.0,19.88
garlic,whole year,5584.0,879.0,31.0,111.0,8.78
groundnut,rabi,3381.0,532.0,20.0,111.0,22.48
jowar,summer,2042.0,321.0,35.0,111.0,20.75
linseed,rabi,2294.0,361.0,15.0,111.0,3.45
moong green gram,rabi,4122.0,648.0,29.0,111.0,1.67
moong green gram,summer,743.0,116.0,39.0,111.0,2.76
niger seed,kharif,4444.0,699.0,19.0,111.0,2.16
ragi,summer,7902.0,1244.0,32.0,111.0,17.38
rapeseed andmustard,kharif,2340.0,368.0,21.0,111.0,1.67
sannhamp,whole year,348.0,54.0,32.0,111.0,2.5
sunflower,summer,4014.0,631.0,34.0,111.0,12.04
urad,rabi,3179.0,500.0,35.0,111.0,4.46
urad,summer,992.0,156.0,29.0,111.0,5.27
arhar/tur,whole year,207.0,32.0,32.0,266.0,15.6
cotton lint,whole year,84.0,13.0,19.0,266.0,15.71
ginger,whole year,4370.0,688.0,19.0,266.0,43.43
groundnut,whole year,274.0,43.0,30.0,266.0,13.94
jowar,whole year,174.0,27.0,27.0,266.0,7.99
maize,whole year,70.66,11.0,24.0,266.0,22.64
ragi,whole year,86.5,13.0,34.0,266.0,12.72
sesamum,whole year,239.104,37.0,16.0,266.0,3.76
small millets,whole year,23.51,3.0,39.0,266.0,7.23
tobacco,whole year,10.0,1.0,25.0,266.0,16.0
turmeric,whole year,2778.0,437.0,24.0,266.0,31.76
arecanut,whole year,6740.0,1061.0,38.0,97.0,22.15
black pepper,whole year,5265.0,828.0,30.0,97.0,2.18
cardamom,whole year,3876.0,610.0,27.0,97.0,0.91
castor seed,kharif,4374.0,688.0,28.0,97.0,3.24
gram,rabi,5205.0,819.0,15.0,97.0,9.26
rapeseed andmustard,rabi,292.0,45.0,31.0,97.0,2.29
small millets,rabi,586.0,92.0,22.0,97.0,12.34
sunflower,kharif,542.0,85.0,27.0,97.0,19.5
sunflower,rabi,6207.0,977.0,26.0,97.0,7.95
tobacco,whole year,3788.0,596.0,35.0,97.0,15.07
arhar/tur,rabi,4099.0,664.0,38.0,122.0,3.3
bajra,rabi,1182.0,191.0,31.0,122.0,13.42
castor seed,rabi,1839.0,298.0,34.0,122.0,3.46
coriander,rabi,1569.0,254.0,22.0,122.0,2.29
cotton lint,rabi,3404.0,552.0,21.0,122.0,23.98
ginger,kharif,296.0,48.0,15.0,122.0,18.11
gram,kharif,31.0,5.0,37.0,122.0,1.61
niger seed,kharif,23.0,3.0,29.0,122.0,3.04
niger seed,rabi,5797.0,940.0,32.0,122.0,3.18
rapeseed andmustard,rabi,4485.0,727.0,39.0,122.0,3.44
safflower,kharif,40.0,6.0,16.0,122.0,1.5
safflower,rabi,380.0,61.0,23.0,122.0,1.58
small millets,rabi,2684.0,435.0,39.0,122.0,4.81
soyabean,kharif,1411.0,228.0,31.0,122.0,19.26
sunflower,kharif,3248.0,526.0,19.0,122.0,5.57
wheat,rabi,102.0,16.0,21.0,122.0,1.86
arecanut,kharif,52.0,8.0,23.0,169.0,15.0
bajra,kharif,7.0,1.0,35.0,169.0,24.29
black pepper,kharif,11.0,1.0,30.0,169.0,13.64
cashewnut,kharif,145.0,23.0,28.0,169.0,4.21
cotton lint,kharif,283.0,45.0,37.0,169.0,10.39
groundnut,rabi,271.0,43.0,21.0,169.0,31.99
groundnut,summer,13.0,2.0,39.0,169.0,32.31
moong green gram,summer,660.0,107.0,27.0,169.0,4.15
ragi,kharif,26.0,4.0,21.0,169.0,23.08
ragi,summer,14.0,2.0,33.0,169.0,25.0
rice,kharif,4298.0,697.0,22.0,169.0,37.42
rice,summer,4515.0,732.0,22.0,169.0,36.82
sesamum,summer,120.0,19.0,40.0,169.0,8.58
small millets,kharif,9.0,1.0,28.0,169.0,12.22
urad,rabi,155.0,25.0,37.0,169.0,10.0
urad,summer,338.0,54.0,36.0,169.0,4.5
arhar/tur,kharif,5550.0,900.0,39.0,237.0,8.34
black pepper,whole year,3388.0,549.0,29.0,237.0,22.07
castor seed,kharif,724.0,117.0,37.0,237.0,4.64
cotton lint,kharif,843.0,136.0,29.0,237.0,5.11
gram,rabi,2244.0,363.0,28.0,237.0,7.02
linseed,rabi,4763.0,772.0,35.0,237.0,6.08
niger seed,kharif,5674.0,920.0,31.0,237.0,5.51
small millets,kharif,5210.0,845.0,18.0,237.0,5.87
sweet potato,whole year,5020.0,814.0,18.0,237.0,52.47
tobacco,whole year,141.0,22.0,27.0,237.0,5.04
arhar/tur,kharif,1183.0,191.0,36.0,564.0,12.95
black pepper,rabi,1036.0,168.0,23.0,564.0,7.54
castor seed,rabi,72.0,11.0,20.0,564.0,9.03
coriander,whole year,486.0,78.0,32.0,564.0,39.18
cotton lint,kharif,7260.0,1177.0,35.0,564.0,12.18
cowpea lobia,rabi,1676.0,271.0,29.0,564.0,15.14
dry chillies,whole year,2327.0,377.0,37.0,564.0,10.12
gram,rabi,1865.0,302.0,19.0,564.0,10.68
linseed,rabi,94.0,15.0,19.0,564.0,5.96
masoor,rabi,1258.0,204.0,31.0,564.0,11.07
peas and beans  pulses,rabi,2335.0,378.0,28.0,564.0,19.38
sesamum,rabi,2379.0,385.0,37.0,564.0,9.33
small millets,rabi,2902.0,470.0,33.0,564.0,9.45
soyabean,kharif,1868.0,302.0,36.0,564.0,19.0
sugarcane,whole year,125.0,20.0,17.0,564.0,29.92
sweet potato,kharif,4723.0,766.0,15.0,564.0,33.44
tobacco,rabi,802.0,130.0,28.0,564.0,9.93
wheat,rabi,462.0,74.0,21.0,564.0,19.31
arecanut,whole year,1836.0,297.0,18.0,440.0,17.95
black pepper,whole year,849.0,137.0,31.0,440.0,4.08
groundnut,kharif,210.0,34.0,18.0,440.0,23.71
groundnut,rabi,214.0,34.0,22.0,440.0,23.22
sweet potato,whole year,55.0,8.0,23.0,440.0,21.09
bajra,summer,1418.0,229.0,32.0,141.0,10.88
cardamom,whole year,1800.0,291.0,34.0,141.0,1.15
castor seed,kharif,2650.0,429.0,32.0,141.0,5.74
coriander,whole year,2918.0,473.0,18.0,141.0,8.93
cotton lint,rabi,4507.0,731.0,25.0,141.0,4.83
cowpea lobia,summer,3996.0,648.0,36.0,141.0,1.3
groundnut,rabi,2766.0,448.0,33.0,141.0,20.86
jowar,summer,1859.0,301.0,22.0,141.0,16.15
linseed,rabi,1704.0,276.0,36.0,141.0,2.07
mesta,whole year,81.0,13.0,33.0,141.0,14.32
moong green gram,rabi,5898.0,956.0,38.0,141.0,2.24
moong green gram,summer,246.0,39.0,22.0,141.0,2.68
niger seed,kharif,1068.0,173.0,20.0,141.0,1.98
ragi,summer,4276.0,693.0,40.0,141.0,17.93
rapeseed andmustard,kharif,3172.0,514.0,29.0,141.0,1.98
sannhamp,whole year,358.0,58.0,20.0,141.0,2.37
sunflower,summer,2734.0,443.0,25.0,141.0,8.86
urad,rabi,2787.0,452.0,37.0,141.0,5.32
urad,summer,1014.0,164.0,29.0,141.0,5.14
arhar/tur,whole year,266.0,43.0,26.0,298.0,16.47
cotton lint,whole year,59.4,9.0,21.0,298.0,15.15
garlic,whole year,69.61,11.0,26.0,298.0,49.56
ginger,whole year,3275.09,531.0,39.0,298.0,46.18
gram,whole year,690.86,112.0,24.0,298.0,7.9
groundnut,whole year,187.3,30.0,22.0,298.0,12.76
jowar,whole year,205.0,33.0,34.0,298.0,8.2
maize,whole year,104.326,16.0,38.0,298.0,13.9
ragi,whole year,224.7,36.0,23.0,298.0,12.11
sesamum,whole year,377.657,61.0,16.0,298.0,4.16
small millets,whole year,47.5,7.0,18.0,298.0,7.37
tobacco,whole year,7.28,1.0,33.0,298.0,16.48
turmeric,whole year,2483.71,402.0,27.0,298.0,26.95
arecanut,whole year,6952.0,1127.0,29.0,98.0,19.48
black pepper,whole year,5571.0,903.0,24.0,98.0,2.11
cardamom,whole year,3838.0,622.0,22.0,98.0,0.9
castor seed,kharif,4756.0,771.0,35.0,98.0,3.21
coriander,whole year,6427.0,1042.0,35.0,98.0,3.93
gram,rabi,5851.0,949.0,15.0,98.0,9.26
horse-gram,kharif,4045.0,656.0,23.0,98.0,7.13
rapeseed andmustard,rabi,305.0,49.0,38.0,98.0,2.33
small millets,rabi,344.0,55.0,15.0,98.0,14.85
sunflower,kharif,486.0,78.0,16.0,98.0,17.35
sunflower,rabi,4556.0,738.0,27.0,98.0,5.77
tobacco,whole year,2111.0,342.0,31.0,98.0,15.34
arhar/tur,rabi,5940.0,1020.0,21.0,89.0,6.31
bajra,rabi,4592.0,788.0,24.0,89.0,24.66
castor seed,rabi,1056.0,181.0,16.0,89.0,6.03
coriander,rabi,1119.0,192.0,35.0,89.0,4.94
cotton lint,rabi,3474.0,596.0,22.0,89.0,31.85
cowpea lobia,kharif,5816.0,998.0,34.0,89.0,4.49
cowpea lobia,rabi,6792.0,1166.0,24.0,89.0,5.2
ginger,kharif,294.0,50.0,28.0,89.0,21.53
niger seed,rabi,4256.0,731.0,16.0,89.0,3.31
rapeseed andmustard,rabi,1882.0,323.0,20.0,89.0,4.85
safflower,rabi,710.0,121.0,23.0,89.0,4.9
sesamum,kharif,6197.0,1064.0,17.0,89.0,2.12
small millets,rabi,3966.0,681.0,31.0,89.0,10.06
soyabean,kharif,1354.0,232.0,16.0,89.0,17.48
soyabean,rabi,24.0,4.0,23.0,89.0,17.5
sunflower,kharif,1869.0,321.0,38.0,89.0,6.99
sunflower,rabi,6794.0,1166.0,22.0,89.0,10.12
wheat,rabi,37.0,6.0,26.0,89.0,2.97
arecanut,kharif,52.0,8.0,20.0,131.0,15.0
bajra,kharif,14.0,2.0,38.0,131.0,25.71
bajra,summer,7.0,1.0,26.0,131.0,25.71
black pepper,kharif,11.0,1.0,31.0,131.0,13.64
cashewnut,kharif,145.0,24.0,19.0,131.0,4.48
cotton lint,kharif,500.0,85.0,22.0,131.0,24.96
groundnut,rabi,231.0,39.0,15.0,131.0,30.0
groundnut,summer,21.0,3.0,19.0,131.0,30.0
moong green gram,rabi,12.0,2.0,31.0,131.0,7.5
moong green gram,summer,629.0,108.0,36.0,131.0,2.48
ragi,kharif,32.0,5.0,24.0,131.0,24.06
ragi,summer,23.0,3.0,34.0,131.0,23.91
rice,kharif,4323.0,742.0,34.0,131.0,35.09
rice,summer,4518.0,776.0,15.0,131.0,35.55
sesamum,rabi,10.0,1.0,18.0,131.0,10.0
sesamum,summer,203.0,34.0,38.0,131.0,7.49
small millets,kharif,14.0,2.0,39.0,131.0,12.14
urad,rabi,146.0,25.0,23.0,131.0,10.0
urad,summer,321.0,55.0,37.0,131.0,4.33
arhar/tur,kharif,5830.0,1001.0,30.0,208.0,8.64
black pepper,whole year,3410.0,585.0,35.0,208.0,22.48
castor seed,kharif,748.0,128.0,20.0,208.0,4.61
cotton lint,kharif,789.0,135.0,32.0,208.0,5.29
gram,rabi,2176.0,373.0,22.0,208.0,7.0
linseed,rabi,4885.0,839.0,28.0,208.0,6.22
niger seed,kharif,5715.0,981.0,20.0,208.0,5.59
small millets,kharif,5212.0,895.0,34.0,208.0,6.19
sweet potato,whole year,4926.0,846.0,34.0,208.0,52.05
tobacco,whole year,114.0,19.0,18.0,208.0,5.44
arhar/tur,kharif,1186.0,203.0,21.0,384.0,12.98
black pepper,rabi,1046.0,179.0,40.0,384.0,7.56
castor seed,rabi,72.0,12.0,21.0,384.0,9.03
coriander,whole year,490.0,84.0,26.0,384.0,39.29
cotton lint,kharif,7245.0,1244.0,16.0,384.0,12.0
cowpea lobia,rabi,1681.0,288.0,31.0,384.0,15.16
dry chillies,whole year,2334.0,400.0,23.0,384.0,10.14
gram,rabi,1869.0,321.0,22.0,384.0,10.72
linseed,rabi,95.0,16.0,37.0,384.0,6.0
masoor,rabi,1260.0,216.0,38.0,384.0,11.11
peas and beans  pulses,rabi,2340.0,401.0,35.0,384.0,19.41
sesamum,rabi,2382.0,409.0,27.0,384.0,9.33
small millets,rabi,2893.0,496.0,24.0,384.0,9.41
soyabean,kharif,1873.0,321.0,38.0,384.0,19.06
sugarcane,whole year,128.0,21.0,22.0,384.0,30.0
sweet potato,kharif,4734.0,813.0,24.0,384.0,33.46
tobacco,rabi,803.0,137.0,19.0,384.0,9.94
wheat,rabi,464.0,79.0,35.0,384.0,19.35
arecanut,whole year,1971.0,338.0,27.0,448.0,18.79
black pepper,whole year,843.0,144.0,23.0,448.0,3.74
groundnut,rabi,168.0,28.0,35.0,448.0,25.36
sweet potato,whole year,66.0,11.0,31.0,448.0,24.85
cardamom,whole year,1939.0,333.0,21.0,142.0,1.55
castor seed,kharif,4144.0,711.0,21.0,142.0,9.21
coriander,whole year,608.0,104.0,36.0,142.0,4.93
cowpea lobia,summer,4103.0,704.0,33.0,142.0,2.4
garlic,whole year,1706.0,293.0,19.0,142.0,51.24
groundnut,rabi,2809.0,482.0,32.0,142.0,23.15
jowar,summer,5069.0,870.0,33.0,142.0,16.68
linseed,rabi,818.0,140.0,34.0,142.0,4.88
moong green gram,summer,310.0,53.0,32.0,142.0,1.65
niger seed,kharif,999.0,171.0,30.0,142.0,2.45
ragi,summer,6055.0,1040.0,38.0,142.0,17.83
rapeseed andmustard,kharif,230.0,39.0,29.0,142.0,2.35
sannhamp,whole year,2081.0,357.0,33.0,142.0,5.95
sunflower,summer,4487.0,770.0,19.0,142.0,10.85
urad,rabi,2875.0,493.0,28.0,142.0,4.66
urad,summer,223.0,38.0,38.0,142.0,4.71
arhar/tur,whole year,313.0,53.0,39.0,311.0,16.68
cotton lint,whole year,54.0,9.0,37.0,311.0,15.19
garlic,whole year,191.0,32.0,24.0,311.0,51.83
ginger,whole year,2819.0,484.0,27.0,311.0,42.27
gram,whole year,600.0,103.0,25.0,311.0,7.57
groundnut,whole year,117.0,20.0,19.0,311.0,12.56
jowar,whole year,285.0,48.0,27.0,311.0,8.25
maize,whole year,113.0,19.0,21.0,311.0,12.39
ragi,whole year,213.0,36.0,36.0,311.0,12.25
sesamum,whole year,207.94,35.0,37.0,311.0,6.2
small millets,kharif,30.0,5.0,25.0,311.0,7.33
small millets,rabi,27.0,4.0,23.0,311.0,7.78
tobacco,whole year,8.0,1.0,26.0,311.0,17.5
turmeric,whole year,2277.0,391.0,32.0,311.0,29.22
arecanut,whole year,6843.0,1175.0,16.0,91.0,19.79
arhar/tur,rabi,2894.0,497.0,28.0,91.0,11.51
black pepper,whole year,6080.0,1044.0,18.0,91.0,2.15
cardamom,whole year,3831.0,658.0,22.0,91.0,0.91
castor seed,kharif,5259.0,903.0,26.0,91.0,3.13
gram,rabi,5552.0,953.0,27.0,91.0,9.25
horse-gram,kharif,2439.0,418.0,19.0,91.0,6.96
rapeseed andmustard,rabi,137.0,23.0,37.0,91.0,2.41
sunflower,kharif,168.0,28.0,40.0,91.0,10.0
sunflower,rabi,4075.0,699.0,37.0,91.0,8.99
tobacco,whole year,1658.0,284.0,16.0,91.0,14.63
groundnut,winter,8157.0,776.0,31.0,149.0,10.92
horse-gram,summer,952.0,90.0,32.0,149.0,2.66
maize,summer,1164.0,110.0,36.0,149.0,8.4
maize,winter,144.0,13.0,40.0,149.0,9.44
ragi,summer,603.0,57.0,22.0,149.0,7.11
sesamum,autumn,7286.0,693.0,34.0,149.0,2.23
urad,summer,2077.0,197.0,21.0,149.0,2.31
wheat,rabi,5162.0,491.0,17.0,149.0,12.32
arhar/tur,rabi,3500.0,333.0,27.0,92.0,4.0
small millets,rabi,3000.0,285.0,32.0,92.0,0.67
bajra,kharif,5894.0,560.0,18.0,130.0,6.1
castor seed,kharif,967.0,92.0,39.0,130.0,7.87
coriander,whole year,3097.0,294.0,33.0,130.0,4.87
cotton lint,kharif,200.0,19.0,27.0,130.0,20.0
dry chillies,whole year,5231.0,497.0,24.0,130.0,8.51
garlic,whole year,3068.0,291.0,38.0,130.0,13.35
ginger,kharif,629.0,59.0,31.0,130.0,14.1
groundnut,kharif,5245.0,499.0,21.0,130.0,12.0
jowar,kharif,3129.0,297.0,35.0,130.0,8.6
safflower,rabi,480.0,45.0,26.0,130.0,6.29
sannhamp,whole year,3844.0,365.0,38.0,130.0,5.94
turmeric,whole year,2904.0,276.0,23.0,130.0,11.07
jowar,rabi,8300.0,789.0,19.0,118.0,8.67
sunflower,kharif,9000.0,856.0,17.0,118.0,3.33
maize,summer,7500.0,713.0,23.0,115.0,16.67
rice,summer,329.0,31.0,35.0,115.0,19.64
arhar/tur,kharif,83.0,7.0,24.0,264.0,17.23
groundnut,kharif,119.0,11.0,18.0,264.0,14.96
maize,kharif,8140.0,774.0,28.0,264.0,19.97
maize,rabi,120.0,11.0,26.0,264.0,20.25
peas and beans  pulses,kharif,231.0,21.0,28.0,264.0,11.73
rapeseed andmustard,kharif,374.0,35.0,16.0,264.0,11.76
rapeseed andmustard,rabi,2095.0,199.0,25.0,264.0,6.4
sesamum,kharif,4592.0,437.0,25.0,264.0,9.68
soyabean,kharif,1039.0,98.0,27.0,264.0,15.53
tobacco,rabi,377.0,35.0,27.0,264.0,11.01
wheat,rabi,22.0,2.0,37.0,264.0,5.0
bajra,kharif,8000.0,761.0,35.0,69.0,10.0
groundnut,kharif,8000.0,761.0,38.0,69.0,10.0
masoor,rabi,5200.0,494.0,31.0,69.0,6.54
urad,kharif,4700.0,447.0,33.0,69.0,4.04
castor seed,kharif,23.0,2.0,18.0,47.0,6.52
rice,summer,6607.0,628.0,27.0,47.0,27.67
arhar/tur,rabi,3100.0,306.0,20.0,104.0,5.16
bajra,rabi,7300.0,721.0,32.0,104.0,6.3
gram,kharif,100.0,9.0,35.0,104.0,10.0
small millets,kharif,3300.0,326.0,25.0,104.0,6.67
bajra,kharif,6180.0,610.0,24.0,133.0,5.89
castor seed,kharif,975.0,96.0,28.0,133.0,8.31
coriander,whole year,2971.0,293.0,35.0,133.0,6.13
cotton lint,kharif,43.0,4.0,19.0,133.0,20.47
dry chillies,whole year,6304.0,622.0,37.0,133.0,10.09
garlic,whole year,2927.0,289.0,35.0,133.0,14.53
ginger,whole year,798.0,78.0,34.0,133.0,13.98
groundnut,kharif,4856.0,479.0,29.0,133.0,12.66
jowar,kharif,2635.0,260.0,15.0,133.0,9.4
safflower,rabi,713.0,70.0,20.0,133.0,5.71
sannhamp,whole year,4196.0,414.0,30.0,133.0,5.67
turmeric,whole year,3106.0,306.0,26.0,133.0,10.59
small millets,rabi,2300.0,227.0,36.0,77.0,4.35
dry chillies,whole year,1891.0,186.0,32.0,68.0,8.46
groundnut,kharif,1196.0,118.0,23.0,68.0,6.69
moth,kharif,2189.0,216.0,34.0,68.0,1.83
peas and beans  pulses,rabi,1742.0,172.0,16.0,68.0,10.33
sannhamp,whole year,797.0,78.0,39.0,68.0,2.51
sesamum,kharif,3098.0,306.0,34.0,68.0,3.23
urad,kharif,1957.0,193.0,34.0,68.0,2.55
arhar/tur,kharif,128.0,12.0,29.0,138.0,2.34
bajra,kharif,469.0,46.0,29.0,138.0,5.67
coriander,rabi,395.0,39.0,18.0,138.0,3.24
cotton lint,whole year,57.0,5.0,22.0,138.0,5.26
dry chillies,whole year,1007.0,99.0,40.0,138.0,2.22
garlic,whole year,663.0,65.0,17.0,138.0,10.56
ginger,whole year,1822.0,180.0,18.0,138.0,14.44
gram,rabi,1908.0,188.0,30.0,138.0,8.66
groundnut,kharif,282.0,27.0,24.0,138.0,10.14
horse-gram,kharif,3028.0,299.0,16.0,138.0,4.87
linseed,rabi,2384.0,235.0,39.0,138.0,2.59
masoor,rabi,1168.0,115.0,26.0,138.0,4.43
moong green gram,kharif,62.0,6.0,19.0,138.0,4.03
peas and beans  pulses,rabi,4845.0,478.0,17.0,138.0,22.54
sesamum,kharif,4563.0,450.0,19.0,138.0,4.65
soyabean,kharif,585.0,57.0,23.0,138.0,19.71
tobacco,whole year,59.0,5.0,40.0,138.0,3.39
turmeric,whole year,84.0,8.0,34.0,138.0,7.02
jowar,rabi,9400.0,928.0,32.0,96.0,9.68
sunflower,kharif,8100.0,800.0,31.0,96.0,3.09
arhar/tur,kharif,8700.0,859.0,39.0,58.0,6.21
bajra,kharif,4000.0,395.0,38.0,58.0,10.0
groundnut,kharif,6000.0,592.0,35.0,58.0,8.33
linseed,rabi,300.0,29.0,18.0,58.0,10.0
masoor,rabi,4800.0,474.0,15.0,58.0,6.67
peas and beans  pulses,rabi,4300.0,424.0,31.0,58.0,9.53
urad,kharif,4100.0,405.0,25.0,58.0,4.88
black pepper,whole year,2633.0,260.0,25.0,107.0,1.97
cardamom,whole year,4197.0,414.0,36.0,107.0,0.74
garlic,whole year,2015.0,199.0,28.0,107.0,52.75
gram,rabi,7620.0,752.0,23.0,107.0,8.33
mesta,kharif,383.0,37.0,28.0,107.0,46.74
rapeseed andmustard,whole year,555.0,54.0,16.0,107.0,2.45
sannhamp,whole year,2558.0,252.0,33.0,107.0,7.29
tobacco,whole year,5775.0,570.0,25.0,107.0,15.03
arhar/tur,kharif,790.0,78.0,39.0,247.0,6.58
cotton lint,kharif,750.0,74.0,15.0,247.0,11.33
gram,rabi,170.0,16.0,21.0,247.0,6.47
groundnut,kharif,1420.0,140.0,33.0,247.0,9.93
groundnut,rabi,365.0,36.0,18.0,247.0,8.63
maize,kharif,2320.0,229.0,37.0,247.0,7.46
masoor,rabi,295.0,29.0,20.0,247.0,4.07
moong green gram,kharif,700.0,69.0,23.0,247.0,4.71
moong green gram,rabi,630.0,62.0,37.0,247.0,4.13
peas and beans  pulses,rabi,780.0,77.0,22.0,247.0,6.03
rapeseed andmustard,rabi,3630.0,358.0,18.0,247.0,7.99
sesamum,kharif,2170.0,214.0,25.0,247.0,4.29
urad,kharif,1000.0,98.0,27.0,247.0,4.7
urad,rabi,500.0,49.0,17.0,247.0,4.6
wheat,rabi,1110.0,109.0,25.0,247.0,18.92
castor seed,rabi,36.0,3.0,24.0,74.0,6.67
cotton lint,kharif,7454.0,736.0,30.0,74.0,1.09
jute,kharif,66.0,6.0,26.0,74.0,7.73
moth,kharif,164.0,16.0,34.0,74.0,3.84
rice,summer,5629.0,556.0,21.0,74.0,22.46
sannhamp,whole year,9421.0,930.0,37.0,74.0,3.64
turmeric,whole year,836.0,82.0,38.0,74.0,18.59
bajra,kharif,1629.0,172.0,21.0,140.0,6.08
coriander,whole year,3086.0,327.0,27.0,140.0,5.26
dry chillies,whole year,5504.0,584.0,31.0,140.0,10.33
garlic,whole year,2777.0,294.0,17.0,140.0,14.34
ginger,kharif,796.0,84.0,31.0,140.0,13.35
groundnut,kharif,336.0,35.0,29.0,140.0,11.67
moong green gram,kharif,8821.0,936.0,31.0,140.0,5.28
safflower,rabi,610.0,64.0,23.0,140.0,5.67
sesamum,kharif,3599.0,381.0,26.0,140.0,5.23
turmeric,whole year,3134.0,332.0,25.0,140.0,10.54
garlic,whole year,8800.0,933.0,21.0,45.0,50.8
small millets,rabi,5300.0,562.0,20.0,45.0,3.4
dry chillies,whole year,2619.0,277.0,19.0,34.0,9.93
groundnut,kharif,751.0,79.0,33.0,34.0,6.66
masoor,rabi,8650.0,918.0,22.0,34.0,7.17
peas and beans  pulses,rabi,1358.0,144.0,15.0,34.0,11.05
sunflower,rabi,6857.0,727.0,24.0,34.0,11.08
urad,kharif,1221.0,129.0,35.0,34.0,4.11
arhar/tur,kharif,155.0,16.0,30.0,114.0,2.13
dry chillies,whole year,859.0,91.0,28.0,114.0,3.21
gram,rabi,1691.0,179.0,39.0,114.0,9.43
groundnut,kharif,179.0,18.0,33.0,114.0,8.38
horse-gram,kharif,3307.0,350.0,33.0,114.0,4.94
linseed,rabi,2937.0,311.0,29.0,114.0,3.03
masoor,kharif,1061.0,112.0,28.0,114.0,4.15
moong green gram,kharif,342.0,36.0,29.0,114.0,4.06
peas and beans  pulses,kharif,5046.0,535.0,26.0,114.0,23.57
sesamum,kharif,4056.0,430.0,28.0,114.0,5.13
soyabean,kharif,553.0,58.0,38.0,114.0,12.95
sugarcane,whole year,3005.0,318.0,29.0,114.0,51.48
black pepper,whole year,6633.0,703.0,16.0,120.0,24.14
garlic,whole year,4991.0,529.0,30.0,120.0,7.42
jowar,summer,8514.0,903.0,25.0,120.0,22.51
mesta,kharif,3179.0,337.0,26.0,120.0,13.81
rapeseed andmustard,rabi,6409.0,680.0,27.0,120.0,2.74
sannhamp,whole year,346.0,36.0,20.0,120.0,2.51
turmeric,whole year,6704.0,711.0,32.0,120.0,43.56
urad,rabi,5468.0,580.0,33.0,120.0,3.72
castor seed,kharif,2708.0,287.0,32.0,122.0,3.12
ginger,kharif,4724.0,501.0,31.0,122.0,14.1
jowar,rabi,8982.0,953.0,16.0,122.0,7.82
safflower,rabi,1887.0,200.0,20.0,122.0,2.63
sannhamp,whole year,6859.0,727.0,33.0,122.0,19.2
sunflower,kharif,8342.0,885.0,26.0,122.0,3.97
turmeric,whole year,409.0,43.0,30.0,122.0,11.88
urad,rabi,7079.0,751.0,36.0,122.0,4.07
sesamum,rabi,6900.0,732.0,30.0,116.0,3.04
small millets,rabi,9100.0,965.0,35.0,116.0,3.08
arhar/tur,kharif,2870.0,304.0,25.0,178.0,7.49
bajra,kharif,1500.0,159.0,35.0,178.0,8.33
castor seed,kharif,820.0,87.0,27.0,178.0,9.15
cotton lint,kharif,250.0,26.0,39.0,178.0,14.0
gram,rabi,1720.0,182.0,37.0,178.0,5.93
groundnut,kharif,3000.0,318.0,37.0,178.0,9.33
jowar,kharif,1500.0,159.0,23.0,178.0,7.13
jute,kharif,260.0,27.0,22.0,178.0,13.85
linseed,rabi,4200.0,445.0,37.0,178.0,7.5
moong green gram,kharif,2500.0,265.0,33.0,178.0,7.2
peas and beans  pulses,kharif,1250.0,132.0,38.0,178.0,7.52
rapeseed andmustard,rabi,1400.0,148.0,36.0,178.0,10.0
sesamum,kharif,5000.0,530.0,34.0,178.0,4.8
sunflower,kharif,1000.0,106.0,39.0,178.0,11.2
sunflower,rabi,2500.0,265.0,26.0,178.0,13.92
bajra,kharif,4010.0,425.0,18.0,148.0,5.86
maize,rabi,8270.0,877.0,37.0,148.0,12.43
ragi,rabi,6790.0,720.0,23.0,148.0,10.1
safflower,rabi,2400.0,254.0,16.0,148.0,4.79
soyabean,kharif,60.0,6.0,35.0,148.0,1.67
sunflower,kharif,570.0,60.0,16.0,148.0,5.79
sunflower,rabi,8780.0,931.0,39.0,148.0,8.11
tobacco,whole year,7430.0,788.0,19.0,148.0,6.18
arhar/tur,kharif,8600.0,912.0,19.0,36.0,8.37
bajra,kharif,5000.0,530.0,23.0,36.0,8.0
gram,rabi,6300.0,668.0,19.0,36.0,9.68
groundnut,kharif,6000.0,636.0,19.0,36.0,10.0
linseed,rabi,300.0,31.0,33.0,36.0,10.0
masoor,rabi,3900.0,413.0,17.0,36.0,6.67
peas and beans  pulses,rabi,4300.0,456.0,34.0,36.0,6.51
urad,kharif,3600.0,382.0,28.0,36.0,4.75
black pepper,whole year,563.0,59.0,27.0,92.0,2.17
cardamom,whole year,1213.0,128.0,17.0,92.0,0.92
gram,rabi,8283.0,879.0,23.0,92.0,6.49
mesta,kharif,59.0,6.0,18.0,92.0,46.27
rapeseed andmustard,rabi,631.0,66.0,21.0,92.0,2.41
sannhamp,whole year,7263.0,770.0,34.0,92.0,7.29
tobacco,whole year,5992.0,635.0,36.0,92.0,15.64
castor seed,kharif,76.0,8.0,17.0,88.0,6.45
cotton lint,kharif,6914.0,733.0,19.0,88.0,8.79
jute,kharif,38.0,4.0,29.0,88.0,7.63
moth,whole year,204.0,21.0,36.0,88.0,4.12
rice,summer,6052.0,642.0,38.0,88.0,26.74
turmeric,whole year,1271.0,134.0,17.0,88.0,15.59
bajra,kharif,1534.0,150.0,25.0,120.0,8.25
coriander,whole year,2511.0,246.0,26.0,120.0,4.73
dry chillies,whole year,4385.0,430.0,27.0,120.0,10.58
garlic,whole year,2560.0,251.0,29.0,120.0,14.11
ginger,kharif,711.0,69.0,40.0,120.0,13.76
groundnut,kharif,96.0,9.0,35.0,120.0,11.04
jowar,kharif,1087.0,106.0,19.0,120.0,9.14
moong green gram,kharif,9229.0,906.0,35.0,120.0,5.6
safflower,rabi,275.0,26.0,39.0,120.0,8.0
sesamum,kharif,3581.0,351.0,23.0,120.0,5.57
small millets,kharif,7824.0,768.0,18.0,120.0,5.52
turmeric,whole year,3121.0,306.0,28.0,120.0,9.72
bajra,kharif,78.0,7.0,16.0,89.0,3.97
barley,rabi,4611.0,452.0,28.0,89.0,8.4
castor seed,kharif,133.0,13.0,25.0,89.0,2.71
coriander,whole year,3415.0,335.0,40.0,89.0,2.61
cotton lint,kharif,69.0,6.0,28.0,89.0,1.45
dry chillies,whole year,5434.0,533.0,39.0,89.0,2.54
garlic,whole year,708.0,69.0,26.0,89.0,28.74
ginger,whole year,1652.0,162.0,40.0,89.0,9.32
mesta,kharif,1393.0,136.0,19.0,89.0,20.12
moong green gram,rabi,4327.0,424.0,20.0,89.0,2.17
peas and beans  pulses,rabi,8855.0,869.0,31.0,89.0,3.62
safflower,rabi,949.0,93.0,36.0,89.0,2.15
sannhamp,whole year,1788.0,175.0,27.0,89.0,2.81
sugarcane,whole year,3317.0,325.0,20.0,89.0,26.01
sunflower,kharif,1235.0,121.0,38.0,89.0,4.15
tobacco,whole year,42.0,4.0,17.0,89.0,4.76
turmeric,whole year,635.0,62.0,36.0,89.0,10.11
urad,rabi,5201.0,510.0,37.0,89.0,2.4
garlic,whole year,2500.0,245.0,38.0,37.0,50.0
rice,summer,3900.0,382.0,33.0,37.0,27.44
small millets,rabi,600.0,58.0,38.0,37.0,3.33
dry chillies,whole year,2140.0,210.0,30.0,38.0,9.81
groundnut,kharif,340.0,33.0,16.0,38.0,5.88
masoor,rabi,6493.0,637.0,17.0,38.0,8.01
moong green gram,kharif,5331.0,523.0,40.0,38.0,2.25
peas and beans  pulses,rabi,1027.0,100.0,26.0,38.0,10.71
sannhamp,whole year,452.0,44.0,23.0,38.0,2.21
sesamum,kharif,3527.0,346.0,21.0,38.0,2.84
sunflower,rabi,1254.0,123.0,32.0,38.0,11.96
urad,kharif,1527.0,149.0,16.0,38.0,1.96
arhar/tur,kharif,272.0,26.0,27.0,106.0,1.62
bajra,kharif,116.0,11.0,18.0,106.0,3.53
gram,rabi,1403.0,137.0,38.0,106.0,6.11
groundnut,kharif,137.0,13.0,23.0,106.0,5.99
horse-gram,kharif,2807.0,275.0,31.0,106.0,2.87
jowar,kharif,287.0,28.0,26.0,106.0,3.1
linseed,rabi,2444.0,239.0,21.0,106.0,1.43
masoor,kharif,993.0,97.0,23.0,106.0,2.78
moong green gram,kharif,288.0,28.0,25.0,106.0,2.81
peas and beans  pulses,kharif,5510.0,540.0,15.0,106.0,21.57
sesamum,kharif,4596.0,451.0,26.0,106.0,3.78
soyabean,kharif,649.0,63.0,32.0,106.0,9.01
sugarcane,whole year,2817.0,276.0,26.0,106.0,27.88
castor seed,kharif,3296.0,323.0,19.0,72.0,2.48
ginger,kharif,4265.0,418.0,37.0,72.0,12.55
jowar,rabi,2191.0,215.0,18.0,72.0,7.17
ragi,kharif,1783.0,175.0,28.0,72.0,3.71
safflower,rabi,142.0,13.0,25.0,72.0,2.75
sannhamp,whole year,6422.0,630.0,17.0,72.0,14.13
sunflower,kharif,3175.0,311.0,20.0,72.0,3.53
turmeric,whole year,373.0,36.0,39.0,72.0,9.09
rapeseed andmustard,rabi,8200.0,804.0,24.0,105.0,2.32
sesamum,rabi,5300.0,520.0,35.0,105.0,3.58
small millets,rabi,2500.0,245.0,26.0,105.0,4.0
sunflower,summer,8900.0,873.0,16.0,105.0,5.84
arhar/tur,kharif,77.0,7.0,33.0,283.0,12.34
cotton lint,kharif,483.0,47.0,25.0,283.0,25.59
maize,kharif,6410.0,629.0,37.0,283.0,25.14
maize,rabi,233.0,22.0,27.0,283.0,13.91
rapeseed andmustard,rabi,2328.0,228.0,31.0,283.0,8.52
sesamum,kharif,3791.0,372.0,22.0,283.0,5.4
soyabean,kharif,1194.0,117.0,34.0,283.0,13.32
tobacco,whole year,373.0,36.0,26.0,283.0,6.6
arhar/tur,kharif,4000.0,392.0,38.0,163.0,11.25
bajra,kharif,1500.0,147.0,29.0,163.0,8.33
barley,rabi,1000.0,98.0,27.0,163.0,15.0
castor seed,kharif,1000.0,98.0,39.0,163.0,7.5
cotton lint,kharif,251.0,24.0,36.0,163.0,13.94
gram,rabi,1000.0,98.0,35.0,163.0,8.0
groundnut,kharif,3500.0,343.0,27.0,163.0,11.43
jowar,kharif,1500.0,147.0,16.0,163.0,8.33
jute,kharif,350.0,34.0,27.0,163.0,13.71
linseed,rabi,6500.0,638.0,30.0,163.0,4.62
moong green gram,kharif,2000.0,196.0,34.0,163.0,9.0
niger seed,kharif,750.0,73.0,17.0,163.0,5.33
peas and beans  pulses,kharif,1700.0,166.0,22.0,163.0,6.59
peas and beans  pulses,rabi,6000.0,589.0,35.0,163.0,10.0
rice,rabi,1680.0,164.0,29.0,163.0,19.82
sesamum,kharif,3000.0,294.0,37.0,163.0,8.33
sunflower,kharif,4000.0,392.0,33.0,163.0,7.5
sunflower,rabi,1000.0,98.0,24.0,163.0,11.0
wheat,rabi,5000.0,490.0,27.0,163.0,20.0
arhar/tur,rabi,50.0,4.0,38.0,106.0,6.0
bajra,kharif,4120.0,404.0,17.0,106.0,5.7
castor seed,rabi,8650.0,849.0,15.0,106.0,4.55
garlic,whole year,9000.0,883.0,31.0,106.0,31.42
safflower,rabi,1390.0,136.0,30.0,106.0,5.61
sunflower,kharif,830.0,81.0,37.0,106.0,5.78
sunflower,rabi,4250.0,417.0,17.0,106.0,7.32
tobacco,whole year,3380.0,331.0,37.0,106.0,4.62
wheat,rabi,8819.0,865.0,36.0,106.0,14.63
arhar/tur,kharif,8700.0,854.0,38.0,40.0,8.74
bajra,kharif,6000.0,589.0,24.0,40.0,8.33
gram,rabi,7700.0,755.0,25.0,40.0,9.48
groundnut,kharif,4000.0,392.0,38.0,40.0,10.0
linseed,rabi,600.0,58.0,36.0,40.0,10.0
masoor,rabi,4700.0,461.0,27.0,40.0,6.6
moth,kharif,300.0,29.0,32.0,40.0,10.0
black pepper,whole year,1640.0,160.0,24.0,97.0,2.74
cardamom,whole year,2144.0,210.0,20.0,97.0,0.95
gram,rabi,5688.0,558.0,26.0,97.0,6.18
mesta,kharif,134.0,13.0,34.0,97.0,44.33
rapeseed andmustard,rabi,753.0,73.0,37.0,97.0,2.46
tobacco,whole year,5926.0,581.0,22.0,97.0,15.57
castor seed,kharif,25.0,2.0,19.0,87.0,6.4
cotton lint,kharif,5328.0,523.0,29.0,87.0,8.93
jute,kharif,30.0,2.0,28.0,87.0,8.33
moth,kharif,151.0,14.0,27.0,87.0,3.05
rice,summer,3023.0,296.0,23.0,87.0,22.82
turmeric,whole year,1253.0,123.0,19.0,87.0,17.44
arhar/tur,kharif,1890.0,185.0,25.0,141.0,5.19
bajra,kharif,11.0,1.0,36.0,141.0,13.64
gram,rabi,993.0,97.0,31.0,141.0,6.88
groundnut,kharif,1750.0,171.0,36.0,141.0,8.46
horse-gram,kharif,9223.0,905.0,38.0,141.0,5.19
linseed,rabi,17.0,1.0,36.0,141.0,2.94
maize,rabi,63.0,6.0,23.0,141.0,15.71
moong green gram,kharif,45.0,4.0,19.0,141.0,3.56
moong green gram,rabi,110.0,10.0,18.0,141.0,2.82
moth,kharif,44.0,4.0,34.0,141.0,3.86
peas and beans  pulses,rabi,3402.0,333.0,19.0,141.0,7.64
rice,rabi,3062.0,300.0,27.0,141.0,31.28
sesamum,kharif,2700.0,265.0,39.0,141.0,1.64
soyabean,kharif,6478.0,635.0,19.0,141.0,6.76
sunflower,kharif,213.0,20.0,27.0,141.0,10.66
turmeric,whole year,152.0,14.0,23.0,141.0,2.57
urad,rabi,1018.0,99.0,40.0,141.0,3.39
bajra,kharif,828.0,84.0,35.0,124.0,7.22
coriander,whole year,2286.0,233.0,19.0,124.0,5.8
dry chillies,whole year,3558.0,363.0,26.0,124.0,9.98
garlic,whole year,2156.0,220.0,20.0,124.0,14.68
ginger,kharif,293.0,29.0,39.0,124.0,13.89
groundnut,kharif,245.0,25.0,37.0,124.0,5.59
jowar,kharif,4388.0,448.0,22.0,124.0,8.46
moong green gram,kharif,7902.0,807.0,25.0,124.0,5.65
safflower,rabi,237.0,24.0,22.0,124.0,7.64
sesamum,kharif,3297.0,336.0,21.0,124.0,6.25
small millets,kharif,7477.0,763.0,23.0,124.0,7.44
turmeric,whole year,2918.0,298.0,18.0,124.0,10.41
bajra,kharif,80.0,8.0,39.0,155.0,4.5
barley,rabi,4245.0,433.0,30.0,155.0,8.2
castor seed,kharif,113.0,11.0,32.0,155.0,2.74
coriander,whole year,3618.0,369.0,30.0,155.0,2.63
cotton lint,kharif,103.0,10.0,18.0,155.0,6.99
dry chillies,whole year,6909.0,705.0,33.0,155.0,5.45
garlic,whole year,779.0,79.0,38.0,155.0,28.28
ginger,whole year,1797.0,183.0,24.0,155.0,9.35
jowar,kharif,9423.0,962.0,39.0,155.0,9.73
mesta,kharif,1325.0,135.0,23.0,155.0,20.97
moong green gram,rabi,5558.0,567.0,24.0,155.0,2.76
safflower,rabi,338.0,34.0,16.0,155.0,2.49
sannhamp,whole year,1736.0,177.0,34.0,155.0,3.52
sugarcane,whole year,3476.0,355.0,39.0,155.0,26.02
sunflower,kharif,2885.0,294.0,30.0,155.0,4.1
tobacco,whole year,40.0,4.0,36.0,155.0,5.5
turmeric,whole year,649.0,66.0,37.0,155.0,9.11
urad,rabi,5519.0,563.0,40.0,155.0,2.42
rice,summer,3800.0,388.0,19.0,66.0,30.26
small millets,rabi,1200.0,122.0,25.0,66.0,3.33
dry chillies,whole year,1933.0,197.0,39.0,48.0,11.38
groundnut,kharif,485.0,49.0,27.0,48.0,6.19
masoor,rabi,9325.0,952.0,30.0,48.0,8.04
moth,kharif,1847.0,188.0,16.0,48.0,1.08
peas and beans  pulses,rabi,1065.0,108.0,19.0,48.0,11.27
sannhamp,whole year,1895.0,193.0,37.0,48.0,3.69
sesamum,kharif,4838.0,494.0,33.0,48.0,2.89
sunflower,rabi,2581.0,263.0,34.0,48.0,14.34
urad,kharif,1999.0,204.0,18.0,48.0,2.0
arhar/tur,kharif,1480.0,151.0,36.0,91.0,2.29
bajra,kharif,110.0,11.0,18.0,91.0,5.18
coriander,whole year,308.0,31.0,19.0,91.0,3.41
cotton lint,kharif,20.0,2.0,32.0,91.0,6.5
dry chillies,whole year,1024.0,104.0,27.0,91.0,1.9
garlic,whole year,1597.0,163.0,33.0,91.0,10.76
gram,rabi,1144.0,116.0,26.0,91.0,8.78
groundnut,kharif,129.0,13.0,26.0,91.0,5.81
horse-gram,kharif,2418.0,246.0,33.0,91.0,4.0
linseed,rabi,2272.0,232.0,36.0,91.0,2.46
masoor,kharif,751.0,76.0,27.0,91.0,3.7
moong green gram,kharif,94.0,9.0,39.0,91.0,3.4
peas and beans  pulses,kharif,5294.0,540.0,38.0,91.0,22.57
sannhamp,whole year,38.0,3.0,25.0,91.0,10.0
sesamum,kharif,4475.0,457.0,24.0,91.0,5.37
soyabean,kharif,661.0,67.0,16.0,91.0,10.97
sugarcane,whole year,2635.0,269.0,21.0,91.0,42.58
tobacco,whole year,23.0,2.0,33.0,91.0,11.3
turmeric,whole year,127.0,12.0,35.0,91.0,5.83
castor seed,kharif,2496.0,254.0,15.0,95.0,3.23
ginger,kharif,4950.0,505.0,23.0,95.0,13.74
jowar,rabi,4676.0,477.0,31.0,95.0,9.03
ragi,kharif,508.0,51.0,17.0,95.0,2.66
safflower,rabi,321.0,32.0,25.0,95.0,2.59
sannhamp,whole year,6015.0,614.0,17.0,95.0,17.44
sunflower,kharif,2035.0,207.0,28.0,95.0,4.45
tobacco,whole year,255.0,26.0,40.0,95.0,4.71
turmeric,whole year,382.0,39.0,22.0,95.0,10.45
maize,summer,8500.0,868.0,31.0,103.0,13.76
sesamum,rabi,4500.0,459.0,21.0,103.0,2.13
sunflower,summer,5800.0,592.0,20.0,103.0,8.97
arhar/tur,kharif,53.0,5.0,23.0,240.0,9.25
cotton lint,kharif,618.0,63.0,21.0,240.0,20.45
maize,kharif,5493.0,561.0,31.0,240.0,25.05
maize,rabi,1884.0,192.0,18.0,240.0,15.32
masoor,rabi,45.0,4.0,27.0,240.0,12.67
moong green gram,rabi,82.77,8.0,38.0,240.0,8.7
peas and beans  pulses,kharif,100.9,10.0,38.0,240.0,15.96
peas and beans  pulses,rabi,138.5,14.0,36.0,240.0,7.0
potato,whole year,376.0,38.0,19.0,240.0,39.12
rapeseed andmustard,rabi,2494.0,254.0,16.0,240.0,8.71
sesamum,kharif,3985.0,406.0,15.0,240.0,4.37
soyabean,kharif,1266.0,129.0,22.0,240.0,9.57
tapioca,whole year,307.0,31.0,20.0,240.0,48.18
tobacco,whole year,292.0,29.0,16.0,240.0,7.67
urad,kharif,28.0,2.0,32.0,240.0,10.36
urad,rabi,36.0,3.0,27.0,240.0,6.39
arhar/tur,kharif,7000.0,714.0,34.0,153.0,7.14
bajra,kharif,1500.0,153.0,31.0,153.0,6.67
barley,rabi,4000.0,408.0,20.0,153.0,20.0
cotton lint,kharif,400.0,40.0,18.0,153.0,10.0
gram,rabi,1000.0,102.0,22.0,153.0,10.0
groundnut,kharif,500.0,51.0,39.0,153.0,11.0
groundnut,rabi,1390.0,141.0,26.0,153.0,12.3
jowar,kharif,1500.0,153.0,21.0,153.0,8.0
jute,kharif,300.0,30.0,18.0,153.0,10.0
moong green gram,kharif,3000.0,306.0,33.0,153.0,6.67
peas and beans  pulses,kharif,1900.0,194.0,40.0,153.0,8.16
peas and beans  pulses,rabi,8000.0,817.0,29.0,153.0,10.0
rice,rabi,1500.0,153.0,40.0,153.0,13.33
sesamum,kharif,2420.0,247.0,22.0,153.0,7.89
sesamum,rabi,7580.0,774.0,23.0,153.0,8.03
sunflower,kharif,730.0,74.0,31.0,153.0,11.23
sunflower,rabi,900.0,91.0,22.0,153.0,12.56
wheat,rabi,6000.0,612.0,19.0,153.0,20.58
arhar/tur,rabi,290.0,29.0,37.0,167.0,5.52
bajra,kharif,4010.0,409.0,24.0,167.0,5.66
castor seed,kharif,8670.0,885.0,35.0,167.0,4.97
castor seed,rabi,9220.0,941.0,20.0,167.0,5.44
garlic,whole year,8950.0,914.0,17.0,167.0,31.6
masoor,rabi,8790.0,897.0,37.0,167.0,3.7
safflower,rabi,3950.0,403.0,33.0,167.0,5.54
sunflower,kharif,460.0,46.0,32.0,167.0,4.35
sunflower,rabi,8940.0,913.0,24.0,167.0,7.66
tobacco,whole year,5680.0,580.0,29.0,167.0,6.3
wheat,rabi,6976.0,712.0,39.0,167.0,15.14
arhar/tur,kharif,9200.0,939.0,28.0,47.0,8.59
gram,rabi,7100.0,725.0,25.0,47.0,8.73
groundnut,kharif,400.0,40.0,24.0,47.0,10.0
linseed,rabi,300.0,30.0,20.0,47.0,10.0
masoor,rabi,4300.0,439.0,32.0,47.0,6.98
moth,kharif,300.0,30.0,25.0,47.0,10.0
rapeseed andmustard,rabi,5000.0,510.0,25.0,47.0,13.0
sunflower,kharif,6607.0,674.0,22.0,48.0,12.91
cotton lint,kharif,4512.0,460.0,31.0,84.0,10.13
moth,kharif,339.0,34.0,22.0,84.0,3.89
rice,summer,2829.0,288.0,18.0,84.0,23.83
sunflower,kharif,5496.0,561.0,39.0,84.0,19.3
turmeric,whole year,1419.0,144.0,21.0,84.0,17.92
arhar/tur,kharif,1934.0,197.0,37.0,154.0,5.44
bajra,kharif,44.0,4.0,20.0,154.0,12.95
gram,rabi,1259.0,128.0,36.0,154.0,6.89
groundnut,kharif,1136.0,116.0,28.0,154.0,8.93
horse-gram,kharif,7781.0,794.0,15.0,154.0,4.42
linseed,rabi,15.0,1.0,39.0,154.0,4.0
maize,rabi,125.0,12.0,38.0,154.0,14.64
moong green gram,kharif,67.0,6.0,38.0,154.0,4.78
moong green gram,rabi,59.0,6.0,22.0,154.0,2.71
moth,kharif,11.0,1.0,23.0,154.0,3.64
onion,whole year,1642.0,167.0,28.0,154.0,49.26
peas and beans  pulses,rabi,3251.0,332.0,15.0,154.0,7.29
rice,rabi,3761.0,384.0,28.0,154.0,31.52
sesamum,kharif,2327.0,237.0,31.0,154.0,1.72
sunflower,kharif,47.0,4.0,33.0,154.0,9.79
turmeric,whole year,45.0,4.0,17.0,154.0,21.56
urad,rabi,992.0,101.0,27.0,154.0,3.73
bajra,kharif,1018.0,96.0,28.0,110.0,10.29
castor seed,kharif,316.0,29.0,17.0,110.0,9.87
coriander,whole year,2190.0,207.0,36.0,110.0,6.51
dry chillies,whole year,3420.0,323.0,37.0,110.0,6.73
garlic,whole year,2221.0,210.0,33.0,110.0,14.77
ginger,whole year,394.0,37.0,28.0,110.0,14.82
groundnut,kharif,371.0,35.0,40.0,110.0,4.93
jowar,kharif,4402.0,416.0,28.0,110.0,10.1
safflower,rabi,162.0,15.0,17.0,110.0,8.15
sannhamp,whole year,4235.0,400.0,27.0,110.0,7.11
sesamum,kharif,3785.0,358.0,17.0,110.0,7.2
small millets,kharif,6522.0,617.0,37.0,110.0,7.57
turmeric,whole year,2927.0,277.0,17.0,110.0,9.88
bajra,kharif,66.0,6.0,36.0,100.0,3.94
barley,rabi,4017.0,380.0,33.0,100.0,7.83
castor seed,kharif,74.0,7.0,25.0,100.0,2.84
coriander,whole year,3755.0,355.0,25.0,100.0,2.58
cotton lint,kharif,90.0,8.0,25.0,100.0,8.33
dry chillies,whole year,6450.0,610.0,34.0,100.0,8.82
garlic,whole year,816.0,77.0,31.0,100.0,28.04
ginger,whole year,1382.0,130.0,18.0,100.0,9.16
horse-gram,rabi,2969.0,281.0,17.0,100.0,2.52
jowar,kharif,7798.0,738.0,26.0,100.0,7.4
mesta,kharif,1052.0,99.0,33.0,100.0,18.23
moong green gram,rabi,6822.0,645.0,18.0,100.0,2.49
safflower,rabi,515.0,48.0,25.0,100.0,2.31
sannhamp,whole year,1672.0,158.0,31.0,100.0,2.94
sugarcane,whole year,3957.0,374.0,35.0,100.0,25.19
sunflower,kharif,2591.0,245.0,16.0,100.0,3.84
tobacco,whole year,39.0,3.0,32.0,100.0,4.62
turmeric,whole year,680.0,64.0,34.0,100.0,8.62
urad,rabi,6210.0,587.0,31.0,100.0,2.26
small millets,rabi,1800.0,170.0,36.0,45.0,2.78
groundnut,kharif,2512.0,237.0,37.0,35.0,7.56
horse-gram,kharif,446.0,42.0,28.0,35.0,2.24
masoor,rabi,6028.0,570.0,32.0,35.0,8.96
peas and beans  pulses,rabi,1113.0,105.0,31.0,35.0,11.68
sannhamp,whole year,516.0,48.0,19.0,35.0,1.94
sesamum,kharif,9432.0,892.0,17.0,35.0,4.13
sunflower,rabi,1872.0,177.0,36.0,35.0,14.96
urad,kharif,3475.0,328.0,24.0,35.0,1.73
arhar/tur,kharif,334.0,31.0,19.0,89.0,1.56
bajra,kharif,102.0,9.0,26.0,89.0,5.59
coriander,whole year,263.0,24.0,35.0,89.0,3.19
cotton lint,kharif,28.0,2.0,21.0,89.0,5.36
dry chillies,whole year,837.0,79.0,23.0,89.0,1.04
garlic,whole year,3180.0,301.0,22.0,89.0,7.48
gram,rabi,1351.0,127.0,33.0,89.0,7.49
groundnut,kharif,194.0,18.0,30.0,89.0,4.54
horse-gram,kharif,2582.0,244.0,28.0,89.0,2.32
linseed,rabi,1610.0,152.0,29.0,89.0,2.26
masoor,kharif,872.0,82.0,34.0,89.0,4.12
moong green gram,kharif,394.0,37.0,22.0,89.0,2.84
peas and beans  pulses,kharif,6285.0,595.0,36.0,89.0,19.18
sesamum,kharif,4482.0,424.0,23.0,89.0,4.22
soyabean,kharif,697.0,65.0,36.0,89.0,16.13
sugarcane,whole year,2926.0,277.0,33.0,89.0,15.89
tobacco,whole year,32.0,3.0,29.0,89.0,11.88
turmeric,whole year,125.0,11.0,37.0,89.0,5.2
bajra,rabi,271.0,25.0,19.0,86.0,7.93
bajra,summer,442.0,41.0,37.0,86.0,8.62
coriander,whole year,7685.0,727.0,19.0,86.0,1.45
garlic,whole year,5344.0,505.0,16.0,86.0,7.45
jowar,summer,9316.0,881.0,23.0,86.0,16.53
mesta,kharif,3119.0,295.0,25.0,86.0,13.41
ragi,summer,6929.0,655.0,19.0,86.0,11.48
rapeseed andmustard,rabi,4270.0,404.0,16.0,86.0,2.66
sannhamp,whole year,404.0,38.0,26.0,86.0,2.48
turmeric,whole year,6596.0,624.0,32.0,86.0,43.36
castor seed,kharif,1591.0,150.0,23.0,80.0,3.43
ginger,kharif,5187.0,491.0,31.0,80.0,10.27
jowar,rabi,3567.0,337.0,38.0,80.0,9.21
ragi,kharif,608.0,57.0,28.0,80.0,2.47
safflower,rabi,280.0,26.0,27.0,80.0,1.68
sannhamp,whole year,5767.0,545.0,34.0,80.0,16.01
sunflower,kharif,2354.0,222.0,36.0,80.0,3.95
tobacco,whole year,173.0,16.0,20.0,80.0,4.34
maize,summer,8300.0,785.0,34.0,96.0,16.27
rapeseed andmustard,rabi,8100.0,766.0,22.0,96.0,2.8
sesamum,rabi,4300.0,407.0,31.0,96.0,1.84
small millets,rabi,9300.0,880.0,40.0,96.0,3.23
sunflower,summer,4600.0,435.0,15.0,96.0,7.39
arhar/tur,kharif,810.0,76.0,31.0,435.0,7.8
cashewnut,whole year,6649.0,629.0,31.0,435.0,10.12
castor seed,kharif,23.0,2.0,40.0,435.0,5.22
cotton lint,kharif,7310.0,692.0,29.0,435.0,10.71
dry chillies,whole year,1839.0,174.0,34.0,435.0,6.25
ginger,kharif,8896.0,842.0,23.0,435.0,52.53
gram,rabi,487.0,46.0,21.0,435.0,6.14
mesta,kharif,4513.0,427.0,39.0,435.0,45.64
rapeseed andmustard,rabi,7202.0,681.0,16.0,435.0,6.48
sesamum,kharif,1629.0,154.0,23.0,435.0,5.27
small millets,kharif,2762.0,261.0,24.0,435.0,8.37
soyabean,kharif,999.0,94.0,33.0,435.0,9.6
sugarcane,whole year,80.0,7.0,27.0,435.0,27.38
sweet potato,whole year,4953.0,468.0,27.0,435.0,33.14
tapioca,whole year,3958.0,374.0,26.0,435.0,52.93
tobacco,whole year,719.0,68.0,24.0,435.0,6.54
wheat,rabi,2714.0,256.0,25.0,435.0,17.48
arhar/tur,kharif,101.0,9.0,25.0,262.0,7.43
arhar/tur,rabi,336.0,31.0,22.0,262.0,5.06
cotton lint,kharif,388.0,36.0,23.0,262.0,26.55
maize,kharif,6889.0,652.0,27.0,262.0,20.06
maize,rabi,600.0,56.0,37.0,262.0,17.65
masoor,kharif,26.0,2.0,31.0,262.0,10.77
masoor,rabi,56.0,5.0,17.0,262.0,11.61
moong green gram,kharif,13.0,1.0,27.0,262.0,6.92
moong green gram,rabi,37.0,3.0,20.0,262.0,10.27
potato,whole year,369.0,34.0,34.0,262.0,19.67
rapeseed andmustard,rabi,2043.0,193.0,23.0,262.0,7.2
sesamum,kharif,2945.0,278.0,22.0,262.0,6.13
soyabean,kharif,1950.0,184.0,23.0,262.0,9.47
tobacco,whole year,300.0,28.0,20.0,262.0,8.4
urad,rabi,33.0,3.0,23.0,262.0,6.06
arhar/tur,kharif,31.0,2.0,35.0,153.0,5.48
bajra,kharif,2000.0,189.0,35.0,153.0,20.0
barley,rabi,5000.0,473.0,34.0,153.0,19.0
cotton lint,kharif,1000.0,94.0,23.0,153.0,50.0
gram,rabi,1000.0,94.0,17.0,153.0,7.5
groundnut,kharif,2000.0,189.0,22.0,153.0,12.5
jowar,kharif,2000.0,189.0,39.0,153.0,20.0
jute,kharif,1500.0,142.0,38.0,153.0,36.67
linseed,rabi,8000.0,757.0,16.0,153.0,10.62
moong green gram,kharif,2000.0,189.0,22.0,153.0,10.0
peas and beans  pulses,kharif,1100.0,104.0,21.0,153.0,11.36
peas and beans  pulses,rabi,6800.0,643.0,19.0,153.0,7.74
sesamum,kharif,5000.0,473.0,16.0,153.0,9.0
sunflower,kharif,2000.0,189.0,25.0,153.0,20.0
sunflower,rabi,1000.0,94.0,23.0,153.0,15.0
wheat,rabi,7650.0,724.0,22.0,153.0,20.68
arhar/tur,rabi,70.0,6.0,27.0,110.0,7.14
bajra,kharif,3760.0,355.0,30.0,110.0,4.84
castor seed,kharif,7830.0,741.0,30.0,110.0,4.61
castor seed,rabi,6400.0,605.0,24.0,110.0,4.3
masoor,rabi,3810.0,360.0,37.0,110.0,3.67
safflower,rabi,1250.0,118.0,37.0,110.0,4.0
sunflower,kharif,50.0,4.0,37.0,110.0,6.0
sunflower,rabi,3860.0,365.0,26.0,110.0,6.76
tobacco,whole year,4090.0,387.0,20.0,110.0,6.36
wheat,rabi,4627.0,438.0,40.0,110.0,12.46
arhar/tur,kharif,7800.0,738.0,35.0,30.0,8.59
bajra,kharif,7000.0,662.0,36.0,30.0,8.57
gram,rabi,7000.0,662.0,20.0,30.0,9.57
groundnut,kharif,5300.0,501.0,21.0,30.0,7.17
masoor,rabi,4000.0,378.0,28.0,30.0,6.75
moth,kharif,300.0,28.0,20.0,30.0,6.67
urad,kharif,3900.0,369.0,19.0,30.0,4.87
arhar/tur,kharif,1793.0,169.0,32.0,161.0,4.8
gram,rabi,954.0,90.0,27.0,161.0,6.05
groundnut,kharif,1179.0,111.0,26.0,161.0,7.8
horse-gram,kharif,7589.0,718.0,21.0,161.0,4.61
maize,rabi,82.0,7.0,25.0,161.0,15.49
moong green gram,kharif,76.0,7.0,32.0,161.0,2.89
moong green gram,rabi,48.0,4.0,27.0,161.0,2.5
onion,whole year,1920.0,181.0,30.0,161.0,46.04
peas and beans  pulses,rabi,3550.0,336.0,30.0,161.0,7.43
rice,rabi,4090.0,387.0,34.0,161.0,28.48
sannhamp,whole year,4007.0,379.0,32.0,161.0,3.15
sesamum,kharif,2152.0,203.0,32.0,161.0,1.25
sunflower,kharif,238.0,22.0,19.0,161.0,7.65
tobacco,whole year,738.0,69.0,26.0,161.0,38.73
turmeric,whole year,142.0,13.0,17.0,161.0,20.77
urad,rabi,801.0,75.0,25.0,161.0,4.49
masoor,rabi,3053.66,289.0,39.0,104.0,7.8
rapeseed andmustard,rabi,4704.34,445.0,20.0,104.0,7.66
bajra,kharif,1568.0,155.0,17.0,135.0,10.45
castor seed,kharif,155.0,15.0,21.0,135.0,9.94
coriander,whole year,2169.0,214.0,35.0,135.0,6.92
dry chillies,whole year,3233.0,320.0,29.0,135.0,6.8
garlic,whole year,2797.0,276.0,23.0,135.0,12.89
ginger,kharif,350.0,34.0,25.0,135.0,15.4
groundnut,kharif,468.0,46.0,18.0,135.0,4.94
jowar,kharif,1513.0,149.0,32.0,135.0,10.09
moong green gram,kharif,8398.0,831.0,17.0,135.0,5.04
safflower,rabi,200.0,19.0,16.0,135.0,8.1
sannhamp,whole year,3441.0,340.0,32.0,135.0,7.17
sesamum,kharif,3795.0,375.0,20.0,135.0,7.48
small millets,kharif,7010.0,693.0,19.0,135.0,7.6
turmeric,whole year,2789.0,276.0,24.0,135.0,9.89
bajra,kharif,47.0,4.0,18.0,164.0,4.04
barley,rabi,4354.0,430.0,26.0,164.0,9.96
castor seed,kharif,84.0,8.0,15.0,164.0,3.21
coriander,whole year,3958.0,391.0,25.0,164.0,2.93
cotton lint,kharif,92.0,9.0,19.0,164.0,19.78
dry chillies,whole year,6486.0,641.0,22.0,164.0,6.55
garlic,whole year,910.0,90.0,21.0,164.0,28.31
ginger,whole year,1291.0,127.0,25.0,164.0,10.48
horse-gram,rabi,3149.0,311.0,22.0,164.0,2.89
jowar,kharif,7595.0,751.0,36.0,164.0,10.01
mesta,kharif,1219.0,120.0,38.0,164.0,19.95
moong green gram,rabi,8197.0,811.0,35.0,164.0,2.54
safflower,rabi,880.0,87.0,19.0,164.0,2.43
sannhamp,whole year,1702.0,168.0,30.0,164.0,3.39
sugarcane,whole year,5148.0,509.0,19.0,164.0,25.82
sunflower,kharif,6092.0,602.0,39.0,164.0,3.41
tobacco,whole year,41.0,4.0,31.0,164.0,5.61
turmeric,whole year,678.0,67.0,34.0,164.0,9.09
urad,rabi,5621.0,556.0,20.0,164.0,2.56
arhar/tur,kharif,134.0,13.0,17.0,96.0,14.1
bajra,kharif,2334.0,231.0,40.0,96.0,16.12
barley,kharif,86.0,8.0,37.0,96.0,29.65
gram,rabi,42.0,4.0,31.0,96.0,15.24
jowar,kharif,8686.0,859.0,33.0,96.0,12.35
maize,kharif,93.0,9.0,28.0,96.0,19.78
potato,whole year,62.0,6.0,30.0,96.0,49.35
rice,kharif,6549.0,648.0,40.0,96.0,27.35
dry chillies,whole year,9100.0,900.0,26.0,90.0,9.23
small millets,kharif,6800.0,673.0,18.0,90.0,3.09
dry chillies,whole year,1342.0,132.0,20.0,59.0,10.43
groundnut,kharif,1538.0,152.0,34.0,59.0,7.15
horse-gram,kharif,4336.0,429.0,16.0,59.0,1.61
masoor,rabi,6264.0,620.0,31.0,59.0,8.14
peas and beans  pulses,rabi,994.0,98.0,36.0,59.0,11.07
sannhamp,whole year,462.0,45.0,27.0,59.0,2.16
sesamum,kharif,3569.0,353.0,25.0,59.0,2.8
sunflower,rabi,5785.0,572.0,38.0,59.0,16.77
urad,kharif,2419.0,239.0,22.0,59.0,1.65
barley,rabi,4519.82,447.0,22.0,125.0,8.83
masoor,rabi,6993.61,692.0,36.0,125.0,12.41
rapeseed andmustard,rabi,6119.0,605.0,29.0,125.0,7.93
sugarcane,whole year,338.45,33.0,36.0,125.0,28.54
castor seed,kharif,1523.0,150.0,34.0,116.0,3.76
ginger,kharif,5067.0,501.0,17.0,116.0,12.4
horse-gram,rabi,152.0,15.0,34.0,116.0,2.83
jowar,rabi,3431.0,339.0,39.0,116.0,12.19
masoor,rabi,17.0,1.0,37.0,116.0,4.71
mesta,kharif,4700.0,465.0,24.0,116.0,22.55
moong green gram,kharif,709.0,70.0,16.0,116.0,2.43
moong green gram,rabi,13.0,1.0,27.0,116.0,2.31
ragi,kharif,514.0,50.0,19.0,116.0,2.65
safflower,rabi,632.0,62.0,15.0,116.0,2.72
sannhamp,whole year,5584.0,552.0,23.0,116.0,19.93
sunflower,kharif,1984.0,196.0,16.0,116.0,5.35
turmeric,whole year,655.0,64.0,31.0,116.0,10.41
urad,rabi,5693.0,563.0,20.0,116.0,4.09
sesamum,rabi,3600.0,356.0,15.0,103.0,2.22
sunflower,summer,4000.0,395.0,34.0,103.0,8.0
arhar/tur,kharif,40.0,3.0,15.0,68.0,5.0
cashewnut,whole year,325.0,32.0,35.0,68.0,4.0
ginger,kharif,1450.0,143.0,26.0,68.0,16.48
maize,kharif,2340.0,231.0,32.0,68.0,32.18
onion,whole year,970.0,96.0,26.0,68.0,21.24
peas and beans  pulses,kharif,3980.0,393.0,35.0,68.0,5.1
rapeseed andmustard,rabi,20.0,1.0,38.0,68.0,5.0
sesamum,kharif,810.0,80.0,22.0,68.0,4.94
soyabean,kharif,320.0,31.0,15.0,68.0,9.06
turmeric,whole year,550.0,54.0,32.0,68.0,6.91
arhar/tur,kharif,61.0,6.0,22.0,249.0,10.98
arhar/tur,rabi,211.0,20.0,22.0,249.0,5.21
cotton lint,kharif,343.0,33.0,23.0,249.0,38.95
gram,kharif,23.0,2.0,26.0,249.0,10.87
gram,rabi,23.0,2.0,25.0,249.0,7.83
maize,rabi,716.0,70.0,17.0,249.0,17.84
masoor,rabi,11.0,1.0,32.0,249.0,7.27
moong green gram,kharif,24.0,2.0,39.0,249.0,12.5
moong green gram,rabi,44.0,4.0,39.0,249.0,10.45
peas and beans  pulses,kharif,165.0,16.0,37.0,249.0,10.42
peas and beans  pulses,rabi,346.0,34.0,20.0,249.0,10.87
potato,whole year,363.0,35.0,17.0,249.0,24.6
sesamum,kharif,3285.0,325.0,27.0,249.0,6.15
soyabean,kharif,1978.0,195.0,20.0,249.0,9.92
tapioca,whole year,139.0,13.0,24.0,249.0,49.64
tobacco,whole year,460.0,45.0,37.0,249.0,8.78
arhar/tur,kharif,7500.0,742.0,16.0,170.0,9.33
bajra,kharif,3000.0,296.0,29.0,170.0,16.67
barley,rabi,6000.0,593.0,30.0,170.0,16.67
cotton lint,kharif,2000.0,197.0,17.0,170.0,0.75
gram,rabi,1500.0,148.0,15.0,170.0,13.33
groundnut,kharif,2000.0,197.0,20.0,170.0,15.0
jowar,kharif,3000.0,296.0,26.0,170.0,16.67
linseed,rabi,8000.0,791.0,40.0,170.0,8.0
maize,rabi,140.0,13.0,20.0,170.0,18.57
masoor,rabi,2500.0,247.0,36.0,170.0,4.28
moong green gram,kharif,2000.0,197.0,19.0,170.0,15.0
peas and beans  pulses,kharif,1370.0,135.0,19.0,170.0,14.6
peas and beans  pulses,rabi,6840.0,677.0,20.0,170.0,7.21
rice,rabi,1000.0,98.0,25.0,170.0,20.0
sesamum,kharif,5000.0,494.0,36.0,170.0,10.0
small millets,kharif,7830.0,775.0,25.0,170.0,10.22
sunflower,kharif,2500.0,247.0,29.0,170.0,20.0
sunflower,rabi,1000.0,98.0,26.0,170.0,10.0
bajra,kharif,3270.0,323.0,24.0,164.0,5.26
castor seed,rabi,6830.0,676.0,38.0,164.0,4.47
masoor,rabi,5860.0,580.0,30.0,164.0,4.15
safflower,rabi,1620.0,160.0,17.0,164.0,4.38
sunflower,kharif,820.0,81.0,27.0,164.0,5.73
sunflower,rabi,5230.0,517.0,35.0,164.0,7.5
tobacco,whole year,5310.0,525.0,35.0,164.0,6.57
wheat,rabi,5129.0,507.0,22.0,164.0,14.66
bajra,kharif,8000.0,791.0,35.0,45.0,10.0
gram,rabi,6000.0,593.0,27.0,45.0,9.0
groundnut,kharif,4400.0,435.0,37.0,45.0,9.09
masoor,rabi,3600.0,356.0,38.0,45.0,6.39
moth,kharif,600.0,59.0,37.0,45.0,6.67
urad,kharif,5200.0,514.0,25.0,45.0,4.23
maize,rabi,4172.0,412.0,30.0,107.0,13.67
moth,kharif,379.0,37.0,29.0,107.0,3.85
ragi,rabi,221.0,21.0,22.0,107.0,14.62
rice,summer,7839.0,775.0,35.0,107.0,22.98
sannhamp,whole year,3876.0,383.0,22.0,107.0,3.01
soyabean,kharif,4954.0,490.0,39.0,107.0,10.73
turmeric,whole year,887.0,87.0,34.0,107.0,18.08
arhar/tur,kharif,1962.0,194.0,30.0,173.0,7.41
gram,rabi,766.0,75.0,27.0,173.0,7.85
groundnut,kharif,1273.0,126.0,27.0,173.0,9.95
horse-gram,kharif,8171.0,808.0,25.0,173.0,7.42
linseed,rabi,11.0,1.0,39.0,173.0,3.64
maize,summer,137.0,13.0,37.0,173.0,16.35
moong green gram,kharif,13.0,1.0,26.0,173.0,3.85
moong green gram,summer,39.0,3.0,34.0,173.0,3.08
peas and beans  pulses,rabi,4451.0,440.0,28.0,173.0,7.61
rice,summer,5655.0,559.0,23.0,173.0,37.36
sesamum,kharif,1857.0,183.0,22.0,173.0,1.58
sunflower,kharif,262.0,25.0,20.0,173.0,11.49
tobacco,whole year,23.0,2.0,23.0,173.0,33.91
urad,summer,645.0,63.0,34.0,173.0,3.61
arhar/tur,rabi,8452.0,915.0,40.0,78.0,4.49
gram,kharif,111.0,12.0,22.0,78.0,8.83
linseed,rabi,4181.0,452.0,17.0,78.0,1.12
ragi,rabi,7924.0,858.0,35.0,78.0,18.02
rapeseed andmustard,rabi,3623.0,392.0,32.0,78.0,2.5
small millets,rabi,515.0,55.0,27.0,78.0,4.99
wheat,rabi,9174.0,993.0,22.0,78.0,5.02
arhar/tur,kharif,6733.0,729.0,35.0,253.0,7.06
castor seed,kharif,1349.0,146.0,18.0,253.0,4.24
cotton lint,kharif,1389.0,150.0,19.0,253.0,4.77
gram,rabi,2141.0,231.0,27.0,253.0,5.06
linseed,rabi,9262.0,1003.0,36.0,253.0,5.23
mesta,kharif,5095.0,551.0,28.0,253.0,49.96
moong green gram,rabi,7293.0,790.0,37.0,253.0,4.7
niger seed,kharif,8730.0,945.0,32.0,253.0,5.14
onion,whole year,7122.0,771.0,32.0,253.0,23.57
small millets,kharif,7982.0,864.0,23.0,253.0,5.19
sweet potato,whole year,8026.0,869.0,26.0,253.0,34.92
tobacco,whole year,678.0,73.0,34.0,253.0,5.38
bajra,kharif,1200.0,130.0,20.0,114.0,10.81
castor seed,kharif,173.0,18.0,20.0,114.0,9.42
coriander,whole year,2078.0,225.0,38.0,114.0,6.55
dry chillies,whole year,3126.0,338.0,16.0,114.0,7.18
garlic,whole year,2479.0,268.0,31.0,114.0,15.07
ginger,kharif,365.0,39.0,17.0,114.0,15.21
ginger,whole year,394.0,42.0,15.0,114.0,15.13
groundnut,kharif,539.0,58.0,30.0,114.0,4.94
jowar,kharif,3755.0,406.0,35.0,114.0,10.14
moong green gram,kharif,7323.0,793.0,21.0,114.0,4.94
safflower,rabi,215.0,23.0,35.0,114.0,8.05
sannhamp,whole year,4388.0,475.0,38.0,114.0,8.05
sesamum,kharif,3516.0,380.0,19.0,114.0,7.73
small millets,kharif,6310.0,683.0,31.0,114.0,7.75
turmeric,whole year,2823.0,305.0,32.0,114.0,9.88
bajra,kharif,49.0,5.0,31.0,112.0,3.47
barley,rabi,3959.0,428.0,30.0,112.0,8.94
castor seed,kharif,137.0,14.0,28.0,112.0,3.65
coriander,whole year,4087.0,442.0,36.0,112.0,2.47
cotton lint,kharif,468.0,50.0,26.0,112.0,16.3
dry chillies,whole year,6511.0,705.0,21.0,112.0,5.53
garlic,whole year,860.0,93.0,18.0,112.0,26.85
ginger,whole year,1330.0,144.0,20.0,112.0,9.91
jowar,kharif,8388.0,908.0,33.0,112.0,5.84
mesta,kharif,1360.0,147.0,35.0,112.0,18.06
moong green gram,rabi,6428.0,696.0,26.0,112.0,2.08
safflower,rabi,964.0,104.0,38.0,112.0,2.14
sannhamp,whole year,1673.0,181.0,16.0,112.0,3.16
sugarcane,whole year,6770.0,733.0,27.0,112.0,24.3
sunflower,kharif,5607.0,607.0,36.0,112.0,3.54
tobacco,whole year,33.0,3.0,25.0,112.0,5.15
turmeric,whole year,738.0,79.0,25.0,112.0,8.7
urad,rabi,5667.0,613.0,19.0,112.0,2.06
arhar/tur,kharif,119.0,12.0,25.0,65.0,14.29
bajra,kharif,1708.0,185.0,21.0,65.0,18.25
barley,kharif,71.0,7.0,20.0,65.0,26.9
gram,rabi,57.0,6.0,26.0,65.0,13.16
jowar,kharif,9208.0,997.0,26.0,65.0,6.9
maize,kharif,82.0,8.0,22.0,65.0,15.24
rice,kharif,8431.0,913.0,39.0,65.0,33.47
dry chillies,whole year,6400.0,693.0,29.0,71.0,8.91
groundnut,kharif,2071.0,224.0,17.0,48.0,7.24
horse-gram,kharif,515.0,55.0,33.0,48.0,1.94
masoor,rabi,5911.0,640.0,40.0,48.0,7.95
peas and beans  pulses,rabi,716.0,77.0,22.0,48.0,11.17
sannhamp,whole year,465.0,50.0,26.0,48.0,2.15
sesamum,kharif,3686.0,399.0,35.0,48.0,3.26
sunflower,rabi,5334.0,577.0,28.0,48.0,17.25
urad,kharif,2155.0,233.0,26.0,48.0,3.25
castor seed,kharif,1773.0,192.0,16.0,89.0,3.78
ginger,kharif,5216.0,565.0,26.0,89.0,11.35
horse-gram,rabi,160.0,17.0,29.0,89.0,2.81
jowar,rabi,4115.0,445.0,34.0,89.0,9.61
ragi,kharif,403.0,43.0,17.0,89.0,2.78
safflower,rabi,1205.0,130.0,18.0,89.0,2.72
sunflower,kharif,1897.0,205.0,31.0,89.0,4.97
turmeric,whole year,662.0,71.0,35.0,89.0,9.56
urad,rabi,5292.0,573.0,17.0,89.0,4.12
rapeseed andmustard,rabi,8600.0,931.0,34.0,105.0,2.91
sesamum,rabi,3800.0,411.0,16.0,105.0,2.37
small millets,rabi,9300.0,1007.0,30.0,105.0,3.33
sunflower,summer,6900.0,747.0,19.0,105.0,7.54
arhar/tur,kharif,6400.0,693.0,35.0,171.0,9.38
bajra,kharif,2680.0,290.0,26.0,171.0,14.93
barley,rabi,4400.0,476.0,34.0,171.0,15.91
cotton lint,kharif,1500.0,162.0,31.0,171.0,1.0
gram,rabi,1360.0,147.0,40.0,171.0,7.35
groundnut,kharif,5540.0,600.0,16.0,171.0,12.6
jowar,kharif,2500.0,270.0,21.0,171.0,16.0
linseed,rabi,7300.0,790.0,38.0,171.0,7.73
maize,rabi,1000.0,108.0,22.0,171.0,18.0
masoor,rabi,2530.0,274.0,32.0,171.0,4.35
moong green gram,kharif,1300.0,140.0,40.0,171.0,6.46
niger seed,kharif,800.0,86.0,32.0,171.0,11.0
peas and beans  pulses,kharif,1270.0,137.0,27.0,171.0,7.87
peas and beans  pulses,rabi,7070.0,765.0,35.0,171.0,7.69
rice,rabi,1000.0,108.0,40.0,171.0,20.0
sesamum,kharif,500.0,54.0,38.0,171.0,5.0
small millets,kharif,7000.0,758.0,17.0,171.0,10.0
sunflower,kharif,450.0,48.0,21.0,171.0,7.33
sunflower,rabi,150.0,16.0,27.0,171.0,16.0
wheat,rabi,8200.0,888.0,40.0,171.0,15.85
arhar/tur,kharif,8900.0,964.0,29.0,36.0,8.65
bajra,kharif,7000.0,758.0,24.0,36.0,10.0
gram,rabi,5100.0,552.0,22.0,36.0,8.63
groundnut,kharif,4300.0,465.0,22.0,36.0,8.37
masoor,rabi,3300.0,357.0,19.0,36.0,4.85
moth,kharif,300.0,32.0,39.0,36.0,6.67
urad,kharif,3400.0,368.0,30.0,36.0,5.29
arhar/tur,kharif,1481.0,160.0,25.0,270.0,6.73
cotton lint,kharif,1045.0,113.0,33.0,270.0,14.88
gram,rabi,266.0,28.0,30.0,270.0,7.03
groundnut,kharif,442.0,47.0,18.0,270.0,10.38
groundnut,rabi,197.0,21.0,37.0,270.0,10.66
maize,kharif,2790.0,302.0,32.0,270.0,10.63
masoor,rabi,422.0,45.0,36.0,270.0,5.09
moong green gram,kharif,340.0,36.0,19.0,270.0,5.38
moong green gram,rabi,442.0,47.0,38.0,270.0,4.98
peas and beans  pulses,rabi,1033.0,111.0,16.0,270.0,6.97
rapeseed andmustard,rabi,1720.0,186.0,32.0,270.0,7.65
sesamum,kharif,1580.0,171.0,21.0,270.0,4.53
urad,kharif,1026.0,111.0,40.0,270.0,5.96
urad,rabi,407.0,44.0,36.0,270.0,6.02
wheat,rabi,944.0,102.0,37.0,270.0,20.57
arhar/tur,kharif,1833.0,198.0,17.0,121.0,6.45
gram,rabi,823.0,89.0,40.0,121.0,7.76
groundnut,kharif,1624.0,175.0,33.0,121.0,12.35
horse-gram,kharif,8575.0,929.0,33.0,121.0,7.15
linseed,rabi,21.0,2.0,38.0,121.0,3.33
maize,summer,74.0,8.0,32.0,121.0,19.86
moong green gram,summer,16.0,1.0,23.0,121.0,3.75
peas and beans  pulses,rabi,3852.0,417.0,24.0,121.0,7.75
rice,summer,7511.0,813.0,21.0,121.0,29.78
sesamum,kharif,2035.0,220.0,31.0,121.0,2.3
sunflower,kharif,206.0,22.0,18.0,121.0,11.94
tobacco,whole year,31.0,3.0,22.0,121.0,37.74
urad,summer,25.0,2.0,26.0,121.0,4.4
barley,rabi,2962.57,320.0,20.0,114.0,6.08
masoor,rabi,2691.72,291.0,25.0,114.0,6.01
rapeseed andmustard,rabi,6412.26,694.0,35.0,114.0,9.88
arhar/tur,rabi,1481.0,160.0,36.0,161.0,7.12
bajra,kharif,129.0,13.0,27.0,161.0,3.49
barley,rabi,2421.0,262.0,15.0,161.0,16.72
castor seed,rabi,45.0,4.0,19.0,161.0,9.56
cotton lint,kharif,959.0,103.0,31.0,161.0,47.77
ginger,kharif,9125.0,988.0,21.0,161.0,20.58
horse-gram,rabi,2785.0,301.0,36.0,161.0,4.18
jowar,kharif,1498.0,162.0,23.0,161.0,4.33
linseed,rabi,5320.0,576.0,21.0,161.0,2.69
moong green gram,kharif,674.0,73.0,16.0,161.0,4.67
moong green gram,rabi,1238.0,134.0,35.0,161.0,6.71
niger seed,kharif,6593.0,714.0,24.0,161.0,6.44
safflower,rabi,419.0,45.0,33.0,161.0,11.03
sannhamp,whole year,1526.0,165.0,35.0,161.0,50.18
small millets,kharif,2249.0,243.0,20.0,161.0,7.23
small millets,rabi,750.0,81.0,33.0,161.0,13.79
soyabean,kharif,540.0,58.0,26.0,161.0,5.65
sunflower,kharif,8541.0,925.0,23.0,161.0,13.13
bajra,kharif,4338.0,520.0,20.0,90.0,10.58
castor seed,kharif,164.0,19.0,31.0,90.0,9.39
coriander,whole year,2227.0,267.0,34.0,90.0,7.85
dry chillies,whole year,3107.0,372.0,19.0,90.0,9.75
garlic,whole year,2711.0,325.0,36.0,90.0,14.77
ginger,whole year,824.0,98.0,21.0,90.0,15.08
groundnut,kharif,911.0,109.0,39.0,90.0,4.94
jowar,kharif,4112.0,493.0,31.0,90.0,10.3
moong green gram,kharif,8247.0,988.0,38.0,90.0,5.94
safflower,rabi,173.0,20.0,29.0,90.0,7.98
sannhamp,whole year,3191.0,382.0,36.0,90.0,8.11
sesamum,kharif,3188.0,382.0,26.0,90.0,8.01
small millets,kharif,6900.0,827.0,40.0,90.0,7.48
turmeric,whole year,3515.0,421.0,27.0,90.0,9.72
bajra,kharif,81.0,9.0,26.0,129.0,3.83
barley,rabi,3604.0,432.0,31.0,129.0,8.27
castor seed,kharif,95.0,11.0,23.0,129.0,3.16
coriander,whole year,4008.0,480.0,25.0,129.0,2.77
cotton lint,kharif,248.0,29.0,22.0,129.0,15.81
dry chillies,whole year,6389.0,766.0,25.0,129.0,2.61
garlic,whole year,899.0,107.0,24.0,129.0,28.01
ginger,whole year,1727.0,207.0,20.0,129.0,9.16
horse-gram,rabi,2860.0,342.0,15.0,129.0,2.76
jowar,kharif,8455.0,1013.0,32.0,129.0,6.89
mesta,kharif,1214.0,145.0,21.0,129.0,19.65
moong green gram,rabi,6999.0,839.0,30.0,129.0,2.25
safflower,rabi,960.0,115.0,20.0,129.0,2.42
sannhamp,whole year,1652.0,198.0,28.0,129.0,3.21
sugarcane,whole year,7422.0,890.0,31.0,129.0,25.01
sunflower,kharif,7795.0,934.0,33.0,129.0,3.67
tobacco,whole year,29.0,3.0,40.0,129.0,5.17
turmeric,whole year,772.0,92.0,23.0,129.0,8.85
urad,rabi,5677.0,680.0,37.0,129.0,2.43
arhar/tur,kharif,151.0,18.0,34.0,65.0,15.03
bajra,kharif,1690.0,202.0,36.0,65.0,17.93
barley,kharif,70.0,8.0,27.0,65.0,26.14
gram,rabi,47.0,5.0,38.0,65.0,14.26
jowar,kharif,8912.0,1068.0,31.0,65.0,8.8
maize,kharif,79.0,9.0,24.0,65.0,18.23
rice,kharif,7506.0,900.0,28.0,65.0,28.1
dry chillies,whole year,7500.0,899.0,32.0,94.0,9.07
dry chillies,whole year,1548.0,185.0,32.0,51.0,8.4
groundnut,kharif,3784.0,453.0,40.0,51.0,7.66
horse-gram,kharif,5685.0,681.0,15.0,51.0,2.11
masoor,rabi,5205.0,624.0,38.0,51.0,7.49
moth,kharif,3147.0,377.0,20.0,51.0,1.59
peas and beans  pulses,rabi,1048.0,125.0,29.0,51.0,11.45
sannhamp,whole year,440.0,52.0,33.0,51.0,2.27
sesamum,kharif,3959.0,474.0,24.0,51.0,3.54
urad,kharif,2490.0,298.0,34.0,51.0,3.61
arhar/tur,kharif,43.0,5.0,38.0,124.0,4.65
bajra,kharif,304.0,36.0,19.0,124.0,4.74
coriander,rabi,143.0,17.0,36.0,124.0,1.19
cotton lint,kharif,53.0,6.0,31.0,124.0,4.53
dry chillies,kharif,600.0,71.0,34.0,124.0,2.17
garlic,rabi,2986.0,358.0,27.0,124.0,6.58
gram,rabi,1338.0,160.0,34.0,124.0,5.34
groundnut,kharif,63.0,7.0,35.0,124.0,5.4
horse-gram,kharif,2370.0,284.0,20.0,124.0,3.68
linseed,rabi,1008.0,120.0,35.0,124.0,1.1
masoor,rabi,738.0,88.0,25.0,124.0,1.91
moong green gram,kharif,381.0,45.0,20.0,124.0,4.17
onion,rabi,829.0,99.0,34.0,124.0,48.79
peas and beans  pulses,rabi,5050.0,605.0,24.0,124.0,20.74
ragi,kharif,3323.0,398.0,24.0,124.0,10.26
sannhamp,kharif,37.0,4.0,30.0,124.0,4.86
sesamum,kharif,3808.0,456.0,39.0,124.0,4.0
small millets,kharif,8501.0,1019.0,33.0,124.0,6.67
soyabean,kharif,580.0,69.0,36.0,124.0,14.14
turmeric,kharif,147.0,17.0,32.0,124.0,6.05
castor seed,kharif,1499.0,179.0,34.0,103.0,3.08
horse-gram,rabi,153.0,18.0,24.0,103.0,2.81
jowar,rabi,2624.0,314.0,29.0,103.0,10.48
ragi,kharif,421.0,50.0,18.0,103.0,2.68
sunflower,kharif,1098.0,131.0,21.0,103.0,5.2
urad,rabi,5987.0,717.0,30.0,103.0,4.17
maize,summer,9500.0,1139.0,34.0,138.0,14.42
sesamum,rabi,4100.0,491.0,34.0,138.0,2.2
small millets,rabi,7500.0,899.0,19.0,138.0,5.87
arhar/tur,kharif,97.0,11.0,30.0,207.0,9.59
arhar/tur,rabi,46.0,5.0,26.0,207.0,9.13
cotton lint,kharif,308.0,36.0,29.0,207.0,7.82
groundnut,kharif,10.0,1.0,28.0,207.0,8.0
maize,rabi,932.0,111.0,28.0,207.0,21.28
masoor,rabi,10.0,1.0,39.0,207.0,10.0
moong green gram,kharif,18.0,2.0,25.0,207.0,12.78
moong green gram,rabi,63.0,7.0,30.0,207.0,14.13
peas and beans  pulses,kharif,123.0,14.0,20.0,207.0,8.94
peas and beans  pulses,rabi,621.0,74.0,39.0,207.0,9.5
potato,whole year,953.0,114.0,28.0,207.0,40.83
rapeseed andmustard,kharif,166.0,19.0,27.0,207.0,7.35
rapeseed andmustard,rabi,1634.0,195.0,25.0,207.0,6.6
sesamum,kharif,2600.0,311.0,18.0,207.0,5.81
soyabean,kharif,1450.0,173.0,20.0,207.0,19.45
tapioca,kharif,300.0,35.0,20.0,207.0,40.73
tobacco,whole year,511.0,61.0,37.0,207.0,7.12
urad,kharif,13.0,1.0,22.0,207.0,13.08
urad,rabi,23.0,2.0,21.0,207.0,23.04
arhar/tur,kharif,8000.0,959.0,29.0,156.0,9.5
bajra,kharif,3050.0,365.0,25.0,156.0,10.26
gram,rabi,400.0,47.0,39.0,156.0,10.0
groundnut,kharif,340.0,40.0,36.0,156.0,9.41
jowar,kharif,550.0,65.0,29.0,156.0,14.91
jute,kharif,2100.0,251.0,21.0,156.0,50.0
linseed,rabi,8000.0,959.0,29.0,156.0,6.0
maize,rabi,1600.0,191.0,31.0,156.0,18.0
masoor,rabi,2800.0,335.0,33.0,156.0,19.64
moong green gram,kharif,730.0,87.0,35.0,156.0,8.77
niger seed,kharif,850.0,101.0,15.0,156.0,10.0
peas and beans  pulses,kharif,1300.0,155.0,21.0,156.0,9.08
peas and beans  pulses,rabi,7150.0,857.0,38.0,156.0,14.69
rice,rabi,900.0,107.0,21.0,156.0,20.0
sesamum,kharif,5500.0,659.0,18.0,156.0,6.82
sunflower,kharif,500.0,59.0,15.0,156.0,7.0
sunflower,rabi,300.0,35.0,20.0,156.0,10.0
wheat,rabi,1200.0,143.0,17.0,156.0,16.0
arhar/tur,kharif,7800.0,935.0,25.0,56.0,8.85
bajra,kharif,5000.0,599.0,27.0,56.0,10.0
gram,rabi,3900.0,467.0,22.0,56.0,8.72
groundnut,kharif,3400.0,407.0,38.0,56.0,8.82
masoor,rabi,1900.0,227.0,29.0,56.0,4.74
moth,kharif,300.0,35.0,31.0,56.0,10.0
peas and beans  pulses,rabi,3500.0,419.0,27.0,56.0,11.43
urad,kharif,2800.0,335.0,21.0,56.0,5.36
arhar/tur,kharif,1135.0,136.0,37.0,176.0,7.1
cotton lint,kharif,1143.0,137.0,28.0,176.0,14.0
gram,rabi,171.0,20.0,27.0,176.0,7.6
groundnut,kharif,616.0,73.0,30.0,176.0,10.8
groundnut,rabi,290.0,34.0,16.0,176.0,9.38
maize,kharif,2150.0,257.0,25.0,176.0,9.77
masoor,rabi,402.0,48.0,16.0,176.0,7.44
moong green gram,kharif,963.0,115.0,17.0,176.0,5.38
moong green gram,rabi,317.0,38.0,35.0,176.0,6.03
peas and beans  pulses,rabi,1025.0,122.0,34.0,176.0,6.27
rapeseed andmustard,rabi,1753.0,210.0,31.0,176.0,7.28
sesamum,kharif,1526.0,182.0,29.0,176.0,4.59
urad,kharif,1260.0,151.0,19.0,176.0,5.9
urad,rabi,460.0,55.0,25.0,176.0,6.67
wheat,rabi,1750.0,209.0,30.0,176.0,18.19
arhar/tur,kharif,1612.0,193.0,40.0,135.0,5.46
gram,rabi,904.0,108.0,25.0,135.0,6.98
groundnut,kharif,1692.0,202.0,21.0,135.0,9.72
horse-gram,kharif,8571.0,1027.0,30.0,135.0,5.97
linseed,rabi,14.0,1.0,17.0,135.0,3.57
maize,summer,89.0,10.0,28.0,135.0,20.45
moong green gram,summer,15.0,1.0,36.0,135.0,4.67
moth,kharif,9.0,1.0,27.0,135.0,3.33
peas and beans  pulses,rabi,3837.0,460.0,31.0,135.0,6.85
rice,summer,8971.0,1075.0,16.0,135.0,47.54
sesamum,kharif,2164.0,259.0,26.0,135.0,2.53
sunflower,kharif,119.0,14.0,32.0,135.0,11.93
tobacco,whole year,26.0,3.0,32.0,135.0,37.31
urad,summer,399.0,47.0,31.0,135.0,2.53
masoor,rabi,2834.21,339.0,27.0,96.0,4.77
rapeseed andmustard,rabi,5989.03,718.0,34.0,96.0,6.78
sugarcane,whole year,130.68,15.0,33.0,96.0,41.17
bajra,kharif,4106.0,524.0,34.0,105.0,10.76
jowar,kharif,3397.0,433.0,35.0,105.0,10.32
moong green gram,kharif,6987.0,892.0,27.0,105.0,5.82
sannhamp,kharif,3207.0,409.0,26.0,105.0,8.22
sesamum,kharif,3522.0,449.0,25.0,105.0,7.76
bajra,kharif,71.0,9.0,25.0,131.0,4.79
barley,rabi,3485.0,445.0,20.0,131.0,8.15
castor seed,kharif,69.0,8.0,35.0,131.0,3.04
coriander,whole year,3629.0,463.0,31.0,131.0,2.79
cotton lint,kharif,97.0,12.0,18.0,131.0,16.91
dry chillies,whole year,6246.0,797.0,32.0,131.0,3.42
garlic,whole year,896.0,114.0,25.0,131.0,29.31
ginger,whole year,1888.0,241.0,38.0,131.0,11.06
horse-gram,rabi,2492.0,318.0,38.0,131.0,2.79
jowar,kharif,5292.0,675.0,21.0,131.0,9.84
mesta,kharif,1256.0,160.0,16.0,131.0,19.3
moong green gram,kharif,9516.0,1215.0,15.0,131.0,2.84
moong green gram,rabi,6971.0,890.0,16.0,131.0,2.35
onion,whole year,4484.0,572.0,17.0,131.0,51.53
potato,kharif,1781.0,227.0,35.0,131.0,40.36
potato,rabi,9513.0,1214.0,30.0,131.0,39.75
ragi,kharif,9296.0,1187.0,18.0,131.0,2.77
safflower,rabi,989.0,126.0,16.0,131.0,2.24
sannhamp,whole year,1571.0,200.0,32.0,131.0,3.3
sugarcane,whole year,7991.0,1020.0,33.0,131.0,25.42
sunflower,kharif,6493.0,829.0,38.0,131.0,4.2
tobacco,whole year,16.0,2.0,39.0,131.0,10.0
turmeric,whole year,879.0,112.0,24.0,131.0,8.45
urad,rabi,5444.0,695.0,35.0,131.0,2.52
arhar/tur,kharif,385.0,49.0,30.0,46.0,15.01
bajra,kharif,1592.0,203.0,19.0,46.0,18.5
barley,kharif,75.0,9.0,27.0,46.0,26.13
gram,rabi,45.0,5.0,19.0,46.0,14.44
jowar,kharif,8840.0,1128.0,27.0,46.0,9.45
maize,kharif,67.0,8.0,19.0,46.0,18.21
rice,kharif,7381.0,942.0,16.0,46.0,28.2
dry chillies,whole year,6900.0,881.0,38.0,105.0,9.28
castor seed,kharif,5543.0,707.0,24.0,32.0,4.33
dry chillies,whole year,1467.0,187.0,36.0,32.0,8.18
groundnut,kharif,1654.0,211.0,40.0,32.0,7.86
horse-gram,kharif,2057.0,262.0,27.0,32.0,2.92
masoor,rabi,4461.0,569.0,16.0,32.0,7.85
moth,kharif,1917.0,244.0,20.0,32.0,1.56
peas and beans  pulses,rabi,969.0,123.0,32.0,32.0,12.38
sannhamp,whole year,620.0,79.0,19.0,32.0,3.23
sesamum,kharif,3800.0,485.0,24.0,32.0,3.42
sunflower,rabi,7000.0,893.0,32.0,32.0,17.43
urad,kharif,3240.0,413.0,39.0,32.0,4.01
arhar/tur,kharif,150.0,19.0,17.0,120.0,3.4
bajra,kharif,360.0,45.0,23.0,120.0,5.03
coriander,rabi,144.0,18.0,36.0,120.0,2.08
cotton lint,kharif,55.0,7.0,31.0,120.0,4.18
dry chillies,kharif,623.0,79.0,16.0,120.0,2.54
garlic,rabi,2932.0,374.0,31.0,120.0,8.49
ginger,kharif,2396.0,305.0,37.0,120.0,17.5
gram,rabi,1328.0,169.0,30.0,120.0,7.67
groundnut,kharif,105.0,13.0,37.0,120.0,7.62
horse-gram,kharif,2551.0,325.0,16.0,120.0,5.24
linseed,rabi,1472.0,187.0,16.0,120.0,2.44
masoor,rabi,727.0,92.0,28.0,120.0,5.46
moong green gram,kharif,452.0,57.0,26.0,120.0,4.47
moth,kharif,12.0,1.0,31.0,120.0,2.5
peas and beans  pulses,rabi,8170.0,1043.0,31.0,120.0,20.63
ragi,kharif,2950.0,376.0,35.0,120.0,10.71
rapeseed andmustard,rabi,8887.0,1134.0,32.0,120.0,5.07
sannhamp,kharif,76.0,9.0,17.0,120.0,1.84
sesamum,kharif,3802.0,485.0,20.0,120.0,4.49
small millets,kharif,7479.0,955.0,16.0,120.0,6.8
soyabean,kharif,638.0,81.0,20.0,120.0,16.82
turmeric,kharif,187.0,23.0,28.0,120.0,5.29
castor seed,kharif,1508.0,192.0,34.0,107.0,3.77
ginger,kharif,6005.0,766.0,25.0,107.0,12.32
horse-gram,rabi,211.0,26.0,24.0,107.0,2.8
jowar,rabi,3206.0,409.0,24.0,107.0,10.33
jute,kharif,4608.0,588.0,22.0,107.0,18.77
mesta,kharif,523.0,66.0,39.0,107.0,22.68
moong green gram,rabi,3039.0,388.0,30.0,107.0,2.67
safflower,rabi,427.0,54.0,33.0,107.0,2.69
sunflower,kharif,848.0,108.0,16.0,107.0,4.34
tobacco,whole year,204.0,26.0,33.0,107.0,4.22
turmeric,whole year,668.0,85.0,29.0,107.0,8.73
urad,rabi,6630.0,846.0,33.0,107.0,3.47
sesamum,rabi,5000.0,638.0,21.0,143.0,3.4
small millets,rabi,5400.0,689.0,23.0,143.0,5.74
arhar/tur,kharif,8500.0,1085.0,36.0,136.0,11.94
cardamom,kharif,900.0,114.0,17.0,136.0,16.0
cotton lint,kharif,200.0,25.0,18.0,136.0,2.0
gram,rabi,360.0,45.0,35.0,136.0,13.06
groundnut,kharif,950.0,121.0,15.0,136.0,10.11
jowar,kharif,1000.0,127.0,30.0,136.0,7.5
jute,kharif,2500.0,319.0,35.0,136.0,42.6
linseed,rabi,8800.0,1123.0,25.0,136.0,6.5
maize,rabi,1500.0,191.0,31.0,136.0,18.67
masoor,rabi,2960.0,378.0,32.0,136.0,11.86
moong green gram,kharif,1000.0,127.0,22.0,136.0,12.6
niger seed,kharif,810.0,103.0,39.0,136.0,6.91
peas and beans  pulses,kharif,1700.0,217.0,29.0,136.0,11.82
peas and beans  pulses,rabi,7300.0,932.0,27.0,136.0,12.04
rice,rabi,1000.0,127.0,26.0,136.0,16.0
sesamum,kharif,5330.0,680.0,32.0,136.0,6.49
sunflower,kharif,380.0,48.0,34.0,136.0,7.89
sunflower,rabi,960.0,122.0,25.0,136.0,7.92
urad,rabi,660.0,84.0,29.0,136.0,11.97
wheat,rabi,1500.0,191.0,21.0,136.0,8.33
arhar/tur,kharif,7200.0,919.0,19.0,56.0,9.31
bajra,kharif,6000.0,766.0,27.0,56.0,10.0
gram,rabi,3800.0,485.0,34.0,56.0,10.0
groundnut,kharif,4400.0,561.0,22.0,56.0,8.64
jowar,kharif,100.0,12.0,31.0,56.0,10.0
linseed,rabi,200.0,25.0,31.0,56.0,5.0
masoor,rabi,2100.0,268.0,20.0,56.0,3.81
moth,kharif,100.0,12.0,23.0,56.0,10.0
peas and beans  pulses,rabi,3100.0,395.0,30.0,56.0,11.61
sesamum,kharif,9500.0,1213.0,33.0,56.0,3.37
urad,kharif,3300.0,421.0,39.0,56.0,4.24
arhar/tur,kharif,1193.0,152.0,21.0,176.0,7.12
cotton lint,kharif,1148.0,146.0,32.0,176.0,13.92
gram,rabi,132.0,16.0,32.0,176.0,7.27
groundnut,kharif,412.0,52.0,15.0,176.0,10.56
groundnut,rabi,187.0,23.0,32.0,176.0,9.95
maize,kharif,2450.0,312.0,22.0,176.0,9.88
masoor,rabi,360.0,45.0,35.0,176.0,6.5
moong green gram,kharif,744.0,95.0,35.0,176.0,5.23
moong green gram,rabi,349.0,44.0,35.0,176.0,5.3
peas and beans  pulses,rabi,828.0,105.0,25.0,176.0,7.51
rapeseed andmustard,rabi,1744.0,222.0,20.0,176.0,7.8
sesamum,kharif,2077.0,265.0,38.0,176.0,5.05
urad,kharif,1290.0,164.0,29.0,176.0,5.52
urad,rabi,521.0,66.0,19.0,176.0,6.33
wheat,rabi,970.0,123.0,20.0,176.0,19.02
coriander,whole year,5515.0,704.0,16.0,59.0,5.2
cotton lint,kharif,5174.0,660.0,34.0,59.0,2.14
ginger,kharif,887.0,113.0,18.0,59.0,30.76
guar seed,whole year,2494.0,318.0,35.0,59.0,8.41
maize,rabi,4215.0,538.0,21.0,59.0,31.5
sannhamp,kharif,3248.0,414.0,35.0,59.0,2.78
soyabean,kharif,7494.0,957.0,25.0,59.0,9.76
tobacco,summer,490.0,62.0,19.0,59.0,29.49
turmeric,rabi,1625.0,207.0,18.0,59.0,34.01
arhar/tur,kharif,1827.0,233.0,17.0,117.0,5.45
bajra,kharif,11.0,1.0,36.0,117.0,11.82
gram,rabi,877.0,112.0,20.0,117.0,7.69
groundnut,kharif,1749.0,223.0,16.0,117.0,10.79
horse-gram,kharif,9523.0,1216.0,18.0,117.0,7.08
linseed,rabi,40.0,5.0,25.0,117.0,3.75
maize,rabi,81.0,10.0,17.0,117.0,16.17
moong green gram,rabi,30.0,3.0,24.0,117.0,4.33
moth,kharif,10.0,1.0,29.0,117.0,3.0
peas and beans  pulses,rabi,5003.0,638.0,16.0,117.0,9.8
sesamum,kharif,1799.0,229.0,27.0,117.0,2.4
soyabean,kharif,9327.0,1191.0,39.0,117.0,13.22
sunflower,kharif,47.0,6.0,34.0,117.0,12.13
tobacco,whole year,13.0,1.0,28.0,117.0,33.85
turmeric,whole year,207.0,26.0,33.0,117.0,22.95
urad,rabi,335.0,42.0,25.0,117.0,6.3
masoor,rabi,4190.51,535.0,37.0,146.0,6.01
horse-gram,kharif,7000.0,933.0,36.0,100.0,5.71
ragi,rabi,7000.0,933.0,16.0,100.0,11.43
wheat,rabi,8000.0,1067.0,27.0,100.0,10.0
bajra,kharif,3497.0,466.0,23.0,160.0,11.03
castor seed,kharif,203.0,27.0,31.0,160.0,9.56
coriander,whole year,2167.0,289.0,28.0,160.0,7.26
dry chillies,whole year,2680.0,357.0,23.0,160.0,13.19
garlic,whole year,2502.0,333.0,20.0,160.0,14.45
ginger,kharif,699.0,93.0,26.0,160.0,15.38
groundnut,kharif,1207.0,161.0,30.0,160.0,7.19
jowar,kharif,3426.0,457.0,20.0,160.0,10.98
moong green gram,kharif,8834.0,1178.0,20.0,160.0,6.07
safflower,rabi,115.0,15.0,37.0,160.0,8.0
sannhamp,kharif,3451.0,460.0,26.0,160.0,44.34
sesamum,kharif,2832.0,377.0,39.0,160.0,7.93
small millets,kharif,7000.0,933.0,32.0,160.0,7.38
turmeric,whole year,3432.0,457.0,40.0,160.0,9.96
bajra,kharif,68.0,9.0,34.0,124.0,4.56
barley,rabi,3433.0,457.0,24.0,124.0,11.6
castor seed,kharif,158.0,21.0,21.0,124.0,3.8
coriander,whole year,3184.0,424.0,17.0,124.0,2.8
cotton lint,kharif,50.0,6.0,18.0,124.0,13.6
dry chillies,whole year,6028.0,804.0,27.0,124.0,6.98
garlic,whole year,901.0,120.0,18.0,124.0,28.08
ginger,whole year,1836.0,244.0,22.0,124.0,11.09
horse-gram,rabi,2814.0,375.0,38.0,124.0,2.92
jowar,kharif,7709.0,1028.0,37.0,124.0,9.38
mesta,kharif,1372.0,183.0,19.0,124.0,19.85
moong green gram,kharif,9211.0,1228.0,18.0,124.0,2.84
moong green gram,rabi,6937.0,925.0,25.0,124.0,2.35
onion,whole year,4372.0,583.0,22.0,124.0,47.78
potato,kharif,1910.0,254.0,16.0,124.0,42.2
safflower,rabi,512.0,68.0,23.0,124.0,2.42
sannhamp,whole year,1605.0,214.0,21.0,124.0,3.34
sunflower,kharif,6227.0,830.0,16.0,124.0,3.52
tobacco,whole year,19.0,2.0,22.0,124.0,5.79
turmeric,whole year,918.0,122.0,39.0,124.0,9.22
urad,rabi,5915.0,789.0,20.0,124.0,2.6
dry chillies,whole year,8300.0,1107.0,24.0,102.0,9.52
castor seed,kharif,2098.0,279.0,26.0,44.0,9.06
groundnut,kharif,1314.0,175.0,20.0,44.0,7.61
horse-gram,kharif,458.0,61.0,23.0,44.0,2.18
masoor,rabi,3430.0,457.0,26.0,44.0,7.58
moth,kharif,2798.0,373.0,33.0,44.0,1.43
peas and beans  pulses,rabi,1040.0,138.0,28.0,44.0,11.54
sannhamp,whole year,273.0,36.0,31.0,44.0,3.66
sesamum,kharif,2741.0,365.0,20.0,44.0,3.65
sunflower,rabi,8655.0,1154.0,24.0,44.0,18.72
urad,kharif,3511.0,468.0,34.0,44.0,3.99
arhar/tur,kharif,49.0,6.0,28.0,109.0,3.47
coriander,rabi,236.0,31.0,22.0,109.0,2.88
cotton lint,kharif,63.0,8.0,27.0,109.0,4.6
dry chillies,kharif,669.0,89.0,21.0,109.0,3.8
garlic,rabi,4299.0,573.0,18.0,109.0,12.76
gram,rabi,1452.0,193.0,26.0,109.0,9.45
groundnut,kharif,97.0,12.0,16.0,109.0,9.69
horse-gram,kharif,2422.0,323.0,27.0,109.0,4.53
linseed,rabi,1571.0,209.0,22.0,109.0,2.51
masoor,kharif,607.0,80.0,38.0,109.0,5.8
moong green gram,kharif,685.0,91.0,38.0,109.0,4.73
moth,kharif,9.0,1.0,27.0,109.0,3.33
ragi,kharif,1845.0,246.0,23.0,109.0,13.49
rapeseed andmustard,rabi,8758.0,1168.0,16.0,109.0,4.09
sannhamp,kharif,32.0,4.0,39.0,109.0,1.88
sesamum,kharif,3586.0,478.0,25.0,109.0,3.54
small millets,kharif,7443.0,992.0,24.0,109.0,7.34
soyabean,kharif,626.0,83.0,29.0,109.0,16.81
turmeric,kharif,142.0,18.0,19.0,109.0,5.07
castor seed,kharif,1626.0,216.0,36.0,74.0,4.19
horse-gram,rabi,165.0,22.0,18.0,74.0,2.79
jowar,rabi,3446.0,459.0,28.0,74.0,11.04
ragi,kharif,456.0,60.0,20.0,74.0,3.07
safflower,rabi,433.0,57.0,32.0,74.0,2.15
sannhamp,kharif,4569.0,609.0,16.0,74.0,7.44
small millets,whole year,2912.0,388.0,25.0,74.0,2.27
sunflower,whole year,615.0,82.0,29.0,74.0,4.94
tobacco,whole year,157.0,20.0,32.0,74.0,4.27
turmeric,whole year,655.0,87.0,17.0,74.0,8.32
urad,rabi,6224.0,830.0,29.0,74.0,3.25
rapeseed andmustard,rabi,9200.0,1227.0,27.0,125.0,4.67
sesamum,rabi,3700.0,493.0,38.0,125.0,3.51
small millets,rabi,5200.0,693.0,22.0,125.0,5.19
arhar/tur,kharif,804.0,107.0,31.0,470.0,7.89
castor seed,kharif,28.0,3.0,31.0,470.0,5.36
cotton lint,kharif,7186.0,958.0,38.0,470.0,9.09
gram,rabi,544.0,72.0,35.0,470.0,6.18
linseed,rabi,82.0,10.0,20.0,470.0,4.76
mesta,kharif,4395.0,586.0,26.0,470.0,45.59
rapeseed andmustard,rabi,7252.0,967.0,23.0,470.0,6.61
sesamum,kharif,1633.0,217.0,27.0,470.0,5.37
small millets,kharif,2627.0,350.0,26.0,470.0,8.56
sugarcane,whole year,92.0,12.0,36.0,470.0,27.39
tobacco,whole year,696.0,92.0,24.0,470.0,6.67
wheat,rabi,622.0,82.0,35.0,470.0,18.01
arhar/tur,kharif,3200.0,426.0,17.0,176.0,12.12
cardamom,kharif,200.0,26.0,35.0,176.0,5.0
cotton lint,kharif,150.0,20.0,17.0,176.0,2.67
dry chillies,kharif,700.0,93.0,37.0,176.0,12.71
groundnut,kharif,1450.0,193.0,28.0,176.0,10.97
jowar,kharif,800.0,106.0,36.0,176.0,13.12
jute,kharif,2450.0,326.0,23.0,176.0,12.0
maize,rabi,1500.0,200.0,38.0,176.0,19.07
moong green gram,kharif,450.0,60.0,22.0,176.0,11.56
peas and beans  pulses,rabi,6020.0,803.0,18.0,176.0,13.39
rice,rabi,1500.0,200.0,24.0,176.0,16.67
sesamum,kharif,6520.0,869.0,22.0,176.0,6.09
sunflower,kharif,1000.0,133.0,24.0,176.0,9.7
sunflower,rabi,1200.0,160.0,34.0,176.0,7.92
turmeric,kharif,100.0,13.0,21.0,176.0,45.0
wheat,rabi,1150.0,153.0,15.0,176.0,15.65
arhar/tur,kharif,6000.0,800.0,22.0,52.0,9.0
bajra,kharif,4000.0,533.0,31.0,52.0,10.0
gram,rabi,2700.0,360.0,38.0,52.0,10.37
groundnut,kharif,3100.0,413.0,39.0,52.0,8.71
jowar,kharif,100.0,13.0,21.0,52.0,10.0
masoor,rabi,1200.0,160.0,22.0,52.0,5.0
sesamum,kharif,8200.0,1093.0,25.0,52.0,3.29
urad,kharif,3500.0,466.0,35.0,52.0,4.57
arhar/tur,kharif,1221.0,162.0,32.0,283.0,7.22
cotton lint,kharif,1110.0,148.0,17.0,283.0,13.55
gram,rabi,101.0,13.0,29.0,283.0,7.13
groundnut,kharif,409.0,54.0,29.0,283.0,10.34
groundnut,rabi,270.0,36.0,38.0,283.0,9.74
maize,kharif,2123.0,283.0,37.0,283.0,10.01
masoor,rabi,323.0,43.0,30.0,283.0,6.63
moong green gram,kharif,366.0,48.0,32.0,283.0,5.0
moong green gram,rabi,242.0,32.0,33.0,283.0,5.66
peas and beans  pulses,rabi,644.0,85.0,21.0,283.0,7.05
rapeseed andmustard,rabi,1451.0,193.0,33.0,283.0,7.32
sesamum,kharif,1776.0,236.0,40.0,283.0,5.05
urad,kharif,882.0,117.0,38.0,283.0,5.92
urad,rabi,406.0,54.0,33.0,283.0,6.18
wheat,rabi,1023.0,136.0,25.0,283.0,18.47
coriander,rabi,5594.0,746.0,27.0,67.0,5.79
cotton lint,kharif,4260.0,568.0,22.0,67.0,2.73
ginger,kharif,900.0,120.0,28.0,67.0,22.61
guar seed,kharif,2370.0,316.0,32.0,67.0,8.39
maize,rabi,3627.0,483.0,33.0,67.0,28.08
sannhamp,kharif,2533.0,337.0,25.0,67.0,1.94
soyabean,kharif,4834.0,644.0,27.0,67.0,6.7
tobacco,summer,496.0,66.0,23.0,67.0,24.86
turmeric,rabi,1368.0,182.0,16.0,67.0,30.69
arhar/tur,kharif,2932.0,391.0,23.0,192.0,7.58
bajra,kharif,42.0,5.0,30.0,192.0,9.52
dry chillies,kharif,5671.0,756.0,30.0,192.0,3.53
gram,rabi,756.0,100.0,30.0,192.0,6.87
groundnut,kharif,1546.0,206.0,32.0,192.0,8.53
horse-gram,kharif,9001.0,1200.0,33.0,192.0,7.78
maize,summer,82.0,10.0,24.0,192.0,16.22
moong green gram,kharif,8.0,1.0,31.0,192.0,3.75
moong green gram,summer,14.0,1.0,17.0,192.0,4.29
moth,kharif,8.0,1.0,37.0,192.0,3.75
onion,whole year,1976.0,263.0,34.0,192.0,51.1
peas and beans  pulses,rabi,3903.0,520.0,23.0,192.0,9.01
sesamum,kharif,1961.0,261.0,37.0,192.0,2.27
sunflower,kharif,45.0,6.0,38.0,192.0,9.56
tobacco,whole year,12.0,1.0,33.0,192.0,30.0
turmeric,whole year,223.0,29.0,33.0,192.0,18.07
urad,summer,298.0,39.0,24.0,192.0,4.5
masoor,rabi,4425.09,590.0,18.0,144.0,6.61
rapeseed andmustard,rabi,7190.9,959.0,40.0,144.0,8.46
bajra,kharif,2960.0,423.0,28.0,119.0,11.98
castor seed,kharif,185.0,26.0,21.0,119.0,9.57
dry chillies,whole year,2364.0,338.0,20.0,119.0,13.7
garlic,whole year,2522.0,360.0,26.0,119.0,15.92
ginger,kharif,780.0,111.0,36.0,119.0,16.28
groundnut,kharif,1734.0,248.0,18.0,119.0,4.94
jowar,kharif,2399.0,343.0,39.0,119.0,10.6
moong green gram,kharif,8587.0,1228.0,38.0,119.0,6.53
safflower,rabi,215.0,30.0,16.0,119.0,8.14
sannhamp,kharif,3358.0,480.0,32.0,119.0,44.6
sesamum,kharif,2298.0,328.0,22.0,119.0,8.02
small millets,kharif,7833.0,1120.0,22.0,119.0,7.53
turmeric,whole year,2610.0,373.0,24.0,119.0,11.6
bajra,kharif,121.0,17.0,32.0,111.0,3.97
barley,rabi,3182.0,455.0,35.0,111.0,8.99
castor seed,kharif,39.0,5.0,17.0,111.0,3.08
coriander,whole year,3035.0,434.0,19.0,111.0,2.85
cotton lint,kharif,25.0,3.0,18.0,111.0,12.8
dry chillies,whole year,6013.0,860.0,37.0,111.0,5.31
garlic,whole year,941.0,134.0,32.0,111.0,25.21
ginger,whole year,1857.0,265.0,17.0,111.0,11.35
horse-gram,rabi,2273.0,325.0,33.0,111.0,2.71
jowar,kharif,5361.0,766.0,19.0,111.0,11.7
mesta,kharif,1390.0,198.0,30.0,111.0,19.57
moong green gram,rabi,6972.0,997.0,37.0,111.0,2.24
onion,whole year,4332.0,619.0,28.0,111.0,51.34
potato,kharif,690.0,98.0,30.0,111.0,38.67
safflower,rabi,745.0,106.0,25.0,111.0,2.56
sannhamp,whole year,1434.0,205.0,20.0,111.0,3.36
sunflower,kharif,4550.0,650.0,20.0,111.0,4.12
sweet potato,whole year,2683.0,383.0,27.0,111.0,52.78
tobacco,whole year,27.0,3.0,19.0,111.0,5.19
turmeric,whole year,875.0,125.0,23.0,111.0,8.97
urad,rabi,4679.0,669.0,30.0,111.0,2.45
dry chillies,whole year,7400.0,1058.0,33.0,74.0,9.05
castor seed,kharif,1823.0,260.0,19.0,71.0,11.52
coriander,whole year,398.0,56.0,36.0,71.0,20.1
groundnut,kharif,1544.0,220.0,22.0,71.0,9.07
horse-gram,kharif,520.0,74.0,26.0,71.0,3.85
masoor,rabi,4858.0,694.0,24.0,71.0,7.41
moth,kharif,3133.0,448.0,37.0,71.0,1.92
peas and beans  pulses,rabi,869.0,124.0,36.0,71.0,10.36
sannhamp,whole year,238.0,34.0,17.0,71.0,4.2
sesamum,kharif,3644.0,521.0,20.0,71.0,3.57
sunflower,rabi,6544.0,936.0,15.0,71.0,18.03
urad,kharif,2580.0,369.0,27.0,71.0,3.88
arhar/tur,kharif,15.0,2.0,30.0,135.0,1.33
bajra,kharif,203.0,29.0,25.0,135.0,5.57
coriander,rabi,136.0,19.0,30.0,135.0,1.4
cotton lint,kharif,45.0,6.0,29.0,135.0,4.67
dry chillies,kharif,640.0,91.0,34.0,135.0,3.11
garlic,rabi,4036.0,577.0,38.0,135.0,3.09
gram,rabi,728.0,104.0,33.0,135.0,3.98
groundnut,kharif,81.0,11.0,32.0,135.0,8.15
horse-gram,kharif,2238.0,320.0,36.0,135.0,3.88
linseed,rabi,695.0,99.0,39.0,135.0,2.13
masoor,rabi,661.0,94.0,16.0,135.0,3.25
moong green gram,kharif,109.0,15.0,34.0,135.0,4.13
moth,kharif,23.0,3.0,38.0,135.0,3.04
peas and beans  pulses,kharif,887.0,126.0,26.0,135.0,12.58
peas and beans  pulses,rabi,8395.0,1200.0,32.0,135.0,13.65
ragi,kharif,2273.0,325.0,20.0,135.0,10.74
sesamum,kharif,3307.0,473.0,39.0,135.0,3.51
small millets,kharif,5890.0,842.0,15.0,135.0,7.29
soyabean,kharif,738.0,105.0,17.0,135.0,16.73
turmeric,kharif,208.0,29.0,26.0,135.0,5.29
castor seed,kharif,1420.0,203.0,30.0,89.0,3.55
horse-gram,rabi,193.0,27.0,24.0,89.0,2.8
jowar,rabi,2641.0,377.0,35.0,89.0,12.03
ragi,kharif,444.0,63.0,27.0,89.0,3.11
safflower,rabi,260.0,37.0,33.0,89.0,2.19
sannhamp,kharif,4427.0,633.0,25.0,89.0,3.41
sunflower,kharif,395.0,56.0,17.0,89.0,4.41
tobacco,whole year,229.0,32.0,24.0,89.0,4.02
turmeric,whole year,657.0,93.0,19.0,89.0,8.86
urad,rabi,5998.0,857.0,23.0,89.0,3.38
rapeseed andmustard,rabi,6200.0,886.0,23.0,105.0,3.39
sesamum,rabi,1700.0,243.0,33.0,105.0,4.12
small millets,rabi,5100.0,729.0,19.0,105.0,5.29
sunflower,summer,5800.0,829.0,20.0,105.0,9.31
arhar/tur,kharif,525.0,75.0,39.0,113.0,11.18
cowpea lobia,kharif,948.0,135.0,35.0,113.0,10.75
gram,rabi,548.0,78.0,25.0,113.0,8.34
groundnut,kharif,3217.0,460.0,22.0,113.0,7.28
maize,rabi,2250.0,321.0,26.0,113.0,13.91
masoor,rabi,455.0,65.0,36.0,113.0,8.29
moong green gram,kharif,431.0,61.0,30.0,113.0,11.0
soyabean,kharif,4983.0,712.0,38.0,113.0,7.64
urad,kharif,1487.0,212.0,22.0,113.0,10.82
wheat,rabi,2050.0,293.0,28.0,113.0,24.98
arhar/tur,kharif,3160.0,452.0,23.0,154.0,9.59
cardamom,kharif,800.0,114.0,29.0,154.0,1.88
cotton lint,kharif,110.0,15.0,29.0,154.0,5.45
dry chillies,kharif,2500.0,357.0,39.0,154.0,12.52
gram,rabi,250.0,35.0,40.0,154.0,8.0
groundnut,kharif,740.0,105.0,16.0,154.0,10.0
jowar,kharif,140.0,20.0,25.0,154.0,9.29
jute,kharif,2500.0,357.0,24.0,154.0,18.08
linseed,rabi,5670.0,811.0,37.0,154.0,7.69
maize,rabi,1200.0,171.0,22.0,154.0,18.0
masoor,rabi,1260.0,180.0,22.0,154.0,6.98
moong green gram,kharif,400.0,57.0,25.0,154.0,6.25
peas and beans  pulses,kharif,2140.0,306.0,27.0,154.0,13.97
peas and beans  pulses,rabi,6420.0,918.0,22.0,154.0,13.8
sesamum,kharif,4800.0,686.0,22.0,154.0,6.0
sunflower,kharif,300.0,42.0,21.0,154.0,8.0
turmeric,kharif,800.0,114.0,36.0,154.0,45.0
urad,rabi,260.0,37.0,34.0,154.0,6.92
wheat,rabi,1380.0,197.0,24.0,154.0,15.0
arhar/tur,kharif,5900.0,843.0,28.0,69.0,9.66
bajra,kharif,5000.0,715.0,34.0,69.0,10.0
gram,rabi,2900.0,414.0,35.0,69.0,11.72
groundnut,kharif,2700.0,386.0,22.0,69.0,9.26
jowar,kharif,100.0,14.0,29.0,69.0,10.0
linseed,rabi,100.0,14.0,37.0,69.0,10.0
masoor,rabi,1100.0,157.0,32.0,69.0,5.45
peas and beans  pulses,rabi,2000.0,286.0,40.0,69.0,11.5
sesamum,kharif,8300.0,1187.0,39.0,69.0,3.37
urad,kharif,2900.0,414.0,35.0,69.0,4.83
arhar/tur,kharif,988.0,141.0,16.0,182.0,7.28
cotton lint,kharif,969.0,138.0,25.0,182.0,14.7
gram,rabi,91.0,13.0,15.0,182.0,9.67
groundnut,kharif,291.0,41.0,25.0,182.0,10.72
groundnut,rabi,195.0,27.0,26.0,182.0,11.69
maize,kharif,2093.0,299.0,20.0,182.0,9.78
masoor,rabi,352.0,50.0,30.0,182.0,7.61
moong green gram,kharif,389.0,55.0,31.0,182.0,5.24
moong green gram,rabi,218.0,31.0,16.0,182.0,6.19
peas and beans  pulses,rabi,599.0,85.0,33.0,182.0,8.25
rapeseed andmustard,rabi,1588.0,227.0,20.0,182.0,7.49
sesamum,kharif,1392.0,199.0,24.0,182.0,5.6
urad,kharif,716.0,102.0,30.0,182.0,6.45
urad,rabi,336.0,48.0,23.0,182.0,6.76
wheat,rabi,635.0,90.0,18.0,182.0,18.82
coriander,rabi,5662.0,809.0,21.0,89.0,5.97
cotton lint,kharif,3556.0,508.0,28.0,89.0,2.2
guar seed,kharif,2460.0,351.0,31.0,89.0,8.4
maize,rabi,3617.0,517.0,29.0,89.0,26.25
sannhamp,kharif,2889.0,413.0,22.0,89.0,3.2
tobacco,summer,546.0,78.0,31.0,89.0,22.71
arhar/tur,kharif,2383.0,340.0,18.0,136.0,7.18
bajra,kharif,20.0,2.0,29.0,136.0,9.5
gram,rabi,683.0,97.0,24.0,136.0,4.77
groundnut,kharif,1355.0,193.0,37.0,136.0,13.25
maize,summer,92.0,13.0,35.0,136.0,16.3
moong green gram,kharif,56.0,8.0,34.0,136.0,4.46
moth,kharif,343.0,49.0,20.0,136.0,3.5
onion,whole year,1869.0,267.0,29.0,136.0,42.38
peas and beans  pulses,rabi,3516.0,502.0,20.0,136.0,4.28
sesamum,kharif,2228.0,318.0,18.0,136.0,2.15
soyabean,kharif,8328.0,1191.0,37.0,136.0,12.17
sunflower,kharif,37.0,5.0,31.0,136.0,9.46
tobacco,whole year,11.0,1.0,38.0,136.0,35.45
turmeric,whole year,215.0,30.0,24.0,136.0,20.14
urad,summer,203.0,29.0,40.0,136.0,6.35
arhar/tur,rabi,22.0,3.0,34.0,139.0,5.45
garlic,rabi,604.0,86.0,39.0,139.0,8.54
gram,rabi,284.0,40.0,34.0,139.0,5.46
linseed,rabi,126.0,18.0,17.0,139.0,7.7
masoor,rabi,81.0,11.0,24.0,139.0,4.69
onion,rabi,383.0,54.0,33.0,139.0,24.33
peas and beans  pulses,rabi,1109.0,158.0,40.0,139.0,10.06
urad,rabi,11.0,1.0,25.0,139.0,4.55
arhar/tur,winter,899.14,128.0,18.0,129.0,16.0
onion,rabi,3049.28,436.0,34.0,129.0,50.7
bajra,kharif,2951.0,459.0,36.0,88.0,11.11
jowar,kharif,1627.0,253.0,26.0,88.0,10.37
sannhamp,kharif,1903.0,296.0,17.0,88.0,8.15
small millets,kharif,3123.0,486.0,20.0,88.0,7.68
bajra,kharif,70.0,10.0,33.0,95.0,2.86
barley,rabi,3019.0,470.0,25.0,95.0,7.65
castor seed,kharif,64.0,9.0,18.0,95.0,2.81
coriander,whole year,3146.0,490.0,36.0,95.0,2.73
dry chillies,whole year,6084.0,948.0,33.0,95.0,6.99
garlic,whole year,990.0,154.0,15.0,95.0,25.44
ginger,whole year,1780.0,277.0,17.0,95.0,10.0
horse-gram,rabi,2169.0,337.0,17.0,95.0,2.6
jowar,kharif,5647.0,879.0,23.0,95.0,12.16
mesta,kharif,1260.0,196.0,31.0,95.0,17.24
moong green gram,rabi,7089.0,1104.0,26.0,95.0,2.25
onion,whole year,5013.0,781.0,27.0,95.0,45.73
safflower,rabi,847.0,131.0,34.0,95.0,2.85
sannhamp,whole year,1532.0,238.0,35.0,95.0,3.18
sugarcane,whole year,6788.0,1057.0,29.0,95.0,52.09
sunflower,kharif,4523.0,704.0,30.0,95.0,1.3
tobacco,whole year,22.0,3.0,34.0,95.0,5.0
turmeric,whole year,906.0,141.0,34.0,95.0,8.45
urad,rabi,4512.0,703.0,16.0,95.0,2.52
castor seed,kharif,1012.0,157.0,31.0,39.0,10.87
coriander,whole year,378.0,58.0,23.0,39.0,15.87
dry chillies,whole year,908.0,141.0,34.0,39.0,15.42
groundnut,kharif,1729.0,269.0,29.0,39.0,9.25
horse-gram,kharif,436.0,67.0,40.0,39.0,2.29
masoor,rabi,4646.0,723.0,22.0,39.0,7.75
moth,kharif,2789.0,434.0,32.0,39.0,2.51
peas and beans  pulses,rabi,1651.0,257.0,37.0,39.0,9.69
sesamum,kharif,2990.0,465.0,40.0,39.0,4.01
sunflower,rabi,6189.0,964.0,23.0,39.0,17.94
urad,kharif,2964.0,461.0,37.0,39.0,3.71
arhar/tur,kharif,12.0,1.0,39.0,96.0,2.5
bajra,kharif,213.0,33.0,23.0,96.0,4.98
coriander,rabi,120.0,18.0,16.0,96.0,5.5
cotton lint,kharif,8.0,1.0,16.0,96.0,2.5
dry chillies,kharif,603.0,93.0,36.0,96.0,5.27
garlic,rabi,4860.0,757.0,28.0,96.0,17.47
ginger,kharif,2488.0,387.0,31.0,96.0,46.7
gram,rabi,604.0,94.0,25.0,96.0,5.1
groundnut,kharif,195.0,30.0,17.0,96.0,6.62
horse-gram,kharif,2005.0,312.0,23.0,96.0,2.99
linseed,rabi,1415.0,220.0,31.0,96.0,2.51
masoor,rabi,704.0,109.0,28.0,96.0,3.89
moong green gram,kharif,225.0,35.0,25.0,96.0,4.62
peas and beans  pulses,kharif,817.0,127.0,23.0,96.0,9.16
ragi,kharif,2208.0,344.0,34.0,96.0,9.53
sesamum,kharif,2773.0,432.0,35.0,96.0,0.84
small millets,kharif,4937.0,769.0,27.0,96.0,3.59
soyabean,kharif,550.0,85.0,16.0,96.0,7.82
turmeric,kharif,194.0,30.0,24.0,96.0,5.67
castor seed,kharif,6700.0,1043.0,35.0,100.0,2.24
rapeseed andmustard,rabi,5800.0,903.0,37.0,100.0,3.86
sesamum,rabi,2500.0,389.0,25.0,100.0,2.0
small millets,rabi,5300.0,825.0,26.0,100.0,5.28
sunflower,summer,5100.0,794.0,26.0,100.0,10.59
arhar/tur,kharif,168.0,26.0,30.0,99.0,8.87
cowpea lobia,kharif,185.0,28.0,39.0,99.0,8.49
gram,rabi,1848.0,287.0,37.0,99.0,8.57
groundnut,kharif,475.0,74.0,18.0,99.0,5.89
masoor,rabi,1413.0,220.0,21.0,99.0,8.46
moong green gram,kharif,190.0,29.0,22.0,99.0,8.16
soyabean,kharif,565.0,88.0,33.0,99.0,6.02
urad,kharif,361.0,56.0,31.0,99.0,8.23
arhar/tur,kharif,3000.0,467.0,30.0,122.0,7.03
bajra,kharif,1000.0,155.0,37.0,122.0,6.9
barley,rabi,500.0,77.0,26.0,122.0,14.0
castor seed,kharif,650.0,101.0,22.0,122.0,5.08
cotton lint,kharif,90.0,14.0,35.0,122.0,4.44
gram,rabi,570.0,88.0,31.0,122.0,7.02
groundnut,kharif,700.0,109.0,25.0,122.0,7.86
jowar,kharif,240.0,37.0,35.0,122.0,4.17
jute,kharif,1250.0,194.0,39.0,122.0,15.68
maize,rabi,5000.0,779.0,25.0,122.0,15.0
masoor,rabi,1910.0,297.0,31.0,122.0,7.12
mesta,kharif,2000.0,311.0,39.0,122.0,10.0
moong green gram,kharif,620.0,96.0,25.0,122.0,9.03
peas and beans  pulses,kharif,2050.0,319.0,38.0,122.0,10.98
peas and beans  pulses,rabi,6800.0,1059.0,36.0,122.0,10.0
ragi,kharif,350.0,54.0,17.0,122.0,6.86
sesamum,kharif,3000.0,467.0,30.0,122.0,5.07
sunflower,kharif,200.0,31.0,17.0,122.0,6.0
sunflower,rabi,1840.0,286.0,23.0,122.0,8.97
urad,kharif,300.0,46.0,15.0,122.0,6.67
urad,rabi,470.0,73.0,37.0,122.0,7.45
wheat,rabi,2010.0,313.0,19.0,122.0,11.99
arhar/tur,kharif,4600.0,716.0,39.0,37.0,9.57
bajra,kharif,3000.0,467.0,28.0,37.0,13.33
gram,rabi,3000.0,467.0,18.0,37.0,11.33
groundnut,kharif,2500.0,389.0,20.0,37.0,12.4
jowar,kharif,100.0,15.0,30.0,37.0,10.0
masoor,rabi,1100.0,171.0,27.0,37.0,6.36
moong green gram,kharif,7000.0,1090.0,17.0,37.0,9.14
peas and beans  pulses,rabi,1600.0,249.0,31.0,37.0,11.25
sesamum,kharif,7000.0,1090.0,38.0,37.0,3.71
urad,kharif,2800.0,436.0,36.0,37.0,5.0
arhar/tur,kharif,987.0,153.0,27.0,200.0,7.25
cotton lint,kharif,965.0,150.0,35.0,200.0,14.89
gram,rabi,121.0,18.0,29.0,200.0,7.52
groundnut,kharif,236.0,36.0,24.0,200.0,10.85
groundnut,rabi,187.0,29.0,24.0,200.0,11.12
maize,kharif,2018.0,314.0,17.0,200.0,10.06
masoor,rabi,324.0,50.0,33.0,200.0,6.64
moong green gram,kharif,398.0,62.0,18.0,200.0,5.58
moong green gram,rabi,230.0,35.0,37.0,200.0,5.7
peas and beans  pulses,rabi,724.0,112.0,37.0,200.0,7.43
rapeseed andmustard,rabi,1495.0,232.0,28.0,200.0,7.67
sesamum,kharif,1532.0,238.0,17.0,200.0,5.7
urad,kharif,764.0,119.0,19.0,200.0,6.05
urad,rabi,325.0,50.0,27.0,200.0,6.28
wheat,rabi,667.0,103.0,16.0,200.0,19.84
coriander,rabi,6461.0,1006.0,38.0,58.0,5.68
cotton lint,kharif,4971.0,774.0,24.0,58.0,1.69
ginger,kharif,786.0,122.0,38.0,58.0,30.03
guar seed,kharif,2539.0,395.0,20.0,58.0,8.35
maize,rabi,4636.0,722.0,35.0,58.0,30.55
sannhamp,kharif,1813.0,282.0,39.0,58.0,1.84
small millets,kharif,6951.0,1083.0,17.0,58.0,5.09
soyabean,kharif,7169.0,1117.0,30.0,58.0,10.55
sunflower,summer,7093.0,1105.0,37.0,58.0,21.99
tobacco,summer,534.0,83.0,26.0,58.0,42.75
turmeric,rabi,1315.0,204.0,18.0,58.0,33.05
arhar/tur,kharif,1931.0,300.0,21.0,84.0,6.84
gram,rabi,528.0,82.0,37.0,84.0,7.22
groundnut,kharif,1369.0,213.0,19.0,84.0,13.89
maize,rabi,63.0,9.0,27.0,84.0,16.35
moong green gram,kharif,8.0,1.0,21.0,84.0,7.5
moong green gram,rabi,8.0,1.0,23.0,84.0,7.5
moth,kharif,18.0,2.0,32.0,84.0,3.89
onion,whole year,2158.0,336.0,31.0,84.0,42.68
peas and beans  pulses,rabi,5504.0,857.0,26.0,84.0,10.0
sesamum,kharif,1959.0,305.0,40.0,84.0,2.04
tobacco,whole year,11.0,1.0,28.0,84.0,6.36
turmeric,whole year,155.0,24.0,19.0,84.0,9.61
urad,rabi,207.0,32.0,19.0,84.0,5.46
arhar/tur,winter,441.0,68.0,24.0,99.0,17.32
masoor,rabi,5904.0,919.0,16.0,99.0,11.08
onion,rabi,2948.0,459.0,32.0,99.0,43.68
arhar/tur,rabi,755.0,117.0,35.0,131.0,7.71
bajra,kharif,53.0,8.0,17.0,131.0,4.34
barley,rabi,1749.0,272.0,19.0,131.0,13.45
castor seed,kharif,60.0,9.0,27.0,131.0,5.83
cotton lint,kharif,1289.0,200.0,31.0,131.0,25.31
groundnut,autumn,2058.0,320.0,27.0,131.0,9.16
horse-gram,rabi,1863.0,290.0,37.0,131.0,5.02
jowar,kharif,1479.0,230.0,29.0,131.0,4.27
linseed,rabi,4715.0,734.0,31.0,131.0,2.95
moong green gram,kharif,2055.0,320.0,28.0,131.0,8.36
moong green gram,rabi,1677.0,261.0,30.0,131.0,6.54
niger seed,kharif,3658.0,569.0,30.0,131.0,6.57
safflower,rabi,590.0,91.0,19.0,131.0,9.15
sesamum,autumn,1041.0,162.0,16.0,131.0,6.4
sesamum,winter,1292.0,201.0,19.0,131.0,6.14
small millets,kharif,1194.0,186.0,18.0,131.0,8.38
small millets,rabi,520.0,81.0,20.0,131.0,15.96
soyabean,kharif,551.0,85.0,28.0,131.0,6.03
urad,rabi,7009.0,1092.0,16.0,131.0,7.93
castor seed,whole year,1361.0,212.0,19.0,90.0,3.53
cowpea lobia,kharif,2992.0,466.0,19.0,90.0,3.58
cowpea lobia,rabi,680.0,105.0,38.0,90.0,3.4
ginger,whole year,7797.0,1214.0,24.0,90.0,12.4
horse-gram,rabi,171.0,26.0,19.0,90.0,3.27
jowar,rabi,3624.0,564.0,26.0,90.0,12.93
mesta,whole year,731.0,113.0,16.0,90.0,3.24
moong green gram,rabi,2534.0,394.0,37.0,90.0,2.57
ragi,whole year,382.0,59.0,19.0,90.0,3.14
safflower,whole year,409.0,63.0,26.0,90.0,2.98
sannhamp,whole year,4188.0,652.0,19.0,90.0,3.51
small millets,rabi,595.0,92.0,22.0,90.0,3.38
sunflower,whole year,202.0,31.0,30.0,90.0,4.5
tobacco,whole year,312.0,48.0,22.0,90.0,4.55
turmeric,whole year,649.0,101.0,18.0,90.0,8.83
urad,rabi,4882.0,760.0,39.0,90.0,3.98
bajra,kharif,4851.0,805.0,28.0,62.0,11.18
castor seed,kharif,173.0,28.0,24.0,62.0,9.6
groundnut,kharif,362.0,60.0,26.0,62.0,10.25
jowar,kharif,3082.0,511.0,16.0,62.0,10.6
safflower,kharif,70.0,11.0,24.0,62.0,8.0
sesamum,kharif,2558.0,424.0,39.0,62.0,7.88
small millets,kharif,5303.0,880.0,21.0,62.0,7.69
bajra,kharif,76.0,12.0,27.0,128.0,4.87
barley,rabi,2253.0,374.0,28.0,128.0,5.31
castor seed,kharif,223.0,37.0,37.0,128.0,3.45
coriander,whole year,3342.0,555.0,38.0,128.0,3.03
cotton lint,kharif,12.0,1.0,29.0,128.0,16.67
dry chillies,whole year,6625.0,1100.0,21.0,128.0,4.86
garlic,whole year,1083.0,179.0,37.0,128.0,23.67
ginger,whole year,1880.0,312.0,18.0,128.0,13.3
horse-gram,rabi,2109.0,350.0,25.0,128.0,2.66
jowar,kharif,5720.0,950.0,24.0,128.0,14.32
mesta,kharif,1218.0,202.0,32.0,128.0,19.0
moong green gram,rabi,7116.0,1182.0,25.0,128.0,2.26
onion,whole year,4984.0,827.0,21.0,128.0,52.37
safflower,rabi,802.0,133.0,15.0,128.0,2.98
sannhamp,whole year,1285.0,213.0,39.0,128.0,2.36
sunflower,kharif,4056.0,673.0,36.0,128.0,3.27
sweet potato,whole year,2784.0,462.0,37.0,128.0,50.42
tobacco,whole year,23.0,3.0,30.0,128.0,5.22
turmeric,whole year,978.0,162.0,33.0,128.0,8.95
urad,rabi,4298.0,713.0,39.0,128.0,2.55
urad,summer,7000.0,1162.0,35.0,110.0,6.57
castor seed,kharif,1654.0,274.0,35.0,63.0,4.23
garlic,whole year,750.0,124.0,35.0,63.0,10.67
ginger,kharif,61.0,10.0,20.0,63.0,16.39
groundnut,kharif,2318.0,385.0,32.0,63.0,10.35
horse-gram,kharif,416.0,69.0,29.0,63.0,2.4
masoor,rabi,3663.0,608.0,30.0,63.0,9.01
moth,kharif,5693.0,945.0,16.0,63.0,2.46
peas and beans  pulses,rabi,3007.0,499.0,15.0,63.0,7.32
sesamum,kharif,3268.0,542.0,36.0,63.0,4.28
sunflower,kharif,4002.0,664.0,34.0,63.0,18.49
urad,kharif,1387.0,230.0,20.0,63.0,5.05
arhar/tur,kharif,9.0,1.0,20.0,131.0,3.33
bajra,kharif,201.0,33.0,30.0,131.0,5.32
coriander,rabi,141.0,23.0,27.0,131.0,5.18
cotton lint,kharif,8.0,1.0,38.0,131.0,16.25
garlic,rabi,5024.0,834.0,29.0,131.0,14.96
gram,rabi,617.0,102.0,39.0,131.0,9.12
groundnut,kharif,62.0,10.0,23.0,131.0,7.42
horse-gram,kharif,1805.0,299.0,37.0,131.0,5.61
linseed,rabi,955.0,158.0,22.0,131.0,2.7
masoor,rabi,550.0,91.0,28.0,131.0,6.24
moong green gram,kharif,433.0,71.0,23.0,131.0,4.67
moth,kharif,16.0,2.0,31.0,131.0,2.5
peas and beans  pulses,kharif,1250.0,207.0,38.0,131.0,13.03
ragi,kharif,2141.0,355.0,29.0,131.0,9.72
sesamum,kharif,2890.0,480.0,15.0,131.0,3.17
small millets,kharif,5371.0,892.0,26.0,131.0,5.8
soyabean,kharif,545.0,90.0,30.0,131.0,14.53
castor seed,kharif,5886.0,977.0,24.0,85.0,4.64
cowpea lobia,kharif,2872.0,477.0,36.0,85.0,2.31
cowpea lobia,rabi,616.0,102.0,19.0,85.0,2.37
horse-gram,rabi,100.0,16.0,37.0,85.0,2.5
jowar,rabi,3680.0,611.0,30.0,85.0,14.16
mesta,whole year,370.0,61.0,16.0,85.0,24.7
moong green gram,rabi,2941.0,488.0,33.0,85.0,2.25
ragi,kharif,283.0,47.0,24.0,85.0,3.07
safflower,rabi,376.0,62.0,37.0,85.0,2.23
sannhamp,whole year,3629.0,602.0,28.0,85.0,20.1
sunflower,kharif,112.0,18.0,31.0,85.0,4.38
sweet potato,whole year,4278.0,710.0,23.0,85.0,41.54
tobacco,whole year,134.0,22.0,23.0,85.0,4.93
turmeric,whole year,731.0,121.0,35.0,85.0,5.79
urad,rabi,5393.0,895.0,30.0,85.0,3.88
sesamum,rabi,2900.0,481.0,28.0,138.0,3.12
sunflower,summer,6300.0,1046.0,16.0,138.0,10.32
arhar/tur,kharif,490.0,81.0,27.0,216.0,10.37
cowpea lobia,kharif,890.0,147.0,32.0,216.0,10.9
gram,rabi,590.0,98.0,21.0,216.0,7.97
groundnut,kharif,3075.0,510.0,20.0,216.0,7.18
maize,rabi,3850.0,639.0,29.0,216.0,20.78
masoor,rabi,480.0,79.0,36.0,216.0,7.9
moong green gram,kharif,390.0,64.0,28.0,216.0,10.23
soyabean,kharif,4675.0,776.0,17.0,216.0,7.78
urad,kharif,1500.0,249.0,28.0,216.0,11.4
wheat,rabi,2100.0,348.0,20.0,216.0,25.0
arhar/tur,kharif,175.0,29.0,22.0,273.0,8.51
cotton lint,kharif,151.0,25.0,38.0,273.0,7.48
cowpea lobia,kharif,1381.0,229.0,37.0,273.0,12.93
cowpea lobia,rabi,222.0,36.0,29.0,273.0,13.96
maize,rabi,284.0,47.0,26.0,273.0,15.67
rapeseed andmustard,rabi,378.0,62.0,26.0,273.0,8.02
rice,rabi,7.0,1.0,30.0,273.0,8.57
sesamum,kharif,1362.0,226.0,18.0,273.0,5.65
soyabean,kharif,1401.0,232.0,37.0,273.0,18.94
tapioca,kharif,278.0,46.0,27.0,273.0,38.85
tobacco,whole year,240.0,39.0,40.0,273.0,6.46
arhar/tur,kharif,2500.0,415.0,29.0,177.0,8.52
bajra,kharif,650.0,107.0,26.0,177.0,8.62
barley,rabi,460.0,76.0,15.0,177.0,15.87
castor seed,kharif,270.0,44.0,34.0,177.0,6.67
cotton lint,kharif,100.0,16.0,31.0,177.0,5.0
gram,rabi,720.0,119.0,34.0,177.0,7.08
groundnut,kharif,730.0,121.0,33.0,177.0,10.14
horse-gram,kharif,330.0,54.0,26.0,177.0,10.0
jowar,kharif,120.0,19.0,32.0,177.0,9.17
jute,kharif,3000.0,498.0,37.0,177.0,18.0
linseed,rabi,5700.0,946.0,23.0,177.0,8.04
maize,rabi,5000.0,830.0,19.0,177.0,19.6
masoor,rabi,1970.0,327.0,17.0,177.0,7.61
mesta,kharif,1550.0,257.0,28.0,177.0,19.16
moong green gram,kharif,200.0,33.0,35.0,177.0,9.5
peas and beans  pulses,kharif,2150.0,357.0,21.0,177.0,12.47
ragi,kharif,300.0,49.0,30.0,177.0,9.33
rice,rabi,1330.0,220.0,38.0,177.0,23.68
sesamum,kharif,3470.0,576.0,30.0,177.0,5.99
sunflower,kharif,200.0,33.0,17.0,177.0,8.0
sunflower,rabi,1860.0,308.0,17.0,177.0,5.22
urad,rabi,660.0,109.0,17.0,177.0,6.52
wheat,rabi,3120.0,518.0,33.0,177.0,17.12
arhar/tur,kharif,4200.0,697.0,29.0,39.0,9.29
bajra,kharif,3000.0,498.0,17.0,39.0,10.0
gram,rabi,2100.0,348.0,19.0,39.0,12.86
groundnut,kharif,2200.0,365.0,30.0,39.0,17.73
masoor,rabi,1100.0,182.0,19.0,39.0,6.72
peas and beans  pulses,rabi,3200.0,531.0,39.0,39.0,12.81
sesamum,kharif,5700.0,946.0,23.0,39.0,4.04
urad,kharif,2800.0,465.0,26.0,39.0,5.71
castor seed,kharif,5972.0,992.0,29.0,109.0,2.87
gram,rabi,7296.0,1211.0,36.0,109.0,6.77
arhar/tur,kharif,1207.0,200.0,26.0,234.0,7.65
cotton lint,kharif,1063.0,176.0,28.0,234.0,14.81
gram,rabi,109.0,18.0,35.0,234.0,7.43
groundnut,kharif,336.0,55.0,23.0,234.0,10.77
groundnut,rabi,327.0,54.0,19.0,234.0,10.34
maize,kharif,3101.0,515.0,23.0,234.0,13.23
masoor,rabi,317.0,52.0,33.0,234.0,6.72
moong green gram,kharif,396.0,65.0,29.0,234.0,5.35
moong green gram,rabi,199.0,33.0,26.0,234.0,5.68
peas and beans  pulses,rabi,918.0,152.0,39.0,234.0,7.56
rapeseed andmustard,rabi,1972.0,327.0,35.0,234.0,7.69
sesamum,kharif,2046.0,339.0,38.0,234.0,5.76
urad,kharif,912.0,151.0,32.0,234.0,5.69
urad,rabi,403.0,66.0,32.0,234.0,6.72
wheat,rabi,316.0,52.0,33.0,234.0,20.16
cotton lint,kharif,3734.0,620.0,31.0,74.0,1.8
ginger,kharif,893.0,148.0,25.0,74.0,28.42
guar seed,kharif,2441.0,405.0,38.0,74.0,8.33
maize,rabi,5492.0,912.0,28.0,74.0,30.04
sannhamp,kharif,2065.0,343.0,18.0,74.0,3.27
sunflower,summer,4083.0,678.0,35.0,74.0,21.25
turmeric,rabi,1294.0,214.0,34.0,74.0,31.42
arhar/tur,kharif,1963.0,326.0,30.0,141.0,6.84
gram,rabi,728.0,120.0,19.0,141.0,7.8
groundnut,kharif,1330.0,220.0,25.0,141.0,10.89
maize,rabi,64.0,10.0,32.0,141.0,20.31
moong green gram,kharif,102.0,16.0,27.0,141.0,5.29
moong green gram,rabi,16.0,2.0,28.0,141.0,5.62
moth,kharif,22.0,3.0,29.0,141.0,4.09
onion,whole year,2230.0,370.0,18.0,141.0,52.98
peas and beans  pulses,rabi,6636.0,1102.0,21.0,141.0,10.22
sesamum,kharif,1887.0,313.0,22.0,141.0,2.17
tobacco,whole year,8.0,1.0,37.0,141.0,28.75
turmeric,whole year,191.0,31.0,30.0,141.0,19.37
urad,rabi,176.0,29.0,38.0,141.0,5.68
barley,kharif,102.0,16.0,24.0,135.0,2.94
cotton lint,kharif,27.0,4.0,35.0,135.0,5.56
cowpea lobia,kharif,762.0,126.0,31.0,135.0,5.01
cowpea lobia,rabi,45.0,7.0,31.0,135.0,20.0
dry chillies,kharif,551.0,91.0,23.0,135.0,9.8
garlic,kharif,41.0,6.0,31.0,135.0,7.56
garlic,rabi,562.0,93.0,17.0,135.0,8.72
ginger,kharif,25.0,4.0,16.0,135.0,12.8
gram,rabi,165.0,27.0,18.0,135.0,5.52
horse-gram,kharif,1006.0,167.0,16.0,135.0,3.1
jowar,kharif,57.0,9.0,33.0,135.0,5.96
linseed,rabi,170.0,28.0,36.0,135.0,11.29
masoor,kharif,561.0,93.0,17.0,135.0,5.63
masoor,rabi,53.0,8.0,22.0,135.0,5.47
moong green gram,kharif,946.0,157.0,19.0,135.0,4.25
moong green gram,rabi,17.0,2.0,21.0,135.0,11.76
moth,kharif,3693.0,613.0,17.0,135.0,5.64
onion,kharif,187.0,31.0,29.0,135.0,8.88
onion,rabi,462.0,76.0,35.0,135.0,24.03
peas and beans  pulses,kharif,262.0,43.0,34.0,135.0,5.57
peas and beans  pulses,rabi,724.0,120.0,30.0,135.0,9.2
sannhamp,kharif,156.0,25.0,17.0,135.0,5.64
sesamum,kharif,4626.0,768.0,28.0,135.0,4.41
small millets,kharif,3427.0,569.0,28.0,135.0,3.89
sugarcane,kharif,18.0,2.0,20.0,135.0,15.0
turmeric,kharif,9.0,1.0,17.0,135.0,10.0
masoor,rabi,1576.0,261.0,28.0,69.0,7.89
arhar/tur,rabi,1555.0,258.0,21.0,109.0,14.23
bajra,kharif,64.0,10.0,23.0,109.0,3.75
barley,rabi,2024.0,336.0,39.0,109.0,13.78
castor seed,kharif,85.0,14.0,18.0,109.0,6.0
cotton lint,kharif,631.0,104.0,19.0,109.0,17.31
groundnut,autumn,2239.0,371.0,19.0,109.0,8.69
horse-gram,kharif,2363.0,392.0,17.0,109.0,5.04
jowar,autumn,25.0,4.0,37.0,109.0,4.0
linseed,rabi,4116.0,683.0,25.0,109.0,3.51
moong green gram,kharif,869.0,144.0,23.0,109.0,7.05
moong green gram,rabi,1820.0,302.0,38.0,109.0,6.6
niger seed,kharif,3714.0,616.0,25.0,109.0,6.81
safflower,rabi,526.0,87.0,16.0,109.0,8.38
sannhamp,kharif,714.0,118.0,18.0,109.0,39.89
sesamum,autumn,1057.0,175.0,36.0,109.0,6.16
sesamum,winter,1327.0,220.0,20.0,109.0,6.52
small millets,kharif,952.0,158.0,32.0,109.0,6.67
small millets,rabi,505.0,83.0,36.0,109.0,14.22
soyabean,kharif,529.0,87.0,22.0,109.0,5.97
sunflower,kharif,6555.0,1088.0,35.0,109.0,11.23
bajra,kharif,4457.0,746.0,19.0,109.0,11.25
castor seed,kharif,102.0,17.0,18.0,109.0,9.61
groundnut,kharif,812.0,136.0,24.0,109.0,10.21
jowar,kharif,2016.0,337.0,22.0,109.0,10.65
safflower,kharif,282.0,47.0,37.0,109.0,8.05
sesamum,kharif,2555.0,428.0,25.0,109.0,8.79
small millets,kharif,5799.0,971.0,25.0,109.0,7.61
bajra,kharif,62.0,10.0,34.0,130.0,4.68
barley,rabi,2865.0,479.0,25.0,130.0,7.62
castor seed,kharif,49.0,8.0,32.0,130.0,3.27
coriander,whole year,3465.0,580.0,36.0,130.0,2.89
cotton lint,kharif,85.0,14.0,25.0,130.0,14.12
dry chillies,whole year,6223.0,1042.0,21.0,130.0,9.19
garlic,whole year,1204.0,201.0,31.0,130.0,29.48
ginger,whole year,2050.0,343.0,27.0,130.0,11.9
horse-gram,rabi,1777.0,297.0,29.0,130.0,3.93
jowar,kharif,5329.0,892.0,40.0,130.0,7.68
mesta,kharif,1215.0,203.0,18.0,130.0,20.12
moong green gram,rabi,6698.0,1122.0,37.0,130.0,2.36
onion,whole year,5284.0,885.0,31.0,130.0,51.76
safflower,rabi,477.0,79.0,33.0,130.0,2.81
sannhamp,whole year,1398.0,234.0,24.0,130.0,20.52
sunflower,kharif,3489.0,584.0,16.0,130.0,3.74
sweet potato,whole year,2933.0,491.0,17.0,130.0,51.0
tobacco,whole year,21.0,3.0,33.0,130.0,4.29
turmeric,whole year,1047.0,175.0,27.0,130.0,9.45
urad,rabi,3820.0,639.0,24.0,130.0,2.63
urad,summer,7000.0,1172.0,33.0,89.0,6.29
castor seed,kharif,2932.0,491.0,22.0,47.0,4.43
coriander,whole year,275.0,46.0,17.0,47.0,10.91
garlic,whole year,1252.0,209.0,31.0,47.0,9.58
ginger,kharif,64.0,10.0,25.0,47.0,15.62
groundnut,kharif,2084.0,349.0,24.0,47.0,9.6
horse-gram,kharif,423.0,70.0,25.0,47.0,2.36
masoor,rabi,3794.0,635.0,31.0,47.0,8.96
moth,kharif,2481.0,415.0,32.0,47.0,2.42
peas and beans  pulses,rabi,1153.0,193.0,22.0,47.0,8.67
sesamum,kharif,1970.0,330.0,39.0,47.0,3.55
sunflower,kharif,2978.0,498.0,25.0,47.0,10.41
turmeric,whole year,267.0,44.0,25.0,47.0,7.49
urad,kharif,2013.0,337.0,21.0,47.0,3.48
arhar/tur,kharif,12.0,2.0,24.0,110.0,3.33
bajra,kharif,223.0,37.0,19.0,110.0,5.47
coriander,rabi,129.0,21.0,25.0,110.0,3.26
cotton lint,kharif,19.0,3.0,33.0,110.0,22.63
dry chillies,kharif,620.0,103.0,19.0,110.0,2.85
garlic,rabi,4110.0,688.0,22.0,110.0,14.11
ginger,kharif,2103.0,352.0,30.0,110.0,17.77
gram,rabi,612.0,102.0,25.0,110.0,10.03
groundnut,kharif,114.0,19.0,26.0,110.0,9.3
horse-gram,kharif,2066.0,346.0,18.0,110.0,4.99
linseed,rabi,1040.0,174.0,20.0,110.0,2.97
masoor,rabi,598.0,100.0,33.0,110.0,9.2
moong green gram,kharif,256.0,42.0,28.0,110.0,5.04
moth,kharif,16.0,2.0,21.0,110.0,2.5
peas and beans  pulses,kharif,1295.0,216.0,28.0,110.0,13.17
peas and beans  pulses,rabi,1019.0,170.0,23.0,110.0,16.54
ragi,kharif,2179.0,365.0,37.0,110.0,11.23
sesamum,kharif,2876.0,481.0,16.0,110.0,3.16
small millets,kharif,5342.0,894.0,31.0,110.0,6.04
soyabean,kharif,543.0,90.0,22.0,110.0,17.85
turmeric,kharif,197.0,33.0,28.0,110.0,4.97
castor seed,kharif,1778.0,297.0,37.0,85.0,2.87
horse-gram,rabi,126.0,21.0,19.0,85.0,2.46
jowar,rabi,2593.0,434.0,18.0,85.0,15.4
mesta,kharif,394.0,66.0,19.0,85.0,17.44
moong green gram,rabi,2899.0,485.0,27.0,85.0,2.4
ragi,kharif,262.0,43.0,31.0,85.0,2.6
safflower,rabi,157.0,26.0,39.0,85.0,2.1
sannhamp,kharif,3283.0,549.0,19.0,85.0,13.4
sunflower,whole year,55.0,9.0,34.0,85.0,5.09
sweet potato,whole year,4924.0,824.0,37.0,85.0,46.46
tobacco,whole year,182.0,30.0,30.0,85.0,2.75
turmeric,whole year,995.0,166.0,38.0,85.0,7.24
urad,rabi,6464.0,1082.0,26.0,85.0,2.94
sesamum,rabi,3200.0,536.0,26.0,117.0,3.03
sunflower,summer,5600.0,938.0,20.0,117.0,9.29
arhar/tur,kharif,545.0,91.0,39.0,153.0,9.61
cowpea lobia,kharif,899.0,150.0,31.0,153.0,10.9
gram,rabi,610.0,102.0,18.0,153.0,8.54
groundnut,kharif,3355.0,562.0,22.0,153.0,8.51
maize,rabi,4850.0,812.0,38.0,153.0,21.65
masoor,rabi,517.0,86.0,19.0,153.0,8.39
moong green gram,kharif,439.0,73.0,15.0,153.0,9.57
soyabean,kharif,5045.0,845.0,16.0,153.0,8.93
urad,kharif,1506.0,252.0,36.0,153.0,10.96
wheat,rabi,2150.0,360.0,36.0,153.0,24.98
arhar/tur,kharif,116.0,19.0,24.0,243.0,9.83
cotton lint,kharif,158.0,26.0,19.0,243.0,6.9
cowpea lobia,kharif,1387.0,232.0,30.0,243.0,10.51
cowpea lobia,rabi,227.0,38.0,30.0,243.0,12.47
maize,kharif,6696.0,1121.0,31.0,243.0,12.14
maize,rabi,209.0,35.0,24.0,243.0,12.82
rapeseed andmustard,kharif,10.0,1.0,24.0,243.0,4.0
rapeseed andmustard,rabi,365.0,61.0,26.0,243.0,9.32
rice,rabi,450.0,75.0,36.0,243.0,21.04
sesamum,kharif,954.0,159.0,15.0,243.0,6.34
soyabean,kharif,1143.7,191.0,39.0,243.0,12.53
sugarcane,whole year,1463.0,245.0,32.0,243.0,50.97
tapioca,kharif,391.0,65.0,39.0,243.0,33.09
tobacco,whole year,272.0,45.0,39.0,243.0,8.93
arhar/tur,kharif,2520.0,422.0,22.0,154.0,8.53
bajra,kharif,650.0,108.0,33.0,154.0,8.62
barley,rabi,460.0,77.0,23.0,154.0,15.87
castor seed,kharif,280.0,46.0,30.0,154.0,6.79
cotton lint,kharif,110.0,18.0,26.0,154.0,5.45
gram,rabi,750.0,125.0,40.0,154.0,7.2
groundnut,kharif,750.0,125.0,27.0,154.0,10.13
horse-gram,kharif,330.0,55.0,27.0,154.0,10.0
jowar,kharif,120.0,20.0,19.0,154.0,9.17
jute,kharif,3040.0,509.0,17.0,154.0,18.03
linseed,rabi,5740.0,961.0,27.0,154.0,8.07
maize,rabi,5020.0,840.0,38.0,154.0,19.6
masoor,rabi,1990.0,333.0,26.0,154.0,7.64
mesta,kharif,1580.0,264.0,22.0,154.0,19.18
peas and beans  pulses,kharif,2190.0,366.0,29.0,154.0,12.47
peas and beans  pulses,rabi,6940.0,1162.0,19.0,154.0,9.09
ragi,kharif,310.0,51.0,22.0,154.0,9.35
rice,rabi,2530.0,423.0,30.0,154.0,23.68
sesamum,kharif,3500.0,586.0,15.0,154.0,6.0
sunflower,kharif,220.0,36.0,23.0,154.0,8.18
sunflower,rabi,1910.0,319.0,34.0,154.0,5.24
urad,kharif,220.0,36.0,39.0,154.0,9.55
urad,rabi,680.0,113.0,27.0,154.0,6.62
wheat,rabi,3150.0,527.0,37.0,154.0,17.11
arhar/tur,kharif,3100.0,519.0,34.0,70.0,8.71
bajra,kharif,3000.0,502.0,28.0,70.0,10.0
gram,rabi,1800.0,301.0,29.0,70.0,12.22
groundnut,kharif,1700.0,284.0,36.0,70.0,17.06
masoor,rabi,1000.0,167.0,18.0,70.0,7.2
moong green gram,kharif,6600.0,1105.0,20.0,70.0,8.48
peas and beans  pulses,rabi,2800.0,469.0,27.0,70.0,12.5
sesamum,kharif,4800.0,804.0,39.0,70.0,3.33
urad,kharif,2800.0,469.0,32.0,70.0,3.93
arhar/tur,kharif,1621.0,271.0,34.0,229.0,7.48
cotton lint,kharif,949.0,158.0,27.0,229.0,14.2
gram,rabi,147.0,24.0,19.0,229.0,7.82
groundnut,kharif,219.0,36.0,33.0,229.0,10.73
groundnut,rabi,369.0,61.0,33.0,229.0,13.01
maize,kharif,3743.0,627.0,19.0,229.0,13.51
masoor,rabi,425.0,71.0,37.0,229.0,7.88
moong green gram,kharif,462.0,77.0,21.0,229.0,5.35
moong green gram,rabi,251.0,42.0,40.0,229.0,5.86
peas and beans  pulses,rabi,890.0,149.0,25.0,229.0,7.75
rapeseed andmustard,rabi,2131.0,356.0,32.0,229.0,7.9
sesamum,kharif,1942.0,325.0,24.0,229.0,5.64
urad,kharif,1151.0,192.0,29.0,229.0,6.18
urad,rabi,495.0,82.0,26.0,229.0,6.81
wheat,rabi,274.0,45.0,26.0,229.0,19.56
coriander,rabi,6511.0,1090.0,23.0,77.0,5.53
cotton lint,kharif,3842.0,643.0,30.0,77.0,2.37
ginger,kharif,847.0,141.0,20.0,77.0,28.39
guar seed,kharif,2352.0,394.0,25.0,77.0,8.18
sannhamp,kharif,2164.0,362.0,33.0,77.0,2.74
sunflower,summer,3562.0,596.0,23.0,77.0,17.07
tobacco,summer,405.0,67.0,34.0,77.0,30.89
turmeric,rabi,1828.0,306.0,33.0,77.0,28.17
arhar/tur,kharif,2574.0,431.0,21.0,156.0,6.76
gram,rabi,720.0,120.0,39.0,156.0,7.97
groundnut,kharif,1214.0,203.0,40.0,156.0,12.67
maize,summer,47.0,7.0,38.0,156.0,20.0
peas and beans  pulses,rabi,6396.0,1071.0,25.0,156.0,10.28
sesamum,kharif,1745.0,292.0,30.0,156.0,2.29
sunflower,kharif,24.0,4.0,23.0,156.0,4.17
tobacco,whole year,6.0,1.0,29.0,156.0,15.0
urad,summer,77.0,12.0,34.0,156.0,2.47
masoor,rabi,5097.0,853.0,20.0,137.0,9.88
arhar/tur,rabi,1248.0,209.0,26.0,168.0,4.35
bajra,kharif,59.0,9.0,32.0,168.0,3.73
barley,rabi,2310.0,386.0,16.0,168.0,14.45
castor seed,kharif,70.0,11.0,22.0,168.0,6.0
cotton lint,kharif,143.0,23.0,17.0,168.0,30.14
groundnut,autumn,1471.0,246.0,28.0,168.0,8.62
horse-gram,kharif,2046.0,342.0,22.0,168.0,4.81
jowar,kharif,23.0,3.0,39.0,168.0,2.61
linseed,rabi,4121.0,690.0,30.0,168.0,3.59
moong green gram,kharif,806.0,135.0,35.0,168.0,7.16
moong green gram,rabi,1936.0,324.0,16.0,168.0,6.66
niger seed,kharif,3569.0,597.0,34.0,168.0,6.75
safflower,rabi,422.0,70.0,31.0,168.0,8.58
sannhamp,kharif,703.0,117.0,17.0,168.0,37.34
sesamum,autumn,944.0,158.0,27.0,168.0,5.7
sesamum,winter,1086.0,181.0,21.0,168.0,6.23
small millets,kharif,1020.0,170.0,21.0,168.0,6.65
small millets,rabi,500.0,83.0,28.0,168.0,14.32
soyabean,kharif,581.0,97.0,21.0,168.0,8.16
sunflower,kharif,6812.0,1141.0,30.0,168.0,11.65
bajra,kharif,4244.0,639.0,40.0,92.0,11.4
castor seed,kharif,100.0,15.0,20.0,92.0,9.6
groundnut,kharif,762.0,114.0,32.0,92.0,10.22
horse-gram,kharif,8006.0,1207.0,15.0,92.0,9.68
jowar,kharif,2631.0,396.0,18.0,92.0,10.71
ragi,kharif,7935.0,1196.0,24.0,92.0,11.81
safflower,rabi,104.0,15.0,24.0,92.0,8.08
sannhamp,kharif,1231.0,185.0,24.0,92.0,8.04
sesamum,kharif,2208.0,332.0,22.0,92.0,8.82
small millets,kharif,2886.0,435.0,34.0,92.0,7.65
bajra,kharif,373.0,56.0,30.0,136.0,4.24
barley,rabi,2811.0,423.0,27.0,136.0,4.74
castor seed,kharif,90.0,13.0,17.0,136.0,3.33
coriander,whole year,2959.0,446.0,23.0,136.0,2.84
cotton lint,kharif,131.0,19.0,36.0,136.0,10.53
dry chillies,whole year,6486.0,978.0,39.0,136.0,10.1
garlic,whole year,1175.0,177.0,30.0,136.0,26.73
ginger,whole year,1905.0,287.0,38.0,136.0,11.98
horse-gram,rabi,1509.0,227.0,29.0,136.0,2.82
jowar,kharif,6235.0,940.0,15.0,136.0,7.15
mesta,kharif,1222.0,184.0,28.0,136.0,18.6
moong green gram,rabi,6946.0,1047.0,28.0,136.0,2.28
onion,whole year,5428.0,818.0,37.0,136.0,34.29
safflower,rabi,681.0,102.0,37.0,136.0,2.86
sannhamp,whole year,1239.0,186.0,21.0,136.0,3.39
sunflower,kharif,3182.0,479.0,34.0,136.0,3.49
tobacco,whole year,18.0,2.0,29.0,136.0,4.44
turmeric,whole year,1046.0,157.0,23.0,136.0,9.03
urad,rabi,3385.0,510.0,39.0,136.0,2.51
dry chillies,whole year,6500.0,980.0,18.0,46.0,10.31
garlic,whole year,7200.0,1085.0,26.0,46.0,47.92
maize,summer,4000.0,603.0,23.0,46.0,20.75
urad,summer,400.0,60.0,33.0,46.0,12.5
castor seed,kharif,1262.0,190.0,32.0,30.0,4.8
coriander,whole year,294.0,44.0,31.0,30.0,10.44
groundnut,kharif,2606.0,392.0,36.0,30.0,11.78
horse-gram,kharif,343.0,51.0,32.0,30.0,3.97
masoor,rabi,2620.0,395.0,28.0,30.0,9.82
moth,kharif,591.0,89.0,32.0,30.0,3.76
peas and beans  pulses,rabi,1114.0,167.0,37.0,30.0,13.68
sannhamp,kharif,78.0,11.0,29.0,30.0,3.72
sesamum,kharif,1459.0,220.0,23.0,30.0,3.97
sunflower,kharif,3891.0,586.0,23.0,30.0,21.59
turmeric,whole year,287.0,43.0,18.0,30.0,9.23
urad,kharif,2156.0,325.0,30.0,30.0,3.78
arhar/tur,kharif,21.0,3.0,29.0,103.0,3.33
bajra,kharif,2435.0,367.0,23.0,103.0,5.08
coriander,rabi,144.0,21.0,40.0,103.0,3.19
dry chillies,kharif,630.0,95.0,27.0,103.0,3.25
garlic,rabi,4298.0,648.0,32.0,103.0,14.02
gram,rabi,450.0,67.0,25.0,103.0,9.38
groundnut,kharif,22.0,3.0,24.0,103.0,8.64
horse-gram,kharif,1910.0,288.0,37.0,103.0,3.9
linseed,rabi,932.0,140.0,31.0,103.0,3.69
masoor,rabi,608.0,91.0,32.0,103.0,7.11
moong green gram,kharif,282.0,42.0,25.0,103.0,4.72
moth,kharif,14.0,2.0,24.0,103.0,2.86
peas and beans  pulses,kharif,1381.0,208.0,33.0,103.0,12.93
peas and beans  pulses,rabi,2477.0,373.0,15.0,103.0,19.31
ragi,kharif,2338.0,352.0,27.0,103.0,10.48
sesamum,kharif,2632.0,396.0,32.0,103.0,3.53
small millets,kharif,5095.0,768.0,30.0,103.0,6.74
soyabean,kharif,617.0,93.0,37.0,103.0,13.52
turmeric,kharif,283.0,42.0,33.0,103.0,5.58
castor seed,kharif,3004.0,453.0,16.0,104.0,3.54
horse-gram,rabi,77.0,11.0,18.0,104.0,3.51
jowar,rabi,2469.0,372.0,31.0,104.0,20.15
mesta,kharif,307.0,46.0,19.0,104.0,3.75
ragi,kharif,415.0,62.0,32.0,104.0,3.06
safflower,rabi,236.0,35.0,39.0,104.0,6.06
sannhamp,kharif,2820.0,425.0,21.0,104.0,19.37
sunflower,whole year,48.0,7.0,16.0,104.0,7.92
tobacco,whole year,148.0,22.0,19.0,104.0,4.53
turmeric,whole year,1435.0,216.0,18.0,104.0,10.75
urad,rabi,6608.0,996.0,29.0,104.0,5.2
sesamum,rabi,900.0,135.0,32.0,100.0,3.22
sunflower,summer,3900.0,588.0,39.0,100.0,8.97
arhar/tur,kharif,445.0,67.0,18.0,117.0,9.15
cowpea lobia,kharif,840.0,126.0,39.0,117.0,9.89
gram,rabi,710.0,107.0,36.0,117.0,8.51
groundnut,kharif,3245.0,489.0,18.0,117.0,7.9
maize,rabi,6800.0,1025.0,39.0,117.0,27.94
masoor,rabi,624.0,94.0,24.0,117.0,8.24
moong green gram,kharif,340.0,51.0,38.0,117.0,9.15
soyabean,kharif,4855.0,732.0,32.0,117.0,8.12
urad,kharif,1450.0,218.0,25.0,117.0,10.92
wheat,rabi,2400.0,361.0,34.0,117.0,25.0
arhar/tur,kharif,205.0,30.0,19.0,205.0,9.76
cotton lint,kharif,7.0,1.0,26.0,205.0,8.57
cowpea lobia,kharif,938.0,141.0,35.0,205.0,9.66
cowpea lobia,rabi,130.0,19.0,27.0,205.0,11.46
maize,kharif,5995.2,904.0,20.0,205.0,12.96
maize,rabi,180.0,27.0,34.0,205.0,16.39
potato,rabi,171.0,25.0,32.0,205.0,37.02
rapeseed andmustard,rabi,290.0,43.0,28.0,205.0,6.93
rice,rabi,306.0,46.0,32.0,205.0,19.25
sesamum,kharif,697.0,105.0,25.0,205.0,7.27
soyabean,kharif,1076.0,162.0,22.0,205.0,14.1
sugarcane,whole year,1323.0,199.0,25.0,205.0,51.36
tobacco,whole year,70.0,10.0,39.0,205.0,8.29
arhar/tur,kharif,2880.0,434.0,36.0,129.0,8.99
bajra,kharif,680.0,102.0,17.0,129.0,10.15
barley,rabi,500.0,75.0,25.0,129.0,10.0
castor seed,kharif,300.0,45.0,38.0,129.0,6.67
gram,rabi,760.0,114.0,21.0,129.0,8.42
groundnut,kharif,810.0,122.0,39.0,129.0,10.12
horse-gram,kharif,420.0,63.0,32.0,129.0,10.48
jowar,kharif,180.0,27.0,26.0,129.0,9.44
jute,kharif,3010.0,453.0,40.0,129.0,19.04
linseed,rabi,5740.0,865.0,30.0,129.0,8.07
maize,rabi,5140.0,775.0,39.0,129.0,19.59
masoor,rabi,2050.0,309.0,17.0,129.0,8.15
mesta,kharif,1810.0,272.0,22.0,129.0,11.05
peas and beans  pulses,kharif,2270.0,342.0,39.0,129.0,13.13
peas and beans  pulses,rabi,7020.0,1058.0,29.0,129.0,10.46
ragi,kharif,310.0,46.0,17.0,129.0,9.35
rice,rabi,3550.0,535.0,31.0,129.0,25.21
sesamum,kharif,3540.0,533.0,37.0,129.0,6.02
sunflower,kharif,260.0,39.0,32.0,129.0,8.08
sunflower,rabi,2020.0,304.0,36.0,129.0,6.09
urad,kharif,310.0,46.0,22.0,129.0,10.0
urad,rabi,730.0,110.0,25.0,129.0,7.95
wheat,rabi,3270.0,493.0,16.0,129.0,18.01
arhar/tur,kharif,2400.0,361.0,35.0,33.0,12.08
bajra,kharif,3000.0,452.0,17.0,33.0,10.0
gram,rabi,2400.0,361.0,40.0,33.0,12.92
groundnut,kharif,1600.0,241.0,32.0,33.0,18.12
masoor,rabi,900.0,135.0,21.0,33.0,7.78
moong green gram,kharif,4800.0,723.0,27.0,33.0,8.75
peas and beans  pulses,rabi,900.0,135.0,25.0,33.0,13.33
sesamum,kharif,5400.0,814.0,32.0,33.0,3.52
urad,kharif,2500.0,377.0,32.0,33.0,4.8
gram,rabi,7036.0,1061.0,37.0,70.0,6.44
arhar/tur,kharif,1498.0,225.0,30.0,188.0,7.5
cotton lint,kharif,922.0,139.0,39.0,188.0,14.54
gram,rabi,164.0,24.0,20.0,188.0,7.74
groundnut,kharif,232.0,34.0,21.0,188.0,10.86
groundnut,rabi,365.0,55.0,39.0,188.0,13.15
maize,kharif,3948.0,595.0,23.0,188.0,13.11
masoor,rabi,475.0,71.0,19.0,188.0,6.82
moong green gram,kharif,386.0,58.0,19.0,188.0,5.36
moong green gram,rabi,281.0,42.0,21.0,188.0,5.8
peas and beans  pulses,rabi,995.0,150.0,25.0,188.0,7.62
rapeseed andmustard,rabi,2132.0,321.0,31.0,188.0,7.98
sesamum,kharif,2085.0,314.0,21.0,188.0,5.7
urad,kharif,827.0,124.0,29.0,188.0,6.19
urad,rabi,554.0,83.0,28.0,188.0,6.7
wheat,rabi,334.0,50.0,38.0,188.0,24.76
coriander,rabi,6675.0,1006.0,30.0,74.0,5.41
cotton lint,kharif,5074.0,765.0,17.0,74.0,2.33
ginger,kharif,822.0,123.0,27.0,74.0,48.94
guar seed,kharif,2438.0,367.0,16.0,74.0,8.14
maize,rabi,7261.0,1094.0,25.0,74.0,31.31
sannhamp,kharif,2528.0,381.0,17.0,74.0,3.69
small millets,summer,53.0,7.0,37.0,74.0,13.96
sunflower,summer,2721.0,410.0,32.0,74.0,7.81
tobacco,summer,438.0,66.0,18.0,74.0,32.1
turmeric,rabi,1755.0,264.0,34.0,74.0,28.31
arhar/tur,kharif,2531.0,381.0,30.0,130.0,7.77
gram,rabi,599.0,90.0,19.0,130.0,8.45
groundnut,kharif,1067.0,160.0,26.0,130.0,11.57
maize,summer,51.0,7.0,23.0,130.0,20.0
moong green gram,summer,12.0,1.0,32.0,130.0,7.5
moth,kharif,20.0,3.0,17.0,130.0,4.0
onion,whole year,2322.0,350.0,31.0,130.0,52.92
peas and beans  pulses,rabi,6117.0,922.0,31.0,130.0,9.84
sesamum,kharif,1778.0,268.0,38.0,130.0,2.73
urad,summer,114.0,17.0,16.0,130.0,5.09
arhar/tur,rabi,1434.0,216.0,17.0,156.0,14.31
bajra,kharif,60.0,9.0,20.0,156.0,4.17
barley,rabi,2387.0,359.0,36.0,156.0,14.81
castor seed,kharif,72.0,10.0,30.0,156.0,5.97
cotton lint,kharif,418.0,63.0,34.0,156.0,37.22
groundnut,autumn,1895.0,285.0,26.0,156.0,9.07
horse-gram,kharif,1933.0,291.0,28.0,156.0,4.95
jowar,autumn,26.0,3.0,24.0,156.0,3.85
linseed,rabi,3841.0,579.0,32.0,156.0,3.5
moong green gram,kharif,1244.0,187.0,22.0,156.0,7.68
moong green gram,rabi,1941.0,292.0,24.0,156.0,7.79
niger seed,kharif,3272.0,493.0,34.0,156.0,6.9
safflower,rabi,487.0,73.0,17.0,156.0,8.73
sannhamp,kharif,763.0,115.0,30.0,156.0,42.96
sesamum,autumn,1172.0,176.0,29.0,156.0,6.11
sesamum,winter,1030.0,155.0,39.0,156.0,7.02
small millets,autumn,1057.0,159.0,33.0,156.0,7.22
small millets,rabi,525.0,79.0,24.0,156.0,13.58
soyabean,kharif,543.0,81.0,35.0,156.0,8.08
sunflower,kharif,7345.0,1107.0,33.0,156.0,13.06
bajra,kharif,2638.0,381.0,37.0,106.0,11.38
castor seed,kharif,158.0,22.0,17.0,106.0,9.56
groundnut,kharif,892.0,128.0,19.0,106.0,10.24
horse-gram,kharif,8221.0,1187.0,35.0,106.0,9.52
jowar,kharif,1233.0,178.0,37.0,106.0,10.65
ragi,kharif,7034.0,1016.0,29.0,106.0,10.15
safflower,rabi,1644.0,237.0,33.0,106.0,8.05
sannhamp,kharif,1397.0,201.0,17.0,106.0,8.05
sesamum,kharif,2277.0,329.0,33.0,106.0,8.72
small millets,kharif,2768.0,399.0,25.0,106.0,7.54
barley,rabi,2702.0,390.0,16.0,141.0,9.03
castor seed,rabi,45.0,6.0,37.0,141.0,3.56
coriander,rabi,17.0,2.0,20.0,141.0,5.29
coriander,whole year,2849.0,411.0,34.0,141.0,2.97
cotton lint,whole year,49.0,7.0,35.0,141.0,14.29
dry chillies,whole year,6410.0,926.0,35.0,141.0,7.22
garlic,whole year,1277.0,184.0,20.0,141.0,26.57
ginger,whole year,1802.0,260.0,34.0,141.0,11.03
guar seed,kharif,26.0,3.0,20.0,141.0,8.08
horse-gram,rabi,1366.0,197.0,33.0,141.0,2.63
jowar,whole year,5153.0,744.0,20.0,141.0,6.44
maize,rabi,33.0,4.0,27.0,141.0,35.45
maize,summer,127.0,18.0,17.0,141.0,18.35
mesta,kharif,1098.0,158.0,20.0,141.0,18.26
moong green gram,rabi,6562.0,948.0,34.0,141.0,2.15
potato,kharif,1805.0,260.0,17.0,141.0,49.31
ragi,kharif,7648.0,1105.0,28.0,141.0,2.53
safflower,rabi,532.0,76.0,23.0,141.0,3.46
sannhamp,kharif,1469.0,212.0,38.0,141.0,3.05
sunflower,kharif,3031.0,437.0,16.0,141.0,0.41
sunflower,summer,31.0,4.0,37.0,141.0,16.13
sweet potato,whole year,3643.0,526.0,25.0,141.0,53.24
tobacco,whole year,22.0,3.0,21.0,141.0,6.82
turmeric,whole year,1123.0,162.0,21.0,141.0,8.53
urad,rabi,3451.0,498.0,39.0,141.0,2.64
dry chillies,whole year,6274.0,906.0,39.0,100.0,10.34
maize,summer,6541.0,945.0,24.0,100.0,20.45
urad,summer,1253.0,181.0,27.0,100.0,6.39
castor seed,kharif,700.0,101.0,32.0,45.0,10.0
coriander,whole year,2540.0,367.0,37.0,45.0,12.09
groundnut,kharif,5600.0,809.0,27.0,45.0,11.96
horse-gram,kharif,600.0,86.0,15.0,45.0,6.67
maize,kharif,8000.0,1155.0,28.0,45.0,30.0
masoor,rabi,2500.0,361.0,26.0,45.0,9.6
moong green gram,kharif,7100.0,1025.0,15.0,45.0,5.07
moth,kharif,300.0,43.0,38.0,45.0,3.33
peas and beans  pulses,rabi,1000.0,144.0,32.0,45.0,13.0
sesamum,kharif,1300.0,187.0,19.0,45.0,4.62
sunflower,kharif,3900.0,563.0,17.0,45.0,28.46
urad,kharif,1600.0,231.0,17.0,45.0,3.75
arhar/tur,kharif,71.0,10.0,24.0,121.0,3.24
bajra,kharif,731.0,105.0,22.0,121.0,5.47
coriander,rabi,144.0,20.0,28.0,121.0,2.99
dry chillies,kharif,419.0,60.0,18.0,121.0,3.41
garlic,rabi,4961.0,716.0,20.0,121.0,15.15
gram,rabi,475.0,68.0,16.0,121.0,9.43
groundnut,kharif,49.0,7.0,35.0,121.0,6.33
horse-gram,kharif,1750.0,252.0,21.0,121.0,3.5
linseed,rabi,1087.0,157.0,23.0,121.0,2.51
masoor,rabi,529.0,76.0,31.0,121.0,6.82
moong green gram,kharif,300.0,43.0,32.0,121.0,4.73
moth,kharif,27.0,3.0,39.0,121.0,3.7
peas and beans  pulses,kharif,1265.0,182.0,36.0,121.0,13.26
peas and beans  pulses,rabi,22.0,3.0,24.0,121.0,3.18
ragi,kharif,1927.0,278.0,31.0,121.0,9.21
rapeseed andmustard,rabi,8459.0,1222.0,29.0,121.0,4.97
sesamum,kharif,1802.0,260.0,21.0,121.0,3.27
small millets,kharif,4165.0,601.0,37.0,121.0,7.24
soyabean,kharif,528.0,76.0,16.0,121.0,15.11
sugarcane,whole year,1449.0,209.0,23.0,121.0,24.13
turmeric,kharif,266.0,38.0,26.0,121.0,5.45
urad,kharif,7686.0,1110.0,17.0,121.0,4.34
castor seed,kharif,2458.0,355.0,40.0,145.0,4.85
horse-gram,rabi,71.0,10.0,21.0,145.0,3.66
jowar,rabi,3521.0,508.0,38.0,145.0,14.8
mesta,kharif,299.0,43.0,36.0,145.0,21.94
ragi,kharif,336.0,48.0,31.0,145.0,5.71
safflower,rabi,21.0,3.0,38.0,145.0,5.24
sannhamp,kharif,3091.0,446.0,16.0,145.0,22.75
sunflower,whole year,76.0,10.0,16.0,145.0,4.61
tobacco,whole year,100.0,14.0,25.0,145.0,4.9
turmeric,whole year,1392.0,201.0,27.0,145.0,10.96
sesamum,rabi,1500.0,216.0,33.0,140.0,1.47
small millets,rabi,6000.0,866.0,15.0,140.0,3.83
sunflower,summer,4200.0,606.0,34.0,140.0,8.81
tobacco,whole year,1500.0,216.0,38.0,140.0,12.0
arhar/tur,kharif,540.0,78.0,29.0,142.0,9.65
cowpea lobia,kharif,940.0,135.0,19.0,142.0,10.32
gram,rabi,730.0,105.0,31.0,142.0,9.18
groundnut,kharif,3370.0,486.0,20.0,142.0,8.49
maize,rabi,6310.0,911.0,21.0,142.0,24.07
masoor,rabi,620.0,89.0,25.0,142.0,9.18
moong green gram,kharif,440.0,63.0,26.0,142.0,9.59
soyabean,kharif,5050.0,729.0,20.0,142.0,8.51
urad,kharif,1460.0,210.0,33.0,142.0,11.25
wheat,rabi,2160.0,312.0,22.0,142.0,25.0
arhar/tur,kharif,220.0,31.0,29.0,184.0,8.91
cotton lint,kharif,107.0,15.0,16.0,184.0,7.57
cowpea lobia,kharif,1322.0,191.0,34.0,184.0,9.8
cowpea lobia,rabi,188.0,27.0,40.0,184.0,10.85
maize,kharif,5618.0,811.0,17.0,184.0,14.23
maize,rabi,175.0,25.0,39.0,184.0,12.97
rapeseed andmustard,rabi,306.0,44.0,23.0,184.0,11.05
rice,rabi,550.0,79.0,20.0,184.0,16.05
sesamum,kharif,774.0,111.0,27.0,184.0,7.42
soyabean,kharif,980.0,141.0,16.0,184.0,14.88
sugarcane,whole year,1421.0,205.0,30.0,184.0,49.11
tobacco,whole year,148.0,21.0,29.0,184.0,17.5
arhar/tur,kharif,2970.0,429.0,37.0,135.0,8.96
bajra,kharif,690.0,99.0,22.0,135.0,10.14
barley,rabi,530.0,76.0,22.0,135.0,10.19
castor seed,kharif,300.0,43.0,29.0,135.0,6.67
cotton lint,kharif,120.0,17.0,15.0,135.0,5.83
cowpea lobia,kharif,480.0,69.0,28.0,135.0,14.58
gram,rabi,740.0,106.0,38.0,135.0,8.38
groundnut,kharif,860.0,124.0,31.0,135.0,10.23
jowar,kharif,230.0,33.0,34.0,135.0,9.57
jute,kharif,3030.0,437.0,36.0,135.0,19.04
maize,rabi,5210.0,752.0,15.0,135.0,19.73
masoor,rabi,2070.0,299.0,32.0,135.0,8.12
mesta,kharif,1830.0,264.0,34.0,135.0,11.09
moong green gram,kharif,330.0,47.0,19.0,135.0,10.0
peas and beans  pulses,kharif,2320.0,335.0,21.0,135.0,13.28
peas and beans  pulses,rabi,7090.0,1024.0,39.0,135.0,10.78
ragi,kharif,320.0,46.0,28.0,135.0,9.38
rice,rabi,3810.0,550.0,32.0,135.0,26.25
sesamum,kharif,3570.0,515.0,35.0,135.0,6.02
sunflower,kharif,260.0,37.0,16.0,135.0,7.69
sunflower,rabi,2050.0,296.0,27.0,135.0,6.34
urad,rabi,760.0,109.0,31.0,135.0,8.03
wheat,rabi,3000.0,433.0,20.0,135.0,18.23
arhar/tur,kharif,2900.0,419.0,16.0,58.0,8.97
bajra,kharif,800.0,115.0,23.0,58.0,10.0
gram,rabi,1900.0,274.0,34.0,58.0,12.47
groundnut,kharif,1300.0,187.0,31.0,58.0,18.46
masoor,rabi,900.0,130.0,22.0,58.0,7.0
moong green gram,kharif,4600.0,664.0,27.0,58.0,8.26
peas and beans  pulses,rabi,900.0,130.0,35.0,58.0,14.0
sesamum,kharif,4100.0,592.0,25.0,58.0,3.41
urad,kharif,2200.0,317.0,35.0,58.0,4.77
arhar/tur,rabi,1398.0,201.0,37.0,134.0,6.6
bajra,kharif,4281.0,618.0,19.0,134.0,9.42
cashewnut,kharif,4235.0,611.0,16.0,134.0,6.4
castor seed,rabi,1358.0,196.0,20.0,134.0,7.1
coriander,whole year,1378.0,199.0,17.0,134.0,7.1
cowpea lobia,kharif,2162.0,312.0,40.0,134.0,5.59
cowpea lobia,rabi,8572.0,1238.0,19.0,134.0,7.78
gram,kharif,54.0,7.0,33.0,134.0,13.52
horse-gram,kharif,507.0,73.0,21.0,134.0,6.21
horse-gram,rabi,2437.0,352.0,33.0,134.0,4.78
linseed,rabi,229.0,33.0,38.0,134.0,4.89
masoor,rabi,382.0,55.0,26.0,134.0,5.13
ragi,kharif,1204.0,173.0,34.0,134.0,14.34
ragi,rabi,511.0,73.0,25.0,134.0,15.54
rapeseed andmustard,rabi,843.0,121.0,36.0,134.0,7.64
safflower,rabi,7867.0,1136.0,19.0,134.0,7.08
sesamum,kharif,5713.0,825.0,17.0,134.0,2.28
small millets,kharif,882.0,127.0,34.0,134.0,7.54
soyabean,rabi,14.0,2.0,28.0,134.0,16.43
sunflower,kharif,2040.0,294.0,35.0,134.0,8.58
tobacco,kharif,2218.0,320.0,26.0,134.0,17.53
tobacco,rabi,3839.0,554.0,33.0,134.0,25.31
wheat,rabi,7039.0,1017.0,31.0,134.0,6.2
arhar/tur,kharif,3854.0,556.0,21.0,204.0,7.16
cotton lint,kharif,949.0,137.0,34.0,204.0,14.7
gram,rabi,125.0,18.0,16.0,204.0,7.6
groundnut,kharif,262.0,37.0,39.0,204.0,10.84
groundnut,rabi,351.0,50.0,35.0,204.0,12.56
maize,kharif,4549.0,657.0,36.0,204.0,12.76
masoor,rabi,1857.0,268.0,40.0,204.0,6.87
moong green gram,kharif,631.0,91.0,34.0,204.0,5.36
moong green gram,rabi,274.0,39.0,25.0,204.0,5.66
peas and beans  pulses,rabi,1028.0,148.0,16.0,204.0,8.73
rapeseed andmustard,rabi,2617.0,378.0,24.0,204.0,8.25
sesamum,kharif,2824.0,408.0,38.0,204.0,6.04
urad,kharif,1324.0,191.0,27.0,204.0,6.17
urad,rabi,380.0,54.0,16.0,204.0,7.76
wheat,rabi,150.0,21.0,18.0,204.0,20.0
coriander,rabi,6732.0,972.0,25.0,99.0,5.47
cotton lint,kharif,3901.0,563.0,36.0,99.0,2.27
ginger,kharif,813.0,117.0,37.0,99.0,51.27
guar seed,kharif,2381.0,344.0,31.0,99.0,8.23
sannhamp,kharif,2020.0,291.0,25.0,99.0,2.84
small millets,kharif,7526.0,1087.0,16.0,99.0,8.01
small millets,summer,53.0,7.0,38.0,99.0,13.96
sunflower,summer,3149.0,454.0,27.0,99.0,16.01
tobacco,summer,1088.0,157.0,20.0,99.0,30.74
turmeric,rabi,1795.0,259.0,29.0,99.0,28.94
arhar/tur,kharif,2330.0,336.0,39.0,173.0,8.07
gram,rabi,569.0,82.0,39.0,173.0,8.45
groundnut,kharif,1218.0,175.0,32.0,173.0,11.71
maize,summer,48.0,6.0,27.0,173.0,24.58
moong green gram,kharif,15.0,2.0,20.0,173.0,5.33
moong green gram,summer,10.0,1.0,19.0,173.0,5.0
moth,kharif,27.0,3.0,33.0,173.0,4.07
onion,whole year,2359.0,340.0,17.0,173.0,52.79
peas and beans  pulses,rabi,6244.0,902.0,18.0,173.0,9.87
sesamum,kharif,1798.0,259.0,30.0,173.0,2.6
sunflower,kharif,40.0,5.0,27.0,173.0,9.75
turmeric,whole year,702.0,101.0,32.0,173.0,18.76
urad,summer,66.0,9.0,40.0,173.0,4.09
arhar/tur,rabi,1483.0,214.0,16.0,193.0,14.32
bajra,kharif,144.0,20.0,29.0,193.0,2.92
barley,rabi,2361.0,341.0,34.0,193.0,14.38
castor seed,kharif,76.0,10.0,40.0,193.0,5.92
cotton lint,kharif,364.0,52.0,30.0,193.0,36.21
groundnut,autumn,1903.0,274.0,33.0,193.0,9.17
horse-gram,kharif,1931.0,279.0,36.0,193.0,5.08
jowar,kharif,25.0,3.0,16.0,193.0,2.8
linseed,rabi,4315.0,623.0,32.0,193.0,3.6
moong green gram,kharif,976.0,141.0,22.0,193.0,8.43
moong green gram,rabi,2003.0,289.0,20.0,193.0,8.02
moth,rabi,15.0,2.0,16.0,193.0,8.67
niger seed,kharif,3375.0,487.0,30.0,193.0,7.5
safflower,rabi,472.0,68.0,39.0,193.0,8.26
sannhamp,kharif,782.0,112.0,16.0,193.0,42.97
sesamum,autumn,1065.0,153.0,24.0,193.0,7.3
sesamum,winter,1037.0,149.0,17.0,193.0,7.16
small millets,autumn,986.0,142.0,30.0,193.0,6.66
small millets,rabi,510.0,73.0,20.0,193.0,14.04
soyabean,kharif,582.0,84.0,19.0,193.0,6.99
sunflower,kharif,6434.0,929.0,37.0,193.0,13.55
bajra,kharif,3288.0,496.0,25.0,106.0,11.34
castor seed,kharif,96.0,14.0,20.0,106.0,9.58
groundnut,kharif,574.0,86.0,17.0,106.0,10.23
jowar,kharif,1451.0,219.0,28.0,106.0,10.68
ragi,kharif,6678.0,1008.0,36.0,106.0,14.74
safflower,rabi,102.0,15.0,31.0,106.0,8.04
sannhamp,kharif,1362.0,205.0,23.0,106.0,8.05
sesamum,kharif,2926.0,441.0,16.0,106.0,8.74
small millets,kharif,2612.0,394.0,33.0,106.0,7.57
bajra,kharif,146.0,22.0,34.0,127.0,6.23
barley,rabi,2503.0,377.0,36.0,127.0,10.8
castor seed,rabi,48.0,7.0,23.0,127.0,2.92
coriander,whole year,2240.0,338.0,31.0,127.0,2.91
cotton lint,whole year,59.0,8.0,22.0,127.0,12.71
dry chillies,whole year,6891.0,1040.0,33.0,127.0,5.19
garlic,whole year,1064.0,160.0,15.0,127.0,26.54
ginger,whole year,1757.0,265.0,38.0,127.0,12.45
horse-gram,rabi,1399.0,211.0,15.0,127.0,2.98
jowar,whole year,5000.0,754.0,28.0,127.0,8.46
mesta,kharif,1133.0,171.0,39.0,127.0,18.17
moong green gram,rabi,7622.0,1150.0,28.0,127.0,2.13
ragi,kharif,7640.0,1153.0,37.0,127.0,2.6
safflower,rabi,1329.0,200.0,19.0,127.0,2.96
sannhamp,kharif,1403.0,211.0,25.0,127.0,3.36
sunflower,kharif,2883.0,435.0,22.0,127.0,3.47
tobacco,whole year,33.0,4.0,36.0,127.0,4.85
turmeric,whole year,1880.0,283.0,31.0,127.0,8.62
urad,rabi,3256.0,491.0,22.0,127.0,2.65
maize,summer,5890.0,889.0,22.0,60.0,19.25
urad,summer,1351.0,203.0,25.0,60.0,6.49
arhar/tur,kharif,6000.0,905.0,20.0,30.0,10.17
castor seed,kharif,500.0,75.0,20.0,30.0,12.0
coriander,whole year,2166.0,326.0,29.0,30.0,18.02
groundnut,kharif,3700.0,558.0,22.0,30.0,11.62
horse-gram,kharif,300.0,45.0,27.0,30.0,10.0
masoor,rabi,2000.0,301.0,40.0,30.0,8.0
moong green gram,kharif,6700.0,1011.0,39.0,30.0,4.93
moth,kharif,400.0,60.0,24.0,30.0,5.0
peas and beans  pulses,rabi,1400.0,211.0,30.0,30.0,14.29
sesamum,kharif,1700.0,256.0,18.0,30.0,4.71
sunflower,kharif,7100.0,1071.0,32.0,30.0,44.93
urad,kharif,1300.0,196.0,40.0,30.0,3.85
arhar/tur,kharif,20.0,3.0,36.0,101.0,3.5
bajra,kharif,657.0,99.0,26.0,101.0,5.21
coriander,rabi,172.0,25.0,34.0,101.0,3.08
dry chillies,kharif,466.0,70.0,24.0,101.0,3.24
garlic,rabi,4608.0,695.0,25.0,101.0,14.15
gram,rabi,399.0,60.0,22.0,101.0,8.95
groundnut,kharif,44.0,6.0,17.0,101.0,6.36
horse-gram,kharif,1472.0,222.0,23.0,101.0,4.12
linseed,rabi,680.0,102.0,17.0,101.0,2.4
masoor,rabi,477.0,72.0,40.0,101.0,6.29
moong green gram,kharif,222.0,33.0,21.0,101.0,4.37
moth,kharif,14.0,2.0,23.0,101.0,2.86
peas and beans  pulses,kharif,1361.0,205.0,15.0,101.0,12.44
peas and beans  pulses,rabi,2040.0,307.0,30.0,101.0,2.93
ragi,kharif,1908.0,288.0,21.0,101.0,9.93
sesamum,kharif,1998.0,301.0,16.0,101.0,3.25
small millets,kharif,4122.0,622.0,33.0,101.0,7.25
soyabean,kharif,633.0,95.0,22.0,101.0,14.76
turmeric,kharif,256.0,38.0,31.0,101.0,5.59
urad,kharif,7342.0,1108.0,27.0,101.0,4.63
sesamum,rabi,700.0,105.0,19.0,100.0,1.43
sunflower,summer,1900.0,286.0,30.0,100.0,10.53
tobacco,whole year,1300.0,196.0,28.0,100.0,16.15
arhar/tur,kharif,511.0,77.0,31.0,98.0,9.92
cashewnut,whole year,31.0,4.0,39.0,98.0,6.13
cowpea lobia,kharif,966.0,145.0,27.0,98.0,10.55
gram,rabi,680.0,102.0,39.0,98.0,8.49
groundnut,kharif,3365.0,507.0,30.0,98.0,8.44
maize,rabi,6600.0,996.0,32.0,98.0,23.33
masoor,rabi,560.0,84.0,32.0,98.0,8.41
moong green gram,kharif,428.0,64.0,18.0,98.0,9.74
soyabean,kharif,5055.0,763.0,20.0,98.0,8.55
urad,kharif,1421.0,214.0,23.0,98.0,11.84
wheat,rabi,2160.0,326.0,38.0,98.0,26.02
arhar/tur,kharif,250.0,37.0,33.0,202.0,8.48
cotton lint,kharif,91.0,13.0,29.0,202.0,6.37
cowpea lobia,kharif,1200.0,181.0,30.0,202.0,12.44
cowpea lobia,rabi,185.0,27.0,40.0,202.0,11.57
maize,kharif,5553.0,838.0,40.0,202.0,15.21
maize,rabi,142.0,21.0,20.0,202.0,12.68
potato,kharif,23.0,3.0,16.0,202.0,46.09
rapeseed andmustard,rabi,310.0,46.0,40.0,202.0,10.23
rice,rabi,486.0,73.0,21.0,202.0,22.9
sesamum,kharif,785.0,118.0,30.0,202.0,7.75
soyabean,kharif,1042.0,157.0,31.0,202.0,14.13
tobacco,whole year,119.0,17.0,38.0,202.0,8.07
arhar/tur,kharif,3010.0,454.0,25.0,133.0,9.0
bajra,kharif,690.0,104.0,20.0,133.0,10.14
barley,kharif,530.0,80.0,26.0,133.0,10.19
castor seed,kharif,310.0,46.0,19.0,133.0,6.77
cotton lint,kharif,120.0,18.0,24.0,133.0,5.83
cowpea lobia,kharif,490.0,73.0,23.0,133.0,14.69
groundnut,kharif,860.0,129.0,17.0,133.0,10.23
horse-gram,kharif,450.0,67.0,30.0,133.0,10.67
jowar,kharif,240.0,36.0,34.0,133.0,9.58
jute,kharif,3040.0,458.0,34.0,133.0,19.05
linseed,rabi,5780.0,872.0,19.0,133.0,8.08
maize,rabi,5220.0,788.0,22.0,133.0,19.75
masoor,rabi,2110.0,318.0,24.0,133.0,8.2
mesta,kharif,1840.0,277.0,32.0,133.0,11.09
moong green gram,kharif,350.0,52.0,20.0,133.0,10.0
peas and beans  pulses,kharif,2330.0,351.0,17.0,133.0,13.56
peas and beans  pulses,rabi,7120.0,1074.0,26.0,133.0,10.96
ragi,kharif,320.0,48.0,40.0,133.0,9.38
rice,rabi,4010.0,605.0,24.0,133.0,26.78
sesamum,kharif,3570.0,538.0,38.0,133.0,6.02
sunflower,kharif,300.0,45.0,32.0,133.0,8.0
sunflower,rabi,2090.0,315.0,30.0,133.0,6.12
urad,kharif,790.0,119.0,19.0,133.0,8.1
wheat,rabi,3070.0,463.0,25.0,133.0,18.24
arhar/tur,kharif,2600.0,392.0,34.0,38.0,9.19
gram,rabi,1800.0,271.0,16.0,38.0,10.83
groundnut,kharif,1400.0,211.0,16.0,38.0,18.57
masoor,rabi,800.0,120.0,19.0,38.0,5.88
moong green gram,kharif,3700.0,558.0,35.0,38.0,8.38
peas and beans  pulses,rabi,2200.0,332.0,23.0,38.0,11.64
sesamum,kharif,4700.0,709.0,26.0,38.0,2.98
urad,kharif,2200.0,332.0,34.0,38.0,5.5
arhar/tur,rabi,878.0,132.0,24.0,74.0,6.99
bajra,kharif,1975.0,298.0,38.0,74.0,9.37
cashewnut,kharif,4089.0,617.0,21.0,74.0,5.6
castor seed,rabi,1000.0,150.0,27.0,74.0,5.76
coriander,whole year,1597.0,241.0,25.0,74.0,2.39
cowpea lobia,kharif,1642.0,247.0,32.0,74.0,9.2
horse-gram,kharif,529.0,79.0,32.0,74.0,5.18
horse-gram,rabi,1778.0,268.0,28.0,74.0,3.82
linseed,rabi,45.0,6.0,32.0,74.0,4.0
masoor,rabi,54.0,8.0,37.0,74.0,3.89
ragi,kharif,1196.0,180.0,16.0,74.0,11.15
ragi,rabi,331.0,49.0,36.0,74.0,12.54
rapeseed andmustard,rabi,2254.0,340.0,33.0,74.0,17.58
safflower,rabi,4155.0,627.0,22.0,74.0,7.46
sesamum,kharif,5480.0,827.0,32.0,74.0,1.98
small millets,kharif,134.0,20.0,29.0,74.0,6.34
soyabean,rabi,122.0,18.0,38.0,74.0,13.52
sunflower,kharif,1369.0,206.0,32.0,74.0,10.19
tobacco,kharif,1534.0,231.0,24.0,74.0,22.59
tobacco,rabi,4551.0,687.0,29.0,74.0,27.49
urad,rabi,8164.0,1232.0,30.0,74.0,4.06
wheat,rabi,5828.0,879.0,36.0,74.0,11.89
arhar/tur,kharif,2523.0,380.0,27.0,201.0,7.21
cotton lint,kharif,904.0,136.0,22.0,201.0,14.9
gram,rabi,161.0,24.0,37.0,201.0,8.14
groundnut,kharif,249.0,37.0,24.0,201.0,10.76
groundnut,rabi,486.0,73.0,33.0,201.0,10.97
maize,kharif,4519.0,682.0,33.0,201.0,13.2
masoor,rabi,2498.0,377.0,18.0,201.0,7.61
moong green gram,kharif,569.0,85.0,32.0,201.0,5.48
moong green gram,rabi,619.0,93.0,21.0,201.0,6.16
peas and beans  pulses,rabi,2057.0,310.0,33.0,201.0,8.42
rapeseed andmustard,rabi,5934.0,895.0,35.0,201.0,8.3
sesamum,kharif,2468.0,372.0,17.0,201.0,6.25
urad,kharif,889.0,134.0,26.0,201.0,5.85
urad,rabi,436.0,65.0,18.0,201.0,7.45
wheat,rabi,135.0,20.0,19.0,201.0,22.52
coriander,rabi,6867.0,1036.0,16.0,61.0,4.85
cotton lint,kharif,6317.0,953.0,37.0,61.0,2.99
ginger,kharif,944.0,142.0,29.0,61.0,46.12
guar seed,kharif,2050.0,309.0,26.0,61.0,8.18
sannhamp,kharif,1847.0,278.0,29.0,61.0,3.84
small millets,kharif,6865.0,1036.0,19.0,61.0,7.41
small millets,summer,46.0,6.0,19.0,61.0,9.35
sunflower,summer,2544.0,384.0,36.0,61.0,17.11
tobacco,summer,409.0,61.0,35.0,61.0,26.21
turmeric,rabi,1559.0,235.0,36.0,61.0,28.37
arhar/tur,kharif,3150.0,475.0,18.0,128.0,9.06
gram,rabi,601.0,90.0,37.0,128.0,8.55
groundnut,kharif,1185.0,178.0,39.0,128.0,11.02
maize,summer,36.0,5.0,15.0,128.0,22.22
moong green gram,kharif,17.0,2.0,30.0,128.0,5.88
moong green gram,summer,17.0,2.0,35.0,128.0,5.29
moth,kharif,37.0,5.0,28.0,128.0,4.32
onion,whole year,2825.0,426.0,28.0,128.0,52.34
peas and beans  pulses,rabi,5572.0,841.0,24.0,128.0,9.68
sesamum,kharif,1540.0,232.0,21.0,128.0,2.65
sunflower,whole year,40.0,6.0,35.0,128.0,10.75
turmeric,whole year,903.0,136.0,19.0,128.0,19.27
urad,summer,57.0,8.0,18.0,128.0,5.61
masoor,rabi,6532.0,986.0,34.0,115.0,7.42
peas and beans  pulses,rabi,5571.0,840.0,31.0,115.0,9.56
arhar/tur,rabi,2049.0,309.0,30.0,148.0,14.36
bajra,kharif,164.0,24.0,18.0,148.0,2.93
barley,rabi,2462.0,371.0,28.0,148.0,14.04
castor seed,kharif,81.0,12.0,26.0,148.0,5.93
cotton lint,kharif,615.0,92.0,20.0,148.0,25.59
groundnut,autumn,2008.0,303.0,30.0,148.0,9.28
horse-gram,rabi,1989.0,300.0,31.0,148.0,5.18
jowar,autumn,25.0,3.0,39.0,148.0,3.2
linseed,rabi,5302.0,800.0,29.0,148.0,3.64
moong green gram,kharif,1124.0,169.0,33.0,148.0,8.54
moong green gram,rabi,2571.0,388.0,17.0,148.0,6.72
moth,kharif,16.0,2.0,31.0,148.0,8.75
niger seed,kharif,4122.0,622.0,15.0,148.0,7.18
safflower,rabi,486.0,73.0,32.0,148.0,8.66
sannhamp,kharif,809.0,122.0,25.0,148.0,41.55
sesamum,autumn,1117.0,168.0,20.0,148.0,7.46
sesamum,winter,1125.0,169.0,18.0,148.0,7.17
small millets,autumn,1020.0,153.0,16.0,148.0,6.86
small millets,rabi,523.0,78.0,20.0,148.0,13.56
soyabean,kharif,595.0,89.0,25.0,148.0,7.01
sunflower,kharif,6899.0,1041.0,15.0,148.0,13.05
bajra,kharif,4095.0,646.0,34.0,87.0,11.33
castor seed,kharif,43.0,6.0,19.0,87.0,9.53
groundnut,kharif,492.0,77.0,38.0,87.0,10.18
horse-gram,kharif,7763.0,1225.0,21.0,87.0,9.29
jowar,kharif,1611.0,254.0,33.0,87.0,10.63
ragi,kharif,6925.0,1093.0,35.0,87.0,14.29
safflower,rabi,106.0,16.0,32.0,87.0,8.02
sannhamp,kharif,1239.0,195.0,19.0,87.0,8.06
sesamum,kharif,2754.0,434.0,25.0,87.0,8.68
small millets,kharif,1769.0,279.0,29.0,87.0,7.56
bajra,kharif,50.0,7.0,24.0,113.0,3.4
barley,rabi,1057.0,166.0,38.0,113.0,6.3
castor seed,rabi,54.0,8.0,35.0,113.0,3.15
coriander,whole year,2424.0,382.0,35.0,113.0,2.89
cotton lint,whole year,49.0,7.0,18.0,113.0,19.18
dry chillies,whole year,6939.0,1095.0,36.0,113.0,4.38
garlic,whole year,1185.0,187.0,18.0,113.0,26.04
ginger,whole year,1970.0,311.0,31.0,113.0,12.14
horse-gram,rabi,3820.0,603.0,23.0,113.0,2.71
jowar,whole year,5414.0,854.0,35.0,113.0,8.05
mesta,kharif,1163.0,183.0,17.0,113.0,18.19
moong green gram,rabi,4973.0,785.0,38.0,113.0,4.03
safflower,rabi,734.0,115.0,17.0,113.0,3.37
sannhamp,kharif,1312.0,207.0,33.0,113.0,4.73
sunflower,kharif,2471.0,390.0,29.0,113.0,3.27
turmeric,whole year,1800.0,284.0,28.0,113.0,8.46
urad,rabi,3301.0,521.0,24.0,113.0,2.57
dry chillies,whole year,5913.0,933.0,27.0,58.0,10.43
maize,summer,6022.0,950.0,38.0,58.0,21.38
urad,summer,2852.0,450.0,27.0,58.0,7.07
arhar/tur,kharif,4400.0,694.0,20.0,42.0,11.36
castor seed,kharif,500.0,78.0,35.0,42.0,8.0
coriander,whole year,2659.0,419.0,27.0,42.0,21.43
groundnut,kharif,4300.0,679.0,15.0,42.0,12.33
horse-gram,kharif,200.0,31.0,26.0,42.0,5.0
maize,kharif,5800.0,915.0,34.0,42.0,30.86
masoor,rabi,1800.0,284.0,28.0,42.0,7.22
moth,kharif,300.0,47.0,17.0,42.0,3.33
peas and beans  pulses,rabi,1600.0,252.0,39.0,42.0,13.12
sesamum,kharif,3400.0,536.0,31.0,42.0,4.76
urad,kharif,1600.0,252.0,19.0,42.0,3.5
arhar/tur,kharif,45.0,7.0,37.0,122.0,3.33
bajra,kharif,79.0,12.0,27.0,122.0,5.82
coriander,rabi,118.0,18.0,38.0,122.0,3.64
dry chillies,kharif,599.0,94.0,34.0,122.0,3.62
garlic,rabi,4404.0,695.0,21.0,122.0,14.84
gram,rabi,358.0,56.0,20.0,122.0,9.89
groundnut,kharif,35.0,5.0,36.0,122.0,9.43
horse-gram,kharif,1614.0,254.0,38.0,122.0,4.69
linseed,rabi,803.0,126.0,20.0,122.0,2.93
masoor,rabi,441.0,69.0,40.0,122.0,6.71
moong green gram,kharif,130.0,20.0,36.0,122.0,4.92
moth,kharif,17.0,2.0,16.0,122.0,3.53
peas and beans  pulses,kharif,1377.0,217.0,31.0,122.0,12.72
peas and beans  pulses,rabi,2353.0,371.0,28.0,122.0,22.0
ragi,kharif,1817.0,286.0,20.0,122.0,10.33
sesamum,kharif,127.0,20.0,30.0,122.0,3.39
small millets,kharif,4098.0,647.0,37.0,122.0,7.1
soyabean,kharif,554.0,87.0,25.0,122.0,16.7
turmeric,kharif,206.0,32.0,18.0,122.0,5.49
urad,kharif,6922.0,1093.0,38.0,122.0,4.81
castor seed,kharif,4000.0,631.0,25.0,100.0,5.0
jute,kharif,6000.0,947.0,19.0,100.0,10.0
safflower,rabi,7000.0,1105.0,17.0,100.0,6.13
sunflower,rabi,1000.0,157.0,16.0,100.0,10.0
moong green gram,summer,2552.0,402.0,28.0,87.0,2.32
sesamum,rabi,1627.0,256.0,24.0,87.0,5.57
sunflower,summer,1020.0,161.0,33.0,87.0,13.09
tobacco,whole year,1606.0,253.0,18.0,87.0,17.45
arhar/tur,kharif,533.0,84.0,25.0,132.0,10.9
cashewnut,whole year,34.0,5.0,19.0,132.0,5.59
cowpea lobia,kharif,962.0,151.0,36.0,132.0,10.93
gram,rabi,768.0,121.0,33.0,132.0,9.28
groundnut,kharif,3375.0,532.0,25.0,132.0,8.82
maize,rabi,7000.0,1105.0,38.0,132.0,24.54
masoor,rabi,671.0,105.0,37.0,132.0,9.28
moong green gram,kharif,451.0,71.0,28.0,132.0,11.09
soyabean,kharif,5105.0,806.0,24.0,132.0,8.39
urad,kharif,1443.0,227.0,38.0,132.0,11.21
wheat,rabi,2250.0,355.0,34.0,132.0,24.98
arhar/tur,kharif,268.0,42.0,27.0,231.0,9.33
cotton lint,kharif,176.0,27.0,25.0,231.0,4.38
cowpea lobia,kharif,1195.0,188.0,17.0,231.0,11.41
cowpea lobia,rabi,107.0,16.0,21.0,231.0,10.93
maize,kharif,5672.0,895.0,31.0,231.0,17.4
maize,rabi,205.0,32.0,23.0,231.0,20.83
rapeseed andmustard,rabi,743.0,117.0,18.0,231.0,9.34
rice,rabi,498.0,78.0,17.0,231.0,25.6
sesamum,kharif,868.0,137.0,33.0,231.0,7.49
soyabean,kharif,1048.0,165.0,38.0,231.0,15.39
tapioca,kharif,135.0,21.0,38.0,231.0,34.07
tobacco,whole year,353.0,55.0,16.0,231.0,3.43
arhar/tur,kharif,3050.0,481.0,36.0,130.0,9.02
bajra,kharif,690.0,108.0,31.0,130.0,10.14
barley,rabi,530.0,83.0,18.0,130.0,10.19
castor seed,kharif,330.0,52.0,29.0,130.0,6.67
cotton lint,kharif,130.0,20.0,35.0,130.0,6.15
cowpea lobia,kharif,520.0,82.0,29.0,130.0,14.81
gram,rabi,770.0,121.0,24.0,130.0,8.44
groundnut,kharif,890.0,140.0,18.0,130.0,10.34
horse-gram,kharif,490.0,77.0,34.0,130.0,10.61
jowar,kharif,250.0,39.0,16.0,130.0,9.6
jute,kharif,2430.0,383.0,36.0,130.0,23.99
linseed,rabi,5790.0,914.0,35.0,130.0,8.08
maize,rabi,5270.0,832.0,26.0,130.0,19.81
masoor,rabi,2130.0,336.0,18.0,130.0,8.4
mesta,kharif,1850.0,292.0,21.0,130.0,11.08
moong green gram,kharif,390.0,61.0,32.0,130.0,10.26
peas and beans  pulses,kharif,2360.0,372.0,20.0,130.0,13.6
peas and beans  pulses,rabi,7160.0,1130.0,25.0,130.0,10.99
ragi,kharif,330.0,52.0,21.0,130.0,9.7
rice,rabi,4520.0,713.0,18.0,130.0,27.04
sesamum,kharif,3580.0,565.0,21.0,130.0,6.03
sunflower,kharif,340.0,53.0,28.0,130.0,8.24
sunflower,rabi,2170.0,342.0,29.0,130.0,6.13
urad,rabi,820.0,129.0,16.0,130.0,8.17
wheat,rabi,3250.0,513.0,31.0,130.0,18.31
arhar/tur,kharif,2600.0,410.0,38.0,51.0,10.12
gram,rabi,1700.0,268.0,32.0,51.0,12.82
groundnut,kharif,1000.0,157.0,36.0,51.0,19.0
masoor,rabi,600.0,94.0,17.0,51.0,7.0
moong green gram,kharif,6400.0,1010.0,36.0,51.0,6.7
peas and beans  pulses,rabi,3500.0,552.0,20.0,51.0,15.14
sesamum,kharif,4700.0,742.0,29.0,51.0,3.3
urad,kharif,2000.0,315.0,29.0,51.0,5.4
arhar/tur,rabi,1415.0,223.0,19.0,74.0,6.62
bajra,kharif,1632.0,257.0,18.0,74.0,9.38
bajra,rabi,4268.0,673.0,18.0,74.0,9.38
cashewnut,kharif,3036.0,479.0,18.0,74.0,7.07
castor seed,rabi,601.0,94.0,18.0,74.0,3.54
coriander,kharif,11.0,1.0,33.0,74.0,7.27
coriander,rabi,998.0,157.0,30.0,74.0,3.83
cowpea lobia,kharif,2167.0,342.0,39.0,74.0,5.24
cowpea lobia,rabi,6021.0,950.0,32.0,74.0,26.79
garlic,rabi,285.0,45.0,22.0,74.0,35.4
horse-gram,kharif,510.0,80.0,16.0,74.0,2.16
horse-gram,rabi,1530.0,241.0,32.0,74.0,4.47
linseed,rabi,7.0,1.0,22.0,74.0,4.29
masoor,rabi,46.0,7.0,39.0,74.0,3.48
ragi,kharif,742.0,117.0,16.0,74.0,5.44
ragi,rabi,178.0,28.0,28.0,74.0,6.18
rapeseed andmustard,rabi,1365.0,215.0,30.0,74.0,12.2
safflower,rabi,3855.0,608.0,19.0,74.0,6.7
sesamum,kharif,4012.0,633.0,16.0,74.0,0.37
small millets,kharif,1246.0,196.0,26.0,74.0,7.97
small millets,rabi,64.0,10.0,23.0,74.0,7.97
soyabean,rabi,394.0,62.0,29.0,74.0,10.66
sunflower,kharif,910.0,143.0,33.0,74.0,9.1
tobacco,kharif,1512.0,238.0,18.0,74.0,24.48
tobacco,rabi,4279.0,675.0,32.0,74.0,26.77
wheat,rabi,4952.0,781.0,27.0,74.0,34.13
arhar/tur,kharif,4200.0,663.0,32.0,233.0,6.87
cotton lint,kharif,904.0,142.0,30.0,233.0,15.1
cowpea lobia,kharif,4315.0,681.0,16.0,233.0,7.78
gram,rabi,250.0,39.0,39.0,233.0,7.8
groundnut,kharif,529.0,83.0,21.0,233.0,11.46
groundnut,rabi,846.0,133.0,26.0,233.0,11.6
maize,kharif,7334.0,1158.0,30.0,233.0,13.77
maize,rabi,1412.0,222.0,32.0,233.0,14.7
masoor,rabi,3177.0,501.0,18.0,233.0,6.45
moong green gram,kharif,2200.0,347.0,29.0,233.0,5.05
moong green gram,rabi,1028.0,162.0,17.0,233.0,5.5
peas and beans  pulses,rabi,2947.0,465.0,23.0,233.0,8.65
rapeseed andmustard,rabi,6418.0,1013.0,21.0,233.0,8.05
sesamum,kharif,3898.0,615.0,39.0,233.0,5.8
soyabean,kharif,268.0,42.0,25.0,233.0,8.73
urad,kharif,2300.0,363.0,20.0,233.0,5.57
urad,rabi,1289.0,203.0,16.0,233.0,7.45
wheat,rabi,182.0,28.0,25.0,233.0,22.36
coriander,rabi,7474.0,1180.0,33.0,59.0,3.45
cotton lint,kharif,7688.0,1214.0,20.0,59.0,3.46
ginger,kharif,955.0,150.0,17.0,59.0,4.45
guar seed,kharif,1755.0,277.0,28.0,59.0,8.23
sannhamp,kharif,1992.0,314.0,32.0,59.0,2.85
small millets,summer,60.0,9.0,29.0,59.0,9.5
sunflower,summer,2198.0,347.0,18.0,59.0,16.08
tobacco,summer,422.0,66.0,30.0,59.0,15.64
turmeric,rabi,875.0,138.0,22.0,59.0,11.1
arhar/tur,kharif,3334.0,526.0,39.0,124.0,8.22
gram,rabi,646.0,102.0,16.0,124.0,8.36
groundnut,kharif,929.0,146.0,28.0,124.0,13.76
maize,summer,43.0,6.0,17.0,124.0,16.98
moong green gram,summer,15.0,2.0,36.0,124.0,6.0
moth,kharif,15.0,2.0,36.0,124.0,5.33
onion,whole year,3268.0,516.0,25.0,124.0,52.77
peas and beans  pulses,rabi,4983.0,786.0,38.0,124.0,9.36
sesamum,kharif,1700.0,268.0,27.0,124.0,2.73
sunflower,kharif,102.0,16.0,23.0,124.0,9.51
turmeric,whole year,980.0,154.0,25.0,124.0,17.73
urad,summer,59.0,9.0,34.0,124.0,4.41
peas and beans  pulses,rabi,6334.0,1000.0,25.0,108.0,8.98
arhar/tur,rabi,2837.0,447.0,24.0,171.0,8.74
bajra,kharif,166.0,26.0,27.0,171.0,2.95
barley,rabi,2500.0,394.0,32.0,171.0,14.1
castor seed,kharif,56.0,8.0,27.0,171.0,6.07
cotton lint,kharif,451.0,71.0,25.0,171.0,29.4
groundnut,autumn,2107.0,332.0,18.0,171.0,9.02
horse-gram,rabi,2081.0,328.0,26.0,171.0,5.19
jowar,autumn,25.0,3.0,17.0,171.0,3.6
linseed,rabi,6191.0,977.0,28.0,171.0,3.67
moong green gram,kharif,1192.0,188.0,21.0,171.0,8.63
moong green gram,rabi,2633.0,415.0,33.0,171.0,6.84
moth,rabi,16.0,2.0,18.0,171.0,8.75
niger seed,kharif,4132.0,652.0,19.0,171.0,7.16
safflower,kharif,486.0,76.0,34.0,171.0,8.72
sannhamp,kharif,810.0,127.0,22.0,171.0,42.51
sesamum,autumn,1372.0,216.0,30.0,171.0,8.18
sesamum,winter,1282.0,202.0,33.0,171.0,7.18
small millets,autumn,1720.0,271.0,24.0,171.0,5.31
small millets,rabi,525.0,82.0,35.0,171.0,13.64
soyabean,kharif,600.0,94.0,30.0,171.0,7.27
sunflower,kharif,7225.0,1140.0,37.0,171.0,13.02
arhar/tur,kharif,790.0,121.0,34.0,293.0,8.14
dry chillies,whole year,3541.0,542.0,28.0,293.0,28.0
groundnut,kharif,888.0,136.0,31.0,293.0,9.77
masoor,rabi,413.0,63.0,28.0,293.0,4.89
moong green gram,kharif,1287.0,197.0,18.0,293.0,9.92
peas and beans  pulses,kharif,646.0,98.0,38.0,293.0,9.57
peas and beans  pulses,rabi,3645.0,558.0,25.0,293.0,14.24
sesamum,kharif,2019.0,309.0,17.0,293.0,8.89
soyabean,kharif,3098.0,474.0,20.0,293.0,14.2
sunflower,kharif,540.0,82.0,32.0,293.0,8.02
turmeric,whole year,800.0,122.0,15.0,293.0,45.0
urad,kharif,1118.0,171.0,20.0,293.0,8.64
urad,rabi,1408.0,215.0,33.0,293.0,8.77
wheat,rabi,3910.0,599.0,17.0,293.0,19.69
bajra,kharif,3564.0,546.0,15.0,120.0,11.35
castor seed,kharif,77.0,11.0,20.0,120.0,9.61
coriander,whole year,2852.0,437.0,26.0,120.0,8.93
garlic,whole year,1866.0,285.0,24.0,120.0,15.17
ginger,whole year,379.0,58.0,21.0,120.0,18.39
groundnut,kharif,979.0,150.0,25.0,120.0,10.15
jowar,kharif,1796.0,275.0,23.0,120.0,10.65
ragi,kharif,4777.0,732.0,20.0,120.0,7.23
safflower,rabi,107.0,16.0,39.0,120.0,8.13
sannhamp,kharif,1201.0,184.0,21.0,120.0,8.08
sesamum,kharif,2032.0,311.0,22.0,120.0,8.75
small millets,kharif,4080.0,625.0,17.0,120.0,7.59
turmeric,whole year,3063.0,469.0,35.0,120.0,10.06
bajra,kharif,90.0,13.0,29.0,129.0,5.56
barley,rabi,2065.0,316.0,18.0,129.0,9.1
castor seed,kharif,114.0,17.0,16.0,129.0,2.72
coriander,whole year,2336.0,357.0,22.0,129.0,2.9
cotton lint,whole year,79.0,12.0,27.0,129.0,18.61
dry chillies,whole year,6776.0,1038.0,22.0,129.0,6.52
garlic,whole year,1282.0,196.0,36.0,129.0,25.05
ginger,whole year,2073.0,317.0,16.0,129.0,11.93
horse-gram,rabi,3855.0,590.0,34.0,129.0,2.91
jowar,whole year,4012.0,614.0,26.0,129.0,13.55
mesta,kharif,1057.0,161.0,28.0,129.0,16.24
moong green gram,rabi,6168.0,945.0,20.0,129.0,3.84
onion,whole year,5075.0,777.0,34.0,129.0,32.2
potato,kharif,1398.0,214.0,27.0,129.0,45.39
ragi,kharif,7183.0,1100.0,30.0,129.0,2.43
safflower,rabi,218.0,33.0,28.0,129.0,3.44
sannhamp,kharif,1189.0,182.0,17.0,129.0,4.75
sunflower,kharif,2273.0,348.0,28.0,129.0,0.03
turmeric,whole year,1875.0,287.0,26.0,129.0,8.73
urad,rabi,4324.0,662.0,31.0,129.0,2.77
dry chillies,whole year,7349.0,1126.0,27.0,71.0,10.33
urad,summer,3812.0,584.0,26.0,71.0,12.11
arhar/tur,kharif,5600.0,858.0,29.0,55.0,7.43
castor seed,kharif,1800.0,275.0,19.0,55.0,11.11
coriander,whole year,2261.0,346.0,25.0,55.0,17.71
groundnut,kharif,4700.0,720.0,37.0,55.0,12.13
horse-gram,kharif,200.0,30.0,24.0,55.0,5.0
maize,kharif,6300.0,965.0,38.0,55.0,30.95
masoor,rabi,1600.0,245.0,36.0,55.0,7.5
moth,kharif,600.0,91.0,27.0,55.0,1.67
peas and beans  pulses,rabi,3800.0,582.0,29.0,55.0,12.37
sesamum,kharif,1600.0,245.0,35.0,55.0,8.25
urad,kharif,1320.0,202.0,39.0,55.0,4.55
arhar/tur,kharif,11.0,1.0,26.0,137.0,1.82
bajra,kharif,157.0,24.0,37.0,137.0,4.9
coriander,rabi,104.0,15.0,36.0,137.0,1.35
cotton lint,kharif,30.0,4.0,31.0,137.0,4.0
dry chillies,kharif,445.0,68.0,39.0,137.0,3.21
garlic,rabi,3342.0,512.0,29.0,137.0,2.73
gram,rabi,467.0,71.0,19.0,137.0,4.37
groundnut,kharif,48.0,7.0,38.0,137.0,8.12
horse-gram,kharif,1696.0,259.0,19.0,137.0,3.51
linseed,rabi,417.0,63.0,20.0,137.0,2.73
masoor,rabi,486.0,74.0,19.0,137.0,3.09
moong green gram,kharif,71.0,10.0,40.0,137.0,3.52
moth,kharif,15.0,2.0,28.0,137.0,2.67
peas and beans  pulses,kharif,612.0,93.0,35.0,137.0,14.93
peas and beans  pulses,rabi,7156.0,1096.0,18.0,137.0,14.24
ragi,kharif,1867.0,286.0,37.0,137.0,10.49
rapeseed andmustard,rabi,7129.0,1092.0,35.0,137.0,2.37
sesamum,kharif,2715.0,416.0,28.0,137.0,3.17
small millets,kharif,5045.0,773.0,32.0,137.0,7.25
soyabean,kharif,512.0,78.0,33.0,137.0,17.87
turmeric,kharif,136.0,20.0,20.0,137.0,5.96
jute,kharif,6000.0,919.0,17.0,104.0,10.0
mesta,kharif,2000.0,306.0,26.0,104.0,7.2
sunflower,rabi,1520.0,232.0,25.0,104.0,10.0
castor seed,kharif,7049.0,1080.0,17.0,115.0,2.94
sesamum,summer,1984.0,304.0,28.0,115.0,2.06
sunflower,summer,680.0,104.0,31.0,115.0,12.78
tobacco,whole year,800.0,122.0,26.0,115.0,13.75
arhar/tur,kharif,533.0,81.0,19.0,203.0,11.31
cashewnut,whole year,31.0,4.0,30.0,203.0,6.13
cowpea lobia,kharif,962.0,147.0,24.0,203.0,11.33
gram,rabi,791.0,121.0,31.0,203.0,9.33
groundnut,kharif,3380.0,517.0,24.0,203.0,8.83
maize,rabi,7060.0,1081.0,35.0,203.0,24.08
masoor,rabi,699.0,107.0,27.0,203.0,9.43
moong green gram,kharif,451.0,69.0,39.0,203.0,11.0
soyabean,kharif,5100.0,781.0,18.0,203.0,8.48
urad,kharif,1443.0,221.0,16.0,203.0,11.39
wheat,rabi,2250.0,344.0,25.0,203.0,24.98
arhar/tur,kharif,272.0,41.0,18.0,262.0,9.78
arhar/tur,rabi,46.0,7.0,34.0,262.0,8.91
cotton lint,kharif,71.0,10.0,40.0,262.0,3.38
cowpea lobia,kharif,1096.0,167.0,32.0,262.0,11.25
cowpea lobia,rabi,115.0,17.0,40.0,262.0,10.96
maize,kharif,5481.0,839.0,22.0,262.0,15.4
maize,rabi,298.0,45.0,36.0,262.0,15.7
onion,rabi,35.0,5.0,28.0,262.0,36.29
potato,kharif,106.0,16.0,19.0,262.0,41.23
rapeseed andmustard,rabi,326.0,49.0,29.0,262.0,10.03
rice,rabi,394.0,60.0,38.0,262.0,22.13
sesamum,kharif,850.0,130.0,32.0,262.0,6.73
soyabean,kharif,1019.0,156.0,36.0,262.0,15.74
tobacco,whole year,222.0,34.0,34.0,262.0,9.14
arhar/tur,kharif,3200.0,490.0,16.0,195.0,9.03
bajra,kharif,690.0,105.0,37.0,195.0,10.14
barley,rabi,540.0,82.0,30.0,195.0,10.37
castor seed,kharif,340.0,52.0,23.0,195.0,6.76
cotton lint,kharif,130.0,19.0,34.0,195.0,6.15
cowpea lobia,kharif,530.0,81.0,25.0,195.0,14.53
gram,rabi,750.0,114.0,34.0,195.0,8.27
groundnut,kharif,930.0,142.0,38.0,195.0,10.32
horse-gram,kharif,500.0,76.0,27.0,195.0,10.6
jowar,kharif,260.0,39.0,37.0,195.0,9.62
jute,kharif,3070.0,470.0,20.0,195.0,19.06
linseed,rabi,5810.0,890.0,26.0,195.0,8.11
maize,rabi,5300.0,812.0,20.0,195.0,19.81
masoor,rabi,2080.0,318.0,25.0,195.0,8.17
mesta,kharif,1880.0,288.0,29.0,195.0,11.12
moong green gram,kharif,450.0,68.0,38.0,195.0,10.22
peas and beans  pulses,kharif,2350.0,360.0,16.0,195.0,13.57
peas and beans  pulses,rabi,7200.0,1103.0,29.0,195.0,11.0
ragi,kharif,330.0,50.0,29.0,195.0,9.7
rice,rabi,4800.0,735.0,24.0,195.0,27.92
sesamum,kharif,3620.0,554.0,16.0,195.0,6.08
sunflower,kharif,350.0,53.0,21.0,195.0,8.57
sunflower,rabi,2220.0,340.0,25.0,195.0,6.13
urad,rabi,820.0,125.0,20.0,195.0,8.17
wheat,rabi,3380.0,517.0,37.0,195.0,18.4
arhar/tur,kharif,5700.0,873.0,37.0,63.0,8.6
bajra,kharif,1200.0,183.0,34.0,63.0,5.83
gram,rabi,1600.0,245.0,33.0,63.0,13.75
groundnut,kharif,1200.0,183.0,16.0,63.0,19.17
masoor,rabi,700.0,107.0,38.0,63.0,5.71
moong green gram,kharif,4800.0,735.0,29.0,63.0,8.33
peas and beans  pulses,rabi,3100.0,475.0,40.0,63.0,13.55
sesamum,kharif,3000.0,459.0,18.0,63.0,3.67
sunflower,rabi,5800.0,888.0,33.0,63.0,16.55
urad,kharif,2100.0,321.0,21.0,63.0,5.24
arhar/tur,rabi,1289.0,197.0,28.0,94.0,8.67
bajra,kharif,3134.0,480.0,21.0,94.0,8.69
cashewnut,kharif,1841.0,282.0,34.0,94.0,4.2
castor seed,rabi,466.0,71.0,26.0,94.0,5.84
coriander,kharif,46.0,7.0,15.0,94.0,4.35
coriander,rabi,1899.0,291.0,19.0,94.0,6.38
cowpea lobia,kharif,1058.0,162.0,32.0,94.0,6.12
cowpea lobia,rabi,4900.0,750.0,15.0,94.0,10.67
garlic,rabi,191.0,29.0,30.0,94.0,23.61
horse-gram,kharif,353.0,54.0,37.0,94.0,3.82
horse-gram,rabi,1310.0,200.0,27.0,94.0,3.82
ragi,kharif,838.0,128.0,30.0,94.0,11.59
ragi,rabi,296.0,45.0,38.0,94.0,11.52
safflower,rabi,4364.0,668.0,15.0,94.0,6.63
sesamum,kharif,3268.0,500.0,17.0,94.0,1.34
small millets,kharif,851.0,130.0,20.0,94.0,9.39
soyabean,rabi,33.0,5.0,27.0,94.0,9.7
sunflower,kharif,951.0,145.0,30.0,94.0,7.56
sunflower,rabi,4941.0,757.0,26.0,94.0,17.94
tobacco,kharif,2599.0,398.0,25.0,94.0,27.24
tobacco,rabi,4005.0,613.0,25.0,94.0,29.55
wheat,rabi,5409.0,828.0,22.0,94.0,13.7
arhar/tur,kharif,5350.0,819.0,32.0,247.0,7.05
cotton lint,kharif,870.0,133.0,35.0,247.0,15.61
cowpea lobia,kharif,3886.0,595.0,31.0,247.0,6.37
gram,rabi,250.0,38.0,30.0,247.0,6.0
groundnut,kharif,833.0,127.0,39.0,247.0,13.1
groundnut,rabi,1000.0,153.0,19.0,247.0,15.84
jowar,kharif,683.0,104.0,31.0,247.0,7.99
linseed,rabi,150.0,22.0,33.0,247.0,7.0
maize,rabi,2500.0,383.0,38.0,247.0,15.55
masoor,rabi,3800.0,582.0,19.0,247.0,6.67
moong green gram,kharif,2228.0,341.0,21.0,247.0,5.54
moong green gram,rabi,1200.0,183.0,39.0,247.0,6.12
peas and beans  pulses,rabi,3200.0,490.0,26.0,247.0,8.8
rapeseed andmustard,rabi,7500.0,1149.0,23.0,247.0,8.25
sesamum,kharif,5590.0,856.0,29.0,247.0,5.86
small millets,kharif,352.0,53.0,20.0,247.0,8.01
soyabean,rabi,300.0,45.0,17.0,247.0,8.8
urad,kharif,2590.0,396.0,33.0,247.0,5.78
urad,rabi,1250.0,191.0,27.0,247.0,7.75
wheat,rabi,200.0,30.0,39.0,247.0,23.0
coriander,rabi,7002.0,1073.0,18.0,96.0,5.22
cotton lint,kharif,5635.0,863.0,40.0,96.0,3.58
ginger,kharif,916.0,140.0,16.0,96.0,41.0
guar seed,kharif,1831.0,280.0,20.0,96.0,7.17
sannhamp,kharif,2354.0,360.0,37.0,96.0,2.34
small millets,summer,81.0,12.0,36.0,96.0,9.26
sunflower,summer,3325.0,509.0,23.0,96.0,11.77
tobacco,summer,1102.0,168.0,38.0,96.0,19.66
turmeric,rabi,1146.0,175.0,30.0,96.0,13.19
arhar/tur,kharif,2488.0,381.0,27.0,158.0,9.06
gram,rabi,743.0,113.0,31.0,158.0,8.05
groundnut,kharif,935.0,143.0,33.0,158.0,12.98
linseed,rabi,25.0,3.0,37.0,158.0,4.0
maize,summer,90.0,13.0,26.0,158.0,14.78
moong green gram,kharif,37.0,5.0,17.0,158.0,4.86
moth,kharif,8.0,1.0,24.0,158.0,3.75
peas and beans  pulses,rabi,4232.0,648.0,19.0,158.0,9.8
sesamum,kharif,1864.0,285.0,31.0,158.0,2.92
sunflower,kharif,7.0,1.0,19.0,158.0,5.71
tobacco,whole year,9.0,1.0,22.0,158.0,18.89
turmeric,whole year,855.0,131.0,17.0,158.0,20.46
urad,summer,92.0,14.0,15.0,158.0,5.76
arhar/tur,rabi,2962.0,453.0,32.0,179.0,12.49
bajra,kharif,167.0,25.0,17.0,179.0,2.93
barley,rabi,2546.0,390.0,21.0,179.0,14.2
castor seed,kharif,62.0,9.0,38.0,179.0,6.29
cotton lint,kharif,275.0,42.0,17.0,179.0,31.71
groundnut,autumn,2243.0,343.0,24.0,179.0,9.64
horse-gram,rabi,2160.0,331.0,23.0,179.0,5.49
jowar,autumn,26.0,3.0,16.0,179.0,3.85
linseed,rabi,6605.0,1012.0,25.0,179.0,3.7
moong green gram,kharif,1238.0,189.0,24.0,179.0,8.93
moong green gram,rabi,2760.0,422.0,28.0,179.0,6.95
moth,rabi,16.0,2.0,30.0,179.0,9.38
niger seed,kharif,4134.0,633.0,21.0,179.0,7.28
safflower,kharif,498.0,76.0,32.0,179.0,8.82
sannhamp,kharif,847.0,129.0,33.0,179.0,42.07
sesamum,autumn,1374.0,210.0,33.0,179.0,8.32
sesamum,winter,1339.0,205.0,34.0,179.0,7.42
small millets,autumn,1974.0,302.0,39.0,179.0,5.16
small millets,rabi,519.0,79.0,20.0,179.0,13.76
soyabean,kharif,605.0,92.0,38.0,179.0,7.32
sunflower,kharif,7231.0,1108.0,30.0,179.0,13.12
arhar/tur,kharif,806.0,126.0,15.0,274.0,8.25
dry chillies,whole year,3610.0,568.0,30.0,274.0,28.5
groundnut,kharif,919.0,144.0,21.0,274.0,9.8
masoor,rabi,438.0,68.0,20.0,274.0,5.75
moong green gram,kharif,1268.0,199.0,32.0,274.0,10.24
peas and beans  pulses,kharif,662.0,104.0,26.0,274.0,9.67
peas and beans  pulses,rabi,3670.0,577.0,37.0,274.0,14.28
sesamum,kharif,2050.0,322.0,27.0,274.0,8.92
soyabean,kharif,3129.0,492.0,22.0,274.0,14.17
sunflower,kharif,571.0,89.0,15.0,274.0,8.16
turmeric,whole year,810.0,127.0,28.0,274.0,45.51
urad,kharif,1134.0,178.0,28.0,274.0,8.71
urad,rabi,1433.0,225.0,30.0,274.0,8.97
wheat,rabi,3930.0,618.0,25.0,274.0,19.7
bajra,kharif,4379.0,689.0,26.0,111.0,11.34
castor seed,kharif,19.0,2.0,32.0,111.0,10.0
coriander,whole year,2078.0,327.0,18.0,111.0,9.08
garlic,whole year,1690.0,266.0,34.0,111.0,15.15
ginger,whole year,259.0,40.0,19.0,111.0,18.84
groundnut,kharif,569.0,89.0,27.0,111.0,10.19
jowar,kharif,1358.0,213.0,34.0,111.0,10.66
moong green gram,kharif,7437.0,1170.0,30.0,111.0,7.43
ragi,kharif,4211.0,662.0,31.0,111.0,9.94
safflower,rabi,99.0,15.0,25.0,111.0,8.18
sannhamp,kharif,821.0,129.0,40.0,111.0,8.08
sesamum,kharif,1571.0,247.0,34.0,111.0,8.77
small millets,kharif,4402.0,693.0,34.0,111.0,7.52
turmeric,whole year,2724.0,428.0,16.0,111.0,10.39
bajra,kharif,63.0,9.0,21.0,112.0,3.97
barley,rabi,1881.0,296.0,28.0,112.0,10.42
coriander,whole year,1690.0,266.0,34.0,112.0,2.75
cotton lint,whole year,478.0,75.0,26.0,112.0,16.78
dry chillies,whole year,6680.0,1051.0,15.0,112.0,3.53
garlic,whole year,1160.0,182.0,20.0,112.0,27.9
ginger,whole year,1958.0,308.0,20.0,112.0,12.06
horse-gram,rabi,3256.0,512.0,34.0,112.0,2.9
jowar,whole year,3729.0,587.0,40.0,112.0,12.61
mesta,kharif,1063.0,167.0,32.0,112.0,19.04
moong green gram,rabi,3564.0,561.0,22.0,112.0,2.38
potato,kharif,1596.0,251.0,17.0,112.0,43.88
ragi,kharif,7274.0,1145.0,25.0,112.0,2.27
safflower,rabi,465.0,73.0,34.0,112.0,3.59
sannhamp,kharif,1085.0,170.0,28.0,112.0,5.07
sunflower,kharif,1265.0,199.0,31.0,112.0,0.06
tobacco,whole year,13.0,2.0,27.0,112.0,4.62
turmeric,whole year,1783.0,280.0,30.0,112.0,8.61
urad,rabi,2485.0,391.0,40.0,112.0,2.97
dry chillies,whole year,5571.0,877.0,18.0,81.0,9.5
maize,summer,4636.0,729.0,38.0,81.0,21.24
urad,summer,7890.0,1242.0,32.0,81.0,12.57
arhar/tur,kharif,4410.0,694.0,32.0,41.0,11.43
castor seed,kharif,900.0,141.0,37.0,41.0,10.0
coriander,whole year,2211.0,348.0,29.0,41.0,23.91
groundnut,kharif,3100.0,488.0,16.0,41.0,11.61
horse-gram,kharif,290.0,45.0,25.0,41.0,2.76
maize,kharif,6600.0,1039.0,25.0,41.0,31.21
masoor,rabi,1530.0,240.0,32.0,41.0,8.43
moth,kharif,880.0,138.0,31.0,41.0,2.73
peas and beans  pulses,rabi,1700.0,267.0,22.0,41.0,12.53
sesamum,kharif,1500.0,236.0,37.0,41.0,4.67
sunflower,kharif,4900.0,771.0,27.0,41.0,19.39
urad,kharif,1500.0,236.0,38.0,41.0,3.53
arhar/tur,kharif,45.0,7.0,30.0,118.0,5.11
bajra,kharif,79.0,12.0,24.0,118.0,7.34
coriander,rabi,104.0,16.0,40.0,118.0,1.35
garlic,rabi,3342.0,526.0,22.0,118.0,3.82
gram,rabi,358.0,56.0,27.0,118.0,10.42
groundnut,kharif,36.0,5.0,39.0,118.0,10.28
horse-gram,kharif,1614.0,254.0,30.0,118.0,5.81
linseed,rabi,803.0,126.0,22.0,118.0,2.99
masoor,rabi,441.0,69.0,39.0,118.0,8.75
moong green gram,kharif,130.0,20.0,34.0,118.0,7.08
moth,kharif,17.0,2.0,35.0,118.0,6.47
peas and beans  pulses,rabi,2353.0,370.0,17.0,118.0,20.62
ragi,kharif,1817.0,286.0,33.0,118.0,10.56
sesamum,kharif,127.0,19.0,18.0,118.0,4.57
small millets,kharif,4098.0,645.0,19.0,118.0,8.07
soyabean,kharif,554.0,87.0,38.0,118.0,16.77
turmeric,kharif,136.0,21.0,25.0,118.0,6.25
urad,kharif,6922.0,1089.0,28.0,118.0,6.67
bajra,kharif,614.0,96.0,23.0,116.0,5.77
castor seed,kharif,153.0,24.0,35.0,116.0,3.73
jowar,kharif,3329.0,524.0,36.0,116.0,6.64
niger seed,kharif,4943.0,778.0,22.0,116.0,5.64
safflower,rabi,2005.0,315.0,38.0,116.0,5.55
soyabean,kharif,1923.0,302.0,15.0,116.0,7.99
sunflower,kharif,412.0,64.0,29.0,116.0,7.01
sunflower,rabi,1759.0,276.0,25.0,116.0,5.19
groundnut,summer,5890.0,927.0,32.0,80.0,18.73
jute,kharif,5970.0,939.0,36.0,80.0,14.47
mesta,kharif,2000.0,314.0,18.0,80.0,11.0
safflower,rabi,1010.0,159.0,35.0,80.0,4.95
sunflower,kharif,1020.0,160.0,33.0,80.0,5.0
sunflower,rabi,2100.0,330.0,25.0,80.0,10.0
castor seed,kharif,6152.0,968.0,24.0,112.0,2.22
rapeseed andmustard,rabi,6675.0,1050.0,31.0,112.0,3.43
sesamum,rabi,3633.0,571.0,22.0,112.0,3.89
sesamum,summer,861.0,135.0,28.0,112.0,1.96
sunflower,summer,371.0,58.0,17.0,112.0,12.13
tobacco,whole year,549.0,86.0,20.0,112.0,12.75
arhar/tur,kharif,527.0,82.0,23.0,178.0,11.29
cashewnut,whole year,37.0,5.0,27.0,178.0,4.86
cowpea lobia,kharif,958.0,150.0,36.0,178.0,11.44
gram,rabi,815.0,128.0,28.0,178.0,9.33
groundnut,kharif,3340.0,525.0,21.0,178.0,9.41
maize,rabi,7120.0,1120.0,39.0,178.0,24.23
masoor,rabi,723.0,113.0,36.0,178.0,9.25
moong green gram,kharif,448.0,70.0,26.0,178.0,11.12
soyabean,kharif,5070.0,798.0,20.0,178.0,9.07
urad,kharif,1439.0,226.0,32.0,178.0,10.99
wheat,rabi,2250.0,354.0,27.0,178.0,24.98
arhar/tur,kharif,272.8,42.0,36.0,386.0,10.08
arhar/tur,rabi,50.0,7.0,20.0,386.0,9.2
cotton lint,kharif,92.3,14.0,31.0,386.0,3.68
cowpea lobia,kharif,1024.7,161.0,19.0,386.0,18.42
cowpea lobia,rabi,152.0,23.0,18.0,386.0,23.62
maize,kharif,5474.0,861.0,35.0,386.0,16.05
maize,rabi,505.2,79.0,23.0,386.0,13.58
onion,rabi,110.9,17.0,30.0,386.0,38.77
potato,rabi,157.0,24.0,21.0,386.0,50.83
rapeseed andmustard,kharif,23.0,3.0,39.0,386.0,3.48
rapeseed andmustard,rabi,394.0,62.0,21.0,386.0,10.41
rice,rabi,487.0,76.0,25.0,386.0,20.49
sesamum,kharif,765.3,120.0,38.0,386.0,6.31
soyabean,kharif,1008.3,158.0,33.0,386.0,15.25
tobacco,kharif,338.5,53.0,22.0,386.0,8.3
arhar/tur,kharif,3200.0,503.0,34.0,172.0,9.12
bajra,kharif,700.0,110.0,17.0,172.0,10.14
barley,rabi,550.0,86.0,26.0,172.0,10.36
castor seed,kharif,350.0,55.0,33.0,172.0,6.86
cotton lint,kharif,130.0,20.0,22.0,172.0,6.15
cowpea lobia,kharif,540.0,85.0,40.0,172.0,14.63
gram,rabi,780.0,122.0,28.0,172.0,8.46
groundnut,kharif,970.0,152.0,27.0,172.0,10.41
horse-gram,kharif,520.0,81.0,37.0,172.0,10.96
jowar,kharif,270.0,42.0,15.0,172.0,9.63
jute,kharif,3080.0,484.0,23.0,172.0,19.06
linseed,rabi,5840.0,919.0,39.0,172.0,8.13
maize,rabi,5330.0,839.0,16.0,172.0,19.81
masoor,rabi,2140.0,336.0,35.0,172.0,8.22
mesta,kharif,1900.0,299.0,32.0,172.0,11.05
moong green gram,kharif,480.0,75.0,18.0,172.0,10.62
peas and beans  pulses,kharif,2330.0,366.0,29.0,172.0,13.69
peas and beans  pulses,rabi,7240.0,1139.0,25.0,172.0,11.02
ragi,kharif,340.0,53.0,35.0,172.0,9.71
rice,rabi,5250.0,826.0,19.0,172.0,28.29
sesamum,kharif,3660.0,576.0,20.0,172.0,6.09
sunflower,kharif,350.0,55.0,35.0,172.0,8.86
sunflower,rabi,2270.0,357.0,29.0,172.0,6.12
urad,rabi,830.0,130.0,33.0,172.0,8.19
wheat,rabi,3410.0,536.0,31.0,172.0,18.36
arhar/tur,kharif,2600.0,409.0,40.0,49.0,10.38
bajra,kharif,1000.0,157.0,34.0,49.0,6.0
barley,rabi,7700.0,1212.0,15.0,49.0,38.83
gram,rabi,1700.0,267.0,22.0,49.0,11.76
groundnut,kharif,1200.0,188.0,17.0,49.0,19.17
masoor,rabi,800.0,125.0,21.0,49.0,6.25
moong green gram,kharif,3500.0,551.0,31.0,49.0,8.57
peas and beans  pulses,rabi,1900.0,299.0,40.0,49.0,10.0
sesamum,kharif,2700.0,425.0,23.0,49.0,3.33
sunflower,rabi,6100.0,960.0,35.0,49.0,19.02
urad,kharif,1600.0,251.0,40.0,49.0,5.62
arhar/tur,rabi,338.0,53.0,37.0,81.0,7.22
bajra,kharif,944.0,148.0,24.0,81.0,10.57
bajra,rabi,7818.0,1230.0,34.0,81.0,10.57
cashewnut,kharif,1578.0,248.0,40.0,81.0,3.03
castor seed,rabi,294.0,46.0,22.0,81.0,9.56
coriander,kharif,16.0,2.0,26.0,81.0,3.12
coriander,rabi,1204.0,189.0,32.0,81.0,8.28
cowpea lobia,kharif,1524.0,239.0,18.0,81.0,10.14
cowpea lobia,rabi,3985.0,627.0,19.0,81.0,13.03
garlic,rabi,189.0,29.0,21.0,81.0,14.02
moong green gram,rabi,6880.0,1083.0,38.0,81.0,8.32
ragi,kharif,1181.0,185.0,19.0,81.0,11.47
ragi,rabi,274.0,43.0,33.0,81.0,10.95
safflower,rabi,3862.0,608.0,21.0,81.0,5.67
sesamum,kharif,1072.0,168.0,18.0,81.0,2.35
small millets,kharif,288.0,45.0,19.0,81.0,13.26
sunflower,kharif,411.0,64.0,22.0,81.0,21.19
sunflower,rabi,3242.0,510.0,38.0,81.0,21.36
tobacco,kharif,651.0,102.0,26.0,81.0,28.74
tobacco,rabi,3460.0,544.0,27.0,81.0,30.77
urad,rabi,6298.0,991.0,18.0,81.0,8.79
wheat,rabi,4156.0,654.0,15.0,81.0,13.89
arhar/tur,kharif,5590.0,880.0,22.0,332.0,7.38
cotton lint,kharif,805.0,126.0,28.0,332.0,14.41
cowpea lobia,kharif,4419.0,695.0,31.0,332.0,7.21
gram,rabi,235.0,36.0,16.0,332.0,7.91
groundnut,kharif,1121.0,176.0,38.0,332.0,11.98
groundnut,rabi,1148.0,180.0,33.0,332.0,12.31
jowar,kharif,857.0,134.0,29.0,332.0,8.19
linseed,rabi,120.0,18.0,37.0,332.0,7.0
maize,rabi,2140.0,336.0,39.0,332.0,15.59
masoor,rabi,2892.0,455.0,37.0,332.0,7.16
moong green gram,kharif,2473.0,389.0,28.0,332.0,5.45
moong green gram,rabi,2320.0,365.0,37.0,332.0,6.25
peas and beans  pulses,rabi,3474.0,546.0,29.0,332.0,8.8
rapeseed andmustard,rabi,7795.0,1227.0,38.0,332.0,8.3
sesamum,kharif,7035.0,1107.0,34.0,332.0,5.9
small millets,kharif,493.0,77.0,25.0,332.0,7.83
soyabean,kharif,238.0,37.0,19.0,332.0,6.97
soyabean,rabi,259.0,40.0,18.0,332.0,7.64
urad,kharif,2868.0,451.0,22.0,332.0,5.86
urad,rabi,2482.0,390.0,18.0,332.0,7.11
wheat,rabi,195.0,30.0,23.0,332.0,20.31
coriander,rabi,6790.0,1069.0,33.0,65.0,5.22
cotton lint,kharif,4150.0,653.0,35.0,65.0,3.7
ginger,kharif,877.0,138.0,29.0,65.0,47.51
guar seed,kharif,2077.0,327.0,33.0,65.0,7.16
sannhamp,kharif,2116.0,333.0,21.0,65.0,1.93
small millets,summer,42.0,6.0,25.0,65.0,8.81
sunflower,summer,2093.0,329.0,31.0,65.0,14.42
tobacco,summer,929.0,146.0,19.0,65.0,28.53
turmeric,rabi,1201.0,189.0,30.0,65.0,12.8
arhar/tur,kharif,3459.0,544.0,23.0,147.0,9.6
gram,rabi,530.0,83.0,29.0,147.0,8.3
groundnut,kharif,805.0,126.0,27.0,147.0,13.78
maize,summer,66.0,10.0,22.0,147.0,14.55
moong green gram,kharif,15.0,2.0,17.0,147.0,5.33
moth,kharif,9.0,1.0,23.0,147.0,5.56
peas and beans  pulses,rabi,4348.0,684.0,21.0,147.0,9.42
sesamum,kharif,1888.0,297.0,36.0,147.0,2.98
turmeric,whole year,800.0,125.0,37.0,147.0,22.55
urad,summer,97.0,15.0,39.0,147.0,6.8
arhar/tur,rabi,3843.0,605.0,40.0,183.0,15.08
bajra,kharif,30.0,4.0,32.0,183.0,4.0
barley,rabi,428.0,67.0,34.0,183.0,14.18
cotton lint,kharif,176.0,27.0,23.0,183.0,49.2
groundnut,autumn,1798.0,283.0,15.0,183.0,12.98
horse-gram,rabi,1319.0,207.0,36.0,183.0,5.7
linseed,rabi,4905.0,772.0,22.0,183.0,2.08
moong green gram,kharif,2813.0,442.0,26.0,183.0,7.77
moong green gram,rabi,1658.0,261.0,21.0,183.0,8.84
niger seed,kharif,3230.0,508.0,35.0,183.0,6.19
ragi,autumn,3379.0,531.0,33.0,183.0,9.97
safflower,kharif,101.0,15.0,19.0,183.0,9.8
sannhamp,kharif,745.0,117.0,20.0,183.0,48.83
sesamum,autumn,813.0,127.0,23.0,183.0,8.14
sesamum,winter,1276.0,200.0,24.0,183.0,6.83
small millets,autumn,633.0,99.0,21.0,183.0,7.0
small millets,rabi,1267.0,199.0,31.0,183.0,8.08
soyabean,kharif,398.0,62.0,33.0,183.0,9.55
sunflower,kharif,7382.0,1162.0,31.0,183.0,12.27
arhar/tur,kharif,816.0,132.0,24.0,299.0,8.64
dry chillies,whole year,3630.0,588.0,38.0,299.0,28.5
groundnut,kharif,921.0,149.0,38.0,299.0,9.8
masoor,rabi,453.0,73.0,24.0,299.0,7.77
moong green gram,kharif,1313.0,212.0,39.0,299.0,10.2
peas and beans  pulses,kharif,672.0,108.0,32.0,299.0,10.12
peas and beans  pulses,rabi,3690.0,598.0,25.0,299.0,15.65
sesamum,kharif,2053.0,332.0,26.0,299.0,8.92
soyabean,kharif,3132.0,508.0,39.0,299.0,14.17
sunflower,kharif,573.0,92.0,34.0,299.0,8.17
turmeric,whole year,820.0,133.0,31.0,299.0,45.5
urad,kharif,1144.0,185.0,40.0,299.0,8.99
urad,rabi,1448.0,234.0,39.0,299.0,9.56
wheat,rabi,3930.0,637.0,29.0,299.0,19.7
bajra,kharif,3109.0,504.0,34.0,152.0,11.34
castor seed,kharif,85.0,13.0,19.0,152.0,9.65
coriander,whole year,2539.0,411.0,30.0,152.0,9.05
garlic,whole year,1780.0,288.0,39.0,152.0,15.03
ginger,whole year,452.0,73.0,33.0,152.0,18.54
groundnut,kharif,856.0,138.0,29.0,152.0,10.2
jowar,kharif,716.0,116.0,34.0,152.0,10.66
ragi,kharif,2883.0,467.0,38.0,152.0,10.71
safflower,rabi,88.0,14.0,34.0,152.0,8.07
sannhamp,kharif,772.0,125.0,24.0,152.0,8.08
sesamum,kharif,1619.0,262.0,18.0,152.0,8.53
sunflower,rabi,7308.0,1185.0,28.0,152.0,14.17
turmeric,whole year,2981.0,483.0,22.0,152.0,10.34
bajra,kharif,44.0,7.0,30.0,151.0,5.91
barley,rabi,1698.0,275.0,36.0,151.0,7.99
castor seed,kharif,49.0,7.0,36.0,151.0,4.08
coriander,whole year,1452.0,235.0,35.0,151.0,2.67
cotton lint,whole year,1433.0,232.0,34.0,151.0,15.72
dry chillies,whole year,6686.0,1084.0,18.0,151.0,6.26
garlic,whole year,1244.0,201.0,19.0,151.0,28.01
ginger,whole year,1843.0,298.0,16.0,151.0,11.72
horse-gram,rabi,1150.0,186.0,17.0,151.0,3.0
jowar,whole year,3088.0,500.0,30.0,151.0,9.15
mesta,kharif,1473.0,238.0,22.0,151.0,19.45
moong green gram,kharif,7562.0,1226.0,37.0,151.0,5.11
moong green gram,rabi,3177.0,515.0,21.0,151.0,3.1
potato,kharif,1441.0,233.0,36.0,151.0,52.87
ragi,kharif,6880.0,1115.0,27.0,151.0,2.44
safflower,rabi,208.0,33.0,30.0,151.0,3.85
sannhamp,kharif,983.0,159.0,24.0,151.0,5.28
sunflower,whole year,847.0,137.0,22.0,151.0,0.32
tobacco,whole year,16.0,2.0,29.0,151.0,5.0
turmeric,whole year,1375.0,223.0,21.0,151.0,9.62
urad,rabi,2925.0,474.0,32.0,151.0,2.98
dry chillies,whole year,4532.0,735.0,33.0,112.0,9.53
maize,summer,3090.0,501.0,25.0,112.0,20.57
urad,summer,3795.0,615.0,28.0,112.0,14.78
arhar/tur,kharif,2108.0,341.0,34.0,53.0,11.73
castor seed,kharif,2232.0,362.0,22.0,53.0,6.74
coriander,whole year,2284.0,370.0,24.0,53.0,25.85
groundnut,kharif,3490.0,566.0,28.0,53.0,11.44
horse-gram,kharif,289.0,46.0,25.0,53.0,5.02
maize,kharif,5900.0,956.0,34.0,53.0,26.44
masoor,rabi,1260.0,204.0,30.0,53.0,5.02
moth,kharif,101.0,16.0,24.0,53.0,5.74
peas and beans  pulses,rabi,4142.0,671.0,31.0,53.0,10.85
sesamum,kharif,1551.0,251.0,24.0,53.0,4.84
urad,kharif,1276.0,206.0,19.0,53.0,5.75
arhar/tur,kharif,49.0,7.0,16.0,105.0,5.1
bajra,kharif,88.0,14.0,30.0,105.0,7.39
coriander,rabi,128.0,20.0,38.0,105.0,2.19
cotton lint,kharif,25.0,4.0,35.0,105.0,3.6
dry chillies,kharif,578.0,93.0,17.0,105.0,3.44
garlic,rabi,3596.0,583.0,18.0,105.0,3.95
ginger,kharif,2223.0,360.0,40.0,105.0,40.22
gram,rabi,384.0,62.0,32.0,105.0,10.39
groundnut,kharif,42.0,6.0,28.0,105.0,10.24
horse-gram,kharif,1618.0,262.0,21.0,105.0,5.8
linseed,rabi,811.0,131.0,34.0,105.0,3.0
masoor,rabi,484.0,78.0,40.0,105.0,8.8
moong green gram,kharif,108.0,17.0,36.0,105.0,7.13
moth,kharif,16.0,2.0,38.0,105.0,6.25
peas and beans  pulses,rabi,2550.0,413.0,38.0,105.0,20.6
ragi,kharif,1720.0,278.0,27.0,105.0,10.6
sannhamp,kharif,8.0,1.0,35.0,105.0,3.75
sesamum,kharif,327.0,53.0,40.0,105.0,4.5
small millets,kharif,5012.0,812.0,31.0,105.0,8.1
soyabean,kharif,554.0,89.0,32.0,105.0,16.81
turmeric,kharif,274.0,44.0,29.0,105.0,6.2
urad,kharif,7001.0,1135.0,31.0,105.0,6.71
bajra,kharif,130.0,21.0,17.0,122.0,5.77
castor seed,kharif,41.0,6.0,26.0,122.0,6.34
jowar,kharif,2046.0,331.0,27.0,122.0,6.85
maize,rabi,5944.0,964.0,17.0,122.0,19.05
niger seed,kharif,4743.0,769.0,30.0,122.0,5.48
safflower,rabi,775.0,125.0,39.0,122.0,5.86
soyabean,kharif,6099.0,989.0,38.0,122.0,7.47
sunflower,kharif,358.0,58.0,39.0,122.0,5.53
sunflower,rabi,705.0,114.0,34.0,122.0,4.61
castor seed,kharif,1403.0,227.0,33.0,110.0,3.73
horse-gram,kharif,1852.0,300.0,34.0,110.0,3.77
jute,kharif,409.0,66.0,32.0,110.0,4.77
mesta,kharif,29.0,4.0,21.0,110.0,3.1
moong green gram,summer,406.0,65.0,20.0,110.0,2.91
safflower,rabi,13.0,2.0,25.0,110.0,3.08
urad,summer,4234.0,686.0,29.0,110.0,4.6
linseed,rabi,7014.0,1137.0,17.0,138.0,3.9
rapeseed andmustard,rabi,5738.0,930.0,23.0,138.0,3.45
sesamum,rabi,875.0,141.0,26.0,138.0,1.1
sesamum,summer,1385.0,224.0,20.0,138.0,1.32
sunflower,summer,285.0,46.0,29.0,138.0,15.33
tobacco,whole year,460.0,74.0,20.0,138.0,17.46
arhar/tur,kharif,534.0,86.0,22.0,119.0,10.49
cowpea lobia,kharif,964.0,156.0,31.0,119.0,10.18
gram,rabi,849.0,137.0,23.0,119.0,9.26
groundnut,kharif,3216.0,521.0,31.0,119.0,9.32
maize,rabi,7220.0,1171.0,33.0,119.0,23.74
masoor,rabi,758.0,122.0,27.0,119.0,9.23
moong green gram,kharif,456.0,73.0,37.0,119.0,10.57
soyabean,kharif,4904.0,795.0,18.0,119.0,9.0
urad,kharif,1372.0,222.0,16.0,119.0,10.05
wheat,rabi,2290.0,371.0,39.0,119.0,25.02
arhar/tur,kharif,283.0,45.0,40.0,166.0,10.25
arhar/tur,rabi,46.0,7.0,17.0,166.0,8.91
cotton lint,kharif,43.0,6.0,36.0,166.0,5.58
cowpea lobia,kharif,1053.0,170.0,21.0,166.0,20.11
cowpea lobia,rabi,96.0,15.0,24.0,166.0,18.33
maize,kharif,5733.0,929.0,33.0,166.0,17.97
maize,rabi,430.0,69.0,35.0,166.0,15.58
onion,rabi,19.0,3.0,29.0,166.0,33.68
potato,kharif,61.0,9.0,37.0,166.0,41.48
potato,rabi,73.0,11.0,19.0,166.0,35.07
rapeseed andmustard,kharif,25.0,4.0,22.0,166.0,6.0
rapeseed andmustard,rabi,504.0,81.0,25.0,166.0,7.86
rice,rabi,460.0,74.0,31.0,166.0,20.87
sesamum,kharif,770.0,124.0,24.0,166.0,7.71
soyabean,kharif,1012.0,164.0,27.0,166.0,17.31
tobacco,kharif,340.0,55.0,16.0,166.0,12.29
arhar/tur,kharif,3210.0,520.0,23.0,137.0,9.1
bajra,kharif,710.0,115.0,16.0,137.0,10.14
barley,rabi,560.0,90.0,17.0,137.0,10.36
castor seed,kharif,360.0,58.0,16.0,137.0,6.67
cotton lint,kharif,130.0,21.0,18.0,137.0,6.15
cowpea lobia,kharif,550.0,89.0,33.0,137.0,14.73
gram,rabi,760.0,123.0,30.0,137.0,8.42
groundnut,kharif,1010.0,163.0,30.0,137.0,10.4
horse-gram,kharif,540.0,87.0,21.0,137.0,10.74
jowar,kharif,280.0,45.0,39.0,137.0,9.64
jute,kharif,3080.0,499.0,37.0,137.0,19.06
linseed,rabi,5850.0,948.0,35.0,137.0,8.14
maize,rabi,5360.0,869.0,38.0,137.0,19.83
masoor,rabi,2180.0,353.0,17.0,137.0,8.21
mesta,kharif,1930.0,313.0,37.0,137.0,11.04
moong green gram,kharif,480.0,77.0,32.0,137.0,10.42
peas and beans  pulses,kharif,2310.0,374.0,27.0,137.0,13.64
peas and beans  pulses,rabi,7270.0,1179.0,27.0,137.0,11.02
ragi,kharif,350.0,56.0,20.0,137.0,9.71
rice,rabi,5460.0,885.0,18.0,137.0,28.28
sesamum,kharif,3700.0,600.0,15.0,137.0,6.11
sunflower,kharif,360.0,58.0,37.0,137.0,8.89
sunflower,rabi,2320.0,376.0,33.0,137.0,6.12
urad,rabi,830.0,134.0,35.0,137.0,8.19
wheat,rabi,3420.0,554.0,27.0,137.0,18.3
arhar/tur,kharif,2300.0,373.0,22.0,58.0,10.43
bajra,kharif,1100.0,178.0,19.0,58.0,6.36
barley,rabi,6800.0,1102.0,16.0,58.0,37.5
gram,rabi,1900.0,308.0,32.0,58.0,13.16
groundnut,kharif,1300.0,210.0,32.0,58.0,20.0
masoor,rabi,700.0,113.0,36.0,58.0,7.14
moong green gram,kharif,3200.0,519.0,22.0,58.0,8.44
peas and beans  pulses,rabi,3400.0,551.0,16.0,58.0,12.94
sesamum,kharif,2900.0,470.0,29.0,58.0,2.76
sunflower,rabi,5000.0,811.0,38.0,58.0,19.4
urad,kharif,2000.0,324.0,18.0,58.0,5.5
arhar/tur,rabi,360.0,58.0,39.0,135.0,6.14
bajra,kharif,519.0,84.0,36.0,135.0,4.97
bajra,rabi,7459.0,1209.0,34.0,135.0,4.97
cashewnut,kharif,1509.0,244.0,27.0,135.0,2.46
castor seed,rabi,463.0,75.0,36.0,135.0,6.57
coriander,kharif,7.0,1.0,39.0,135.0,10.0
coriander,rabi,1005.0,163.0,23.0,135.0,9.99
cowpea lobia,kharif,1310.0,212.0,29.0,135.0,7.98
cowpea lobia,rabi,3925.0,636.0,18.0,135.0,11.24
garlic,rabi,86.0,13.0,37.0,135.0,25.58
horse-gram,kharif,144.0,23.0,20.0,135.0,6.39
horse-gram,rabi,736.0,119.0,18.0,135.0,6.35
moong green gram,rabi,6648.0,1078.0,37.0,135.0,9.48
potato,kharif,8.0,1.0,15.0,135.0,30.0
ragi,kharif,1034.0,167.0,36.0,135.0,9.78
ragi,rabi,176.0,28.0,40.0,135.0,9.83
safflower,rabi,2552.0,413.0,25.0,135.0,6.05
sesamum,kharif,770.0,124.0,19.0,135.0,1.71
small millets,kharif,96.0,15.0,18.0,135.0,10.1
small millets,rabi,24.0,3.0,19.0,135.0,10.0
sunflower,kharif,124.0,20.0,32.0,135.0,19.6
sunflower,rabi,2414.0,391.0,33.0,135.0,19.61
tobacco,kharif,1150.0,186.0,17.0,135.0,29.77
tobacco,rabi,2891.0,468.0,18.0,135.0,31.59
urad,rabi,5289.0,857.0,16.0,135.0,14.8
wheat,rabi,4844.0,785.0,23.0,135.0,18.77
arhar/tur,kharif,5533.0,897.0,19.0,216.0,7.73
cotton lint,kharif,812.0,131.0,39.0,216.0,14.98
cowpea lobia,kharif,4145.0,672.0,16.0,216.0,7.76
gram,rabi,257.0,41.0,20.0,216.0,6.69
groundnut,kharif,1257.0,203.0,38.0,216.0,13.29
groundnut,rabi,994.0,161.0,36.0,216.0,14.39
jowar,kharif,563.0,91.0,17.0,216.0,7.99
jowar,rabi,397.0,64.0,23.0,216.0,7.98
khesari,rabi,28.0,4.0,24.0,216.0,6.43
maize,rabi,2463.0,399.0,22.0,216.0,21.38
masoor,rabi,2515.0,407.0,19.0,216.0,7.46
moong green gram,kharif,2082.0,337.0,37.0,216.0,6.03
moong green gram,rabi,1961.0,318.0,34.0,216.0,6.64
peas and beans  pulses,rabi,3393.0,550.0,25.0,216.0,8.4
sesamum,kharif,6967.0,1130.0,18.0,216.0,6.22
small millets,kharif,583.0,94.0,40.0,216.0,7.99
soyabean,kharif,56.0,9.0,37.0,216.0,7.32
soyabean,rabi,45.0,7.0,38.0,216.0,8.0
urad,kharif,2526.0,409.0,18.0,216.0,5.82
urad,rabi,2334.0,378.0,31.0,216.0,7.0
wheat,rabi,157.0,25.0,20.0,216.0,21.15
coriander,rabi,6635.0,1076.0,26.0,79.0,7.93
cotton lint,kharif,5699.0,924.0,38.0,79.0,3.43
ginger,kharif,904.0,146.0,20.0,79.0,47.5
guar seed,kharif,2024.0,328.0,33.0,79.0,7.17
sannhamp,kharif,1770.0,287.0,23.0,79.0,1.92
small millets,kharif,6078.0,985.0,29.0,79.0,7.55
small millets,summer,63.0,10.0,30.0,79.0,9.05
sunflower,summer,1245.0,201.0,17.0,79.0,13.65
tobacco,summer,1025.0,166.0,37.0,79.0,24.12
turmeric,rabi,1420.0,230.0,32.0,79.0,13.47
arhar/tur,kharif,3199.0,518.0,25.0,137.0,8.04
gram,rabi,795.0,128.0,19.0,137.0,8.13
groundnut,kharif,709.0,114.0,29.0,137.0,10.37
linseed,rabi,13.0,2.0,17.0,137.0,10.0
maize,summer,118.0,19.0,27.0,137.0,14.07
moth,kharif,20.0,3.0,39.0,137.0,4.5
peas and beans  pulses,rabi,5552.0,900.0,29.0,137.0,10.0
sesamum,kharif,1848.0,299.0,25.0,137.0,2.98
turmeric,whole year,1308.0,212.0,39.0,137.0,31.28
urad,summer,49.0,7.0,22.0,137.0,6.53
arhar/tur,rabi,3605.0,584.0,20.0,201.0,15.43
bajra,kharif,71.0,11.0,18.0,201.0,4.08
barley,rabi,665.0,107.0,16.0,201.0,15.17
castor seed,kharif,19.0,3.0,30.0,201.0,5.79
cotton lint,kharif,360.0,58.0,37.0,201.0,48.69
groundnut,autumn,3917.0,635.0,31.0,201.0,9.84
horse-gram,rabi,1405.0,227.0,16.0,201.0,4.96
jowar,autumn,64.0,10.0,29.0,201.0,4.69
linseed,rabi,3945.0,639.0,30.0,201.0,4.46
moong green gram,kharif,2594.0,420.0,35.0,201.0,7.51
moong green gram,rabi,965.0,156.0,32.0,201.0,7.09
niger seed,kharif,1184.0,192.0,16.0,201.0,5.01
ragi,autumn,3274.0,531.0,15.0,201.0,8.95
sannhamp,kharif,434.0,70.0,25.0,201.0,39.29
sesamum,autumn,1144.0,185.0,40.0,201.0,6.48
sesamum,winter,484.0,78.0,29.0,201.0,7.21
small millets,autumn,261.0,42.0,24.0,201.0,9.81
small millets,rabi,5160.0,836.0,30.0,201.0,13.4
soyabean,kharif,416.0,67.0,29.0,201.0,8.03
arhar/tur,kharif,819.0,140.0,26.0,243.0,8.69
dry chillies,whole year,3645.0,626.0,23.0,243.0,28.8
groundnut,kharif,923.0,158.0,22.0,243.0,9.8
masoor,rabi,454.0,77.0,20.0,243.0,7.84
moong green gram,kharif,1318.0,226.0,18.0,243.0,10.27
peas and beans  pulses,kharif,674.0,115.0,28.0,243.0,10.21
peas and beans  pulses,rabi,3704.0,636.0,38.0,243.0,14.67
sesamum,kharif,2058.0,353.0,32.0,243.0,8.92
soyabean,kharif,3137.0,538.0,25.0,243.0,14.18
sunflower,kharif,574.0,98.0,30.0,243.0,8.17
turmeric,whole year,835.0,143.0,33.0,243.0,45.01
urad,kharif,1148.0,197.0,21.0,243.0,9.05
urad,rabi,1454.0,249.0,31.0,243.0,9.63
wheat,rabi,3930.0,675.0,22.0,243.0,19.7
bajra,kharif,3159.0,542.0,33.0,119.0,11.34
castor seed,kharif,87.0,14.0,26.0,119.0,9.66
coriander,whole year,2229.0,382.0,27.0,119.0,9.02
garlic,whole year,1650.0,283.0,31.0,119.0,14.86
ginger,whole year,381.0,65.0,29.0,119.0,18.53
groundnut,kharif,841.0,144.0,19.0,119.0,10.2
jowar,kharif,631.0,108.0,35.0,119.0,10.67
ragi,kharif,2755.0,473.0,17.0,119.0,7.96
safflower,rabi,85.0,14.0,17.0,119.0,8.12
sannhamp,kharif,900.0,154.0,20.0,119.0,8.08
sesamum,kharif,1299.0,223.0,33.0,119.0,8.76
small millets,kharif,2049.0,351.0,20.0,119.0,7.55
turmeric,whole year,2834.0,486.0,38.0,119.0,10.19
urad,kharif,7102.0,1219.0,38.0,119.0,8.86
bajra,kharif,96.0,16.0,35.0,142.0,5.21
barley,rabi,1786.0,306.0,31.0,142.0,6.09
castor seed,kharif,12.0,2.0,19.0,142.0,3.33
coriander,whole year,1431.0,245.0,34.0,142.0,2.78
cotton lint,whole year,2692.0,462.0,18.0,142.0,18.28
dry chillies,whole year,4913.0,843.0,38.0,142.0,6.0
garlic,whole year,1091.0,187.0,37.0,142.0,25.95
ginger,whole year,1162.0,199.0,20.0,142.0,12.93
horse-gram,rabi,345.0,59.0,20.0,142.0,2.87
jowar,whole year,1966.0,337.0,27.0,142.0,12.89
mesta,kharif,556.0,95.0,17.0,142.0,20.07
moong green gram,kharif,3554.0,610.0,39.0,142.0,4.15
moong green gram,rabi,2728.0,468.0,17.0,142.0,3.55
ragi,kharif,4466.0,767.0,33.0,142.0,2.67
safflower,rabi,100.0,17.0,36.0,142.0,3.4
sannhamp,kharif,471.0,80.0,37.0,142.0,5.1
sunflower,whole year,629.0,108.0,36.0,142.0,4.69
tobacco,whole year,9.0,1.0,24.0,142.0,6.67
turmeric,whole year,1030.0,176.0,16.0,142.0,8.33
urad,rabi,1796.0,308.0,40.0,142.0,3.0
dry chillies,whole year,1414.0,242.0,19.0,106.0,31.25
maize,summer,5516.0,947.0,24.0,106.0,22.98
arhar/tur,kharif,1263.0,216.0,25.0,35.0,11.12
castor seed,kharif,6685.0,1148.0,40.0,35.0,6.66
coriander,whole year,2163.6,371.0,31.0,35.0,29.08
groundnut,kharif,2725.0,468.0,35.0,35.0,11.34
horse-gram,kharif,425.0,72.0,22.0,35.0,5.01
maize,kharif,6050.0,1039.0,34.0,35.0,28.58
masoor,rabi,879.0,150.0,28.0,35.0,6.87
moth,kharif,410.0,70.0,16.0,35.0,1.85
peas and beans  pulses,rabi,2968.0,509.0,39.0,35.0,13.33
sesamum,kharif,422.0,72.0,35.0,35.0,7.99
urad,kharif,265.0,45.0,37.0,35.0,5.13
arhar/tur,kharif,77.0,13.0,19.0,121.0,6.49
bajra,kharif,107.0,18.0,27.0,121.0,10.19
coriander,rabi,130.0,22.0,32.0,121.0,5.08
cotton lint,kharif,15.0,2.0,34.0,121.0,4.67
dry chillies,kharif,583.0,100.0,18.0,121.0,4.73
garlic,rabi,3943.0,677.0,25.0,121.0,6.53
ginger,kharif,2264.0,388.0,38.0,121.0,47.15
gram,rabi,394.0,67.0,24.0,121.0,10.69
groundnut,kharif,44.0,7.0,39.0,121.0,11.59
horse-gram,kharif,1633.0,280.0,20.0,121.0,6.26
linseed,rabi,820.0,140.0,34.0,121.0,4.17
masoor,rabi,490.0,84.0,35.0,121.0,9.27
moong green gram,kharif,117.0,20.0,20.0,121.0,7.69
moth,kharif,28.0,4.0,17.0,121.0,7.86
peas and beans  pulses,rabi,2565.0,440.0,39.0,121.0,20.14
ragi,kharif,1757.0,301.0,40.0,121.0,11.72
sesamum,kharif,379.0,65.0,36.0,121.0,5.04
small millets,kharif,5214.0,895.0,16.0,121.0,9.21
soyabean,kharif,556.0,95.0,29.0,121.0,17.07
turmeric,kharif,285.0,48.0,24.0,121.0,6.91
urad,kharif,7017.0,1205.0,27.0,121.0,7.35
bajra,kharif,288.0,49.0,33.0,113.0,7.15
castor seed,kharif,58.0,9.0,35.0,113.0,6.03
jowar,kharif,1796.0,308.0,35.0,113.0,7.52
niger seed,kharif,3117.0,535.0,34.0,113.0,4.8
safflower,rabi,319.0,54.0,32.0,113.0,4.95
sesamum,kharif,5844.0,1003.0,17.0,113.0,3.81
soyabean,kharif,1193.0,204.0,23.0,113.0,8.58
sunflower,kharif,149.0,25.0,23.0,113.0,5.23
sunflower,rabi,398.0,68.0,28.0,113.0,5.48
groundnut,summer,4089.0,702.0,21.0,144.0,15.71
mesta,kharif,806.0,138.0,28.0,144.0,3.93
niger seed,kharif,6210.0,1066.0,36.0,144.0,3.33
safflower,rabi,11.0,1.0,22.0,144.0,3.64
linseed,rabi,5493.0,943.0,24.0,155.0,3.52
sesamum,rabi,1884.0,323.0,24.0,155.0,3.13
sesamum,summer,4013.0,689.0,29.0,155.0,2.45
sunflower,rabi,3411.0,585.0,39.0,155.0,5.4
sunflower,summer,5161.0,886.0,36.0,155.0,6.8
tobacco,whole year,456.0,78.0,16.0,155.0,18.16
arhar/tur,kharif,290.0,49.0,20.0,217.0,11.21
arhar/tur,rabi,47.0,8.0,32.0,217.0,9.36
cotton lint,kharif,23.0,3.0,39.0,217.0,5.65
cowpea lobia,kharif,1033.0,177.0,29.0,217.0,14.22
cowpea lobia,rabi,113.0,19.0,34.0,217.0,13.54
maize,kharif,5860.0,1006.0,18.0,217.0,18.61
maize,rabi,493.0,84.0,21.0,217.0,15.52
onion,rabi,18.3,3.0,29.0,217.0,18.58
potato,kharif,53.0,9.0,15.0,217.0,33.4
potato,rabi,91.0,15.0,34.0,217.0,39.23
rapeseed andmustard,kharif,23.0,3.0,21.0,217.0,7.39
rapeseed andmustard,rabi,551.0,94.0,27.0,217.0,7.46
rice,rabi,468.0,80.0,27.0,217.0,20.9
sesamum,kharif,756.0,129.0,38.0,217.0,7.0
soyabean,kharif,1121.0,192.0,26.0,217.0,16.3
tobacco,kharif,300.0,51.0,15.0,217.0,15.33
arhar/tur,kharif,3210.0,551.0,16.0,159.0,9.1
bajra,kharif,710.0,121.0,25.0,159.0,10.14
barley,rabi,560.0,96.0,25.0,159.0,10.36
castor seed,kharif,360.0,61.0,23.0,159.0,6.67
cowpea lobia,kharif,560.0,96.0,22.0,159.0,14.82
gram,rabi,760.0,130.0,35.0,159.0,8.42
groundnut,kharif,1050.0,180.0,26.0,159.0,10.48
horse-gram,kharif,540.0,92.0,23.0,159.0,10.74
jowar,kharif,280.0,48.0,37.0,159.0,9.64
jute,kharif,3080.0,529.0,24.0,159.0,19.06
linseed,rabi,5860.0,1006.0,29.0,159.0,8.14
maize,rabi,5390.0,925.0,26.0,159.0,19.85
masoor,rabi,2210.0,379.0,33.0,159.0,8.24
mesta,kharif,1960.0,336.0,24.0,159.0,11.02
moong green gram,kharif,480.0,82.0,39.0,159.0,10.42
peas and beans  pulses,kharif,2300.0,395.0,25.0,159.0,13.65
ragi,kharif,350.0,60.0,27.0,159.0,9.71
rice,rabi,5670.0,973.0,25.0,159.0,28.31
sesamum,kharif,3740.0,642.0,36.0,159.0,6.12
sunflower,kharif,360.0,61.0,37.0,159.0,8.89
sunflower,rabi,2370.0,407.0,25.0,159.0,6.12
urad,rabi,830.0,142.0,38.0,159.0,8.19
wheat,rabi,3430.0,589.0,20.0,159.0,18.31
bajra,kharif,1870.0,321.0,25.0,159.0,6.2
castor seed,kharif,4510.0,774.0,35.0,159.0,6.45
castor seed,rabi,2280.0,391.0,34.0,159.0,6.62
groundnut,winter,1422.0,244.0,39.0,159.0,15.91
horse-gram,summer,36.0,6.0,34.0,159.0,6.39
jowar,kharif,5810.0,997.0,21.0,159.0,6.33
jute,autumn,147.0,25.0,32.0,159.0,21.7
maize,summer,3934.0,675.0,26.0,159.0,33.33
maize,winter,95.0,16.0,33.0,159.0,23.79
mesta,kharif,4690.0,805.0,21.0,159.0,49.94
ragi,summer,381.0,65.0,25.0,159.0,7.56
rapeseed andmustard,winter,6952.0,1194.0,31.0,159.0,2.93
safflower,rabi,300.0,51.0,26.0,159.0,6.0
sannhamp,kharif,4880.0,838.0,25.0,159.0,52.44
sesamum,autumn,1935.0,332.0,37.0,159.0,3.07
sesamum,summer,2603.0,447.0,28.0,159.0,2.19
sunflower,kharif,630.0,108.0,24.0,159.0,7.46
tobacco,rabi,130.0,22.0,32.0,159.0,6.92
wheat,summer,118.0,20.0,17.0,159.0,13.9
arhar/tur,kharif,2000.0,343.0,39.0,65.0,11.0
bajra,kharif,500.0,85.0,16.0,65.0,6.0
barley,rabi,6200.0,1064.0,18.0,65.0,37.74
gram,rabi,1500.0,257.0,34.0,65.0,12.0
groundnut,kharif,1400.0,240.0,24.0,65.0,20.0
masoor,rabi,800.0,137.0,22.0,65.0,5.0
moong green gram,kharif,2600.0,446.0,37.0,65.0,8.85
peas and beans  pulses,rabi,1800.0,309.0,33.0,65.0,8.89
sesamum,kharif,2600.0,446.0,31.0,65.0,3.85
sunflower,rabi,4300.0,738.0,16.0,65.0,18.6
urad,kharif,2000.0,343.0,17.0,65.0,6.0
arhar/tur,rabi,333.0,57.0,40.0,103.0,6.91
bajra,kharif,829.0,142.0,28.0,103.0,12.15
cashewnut,kharif,1521.0,261.0,21.0,103.0,3.06
castor seed,rabi,2046.0,351.0,28.0,103.0,16.19
coriander,kharif,48.0,8.0,37.0,103.0,9.38
coriander,rabi,585.0,100.0,18.0,103.0,9.26
cowpea lobia,kharif,781.0,134.0,39.0,103.0,7.07
cowpea lobia,rabi,2378.0,408.0,39.0,103.0,9.72
garlic,rabi,23.0,3.0,23.0,103.0,46.96
horse-gram,kharif,431.0,74.0,22.0,103.0,8.61
horse-gram,rabi,619.0,106.0,32.0,103.0,8.71
moong green gram,rabi,5904.0,1014.0,20.0,103.0,9.48
ragi,kharif,1488.0,255.0,16.0,103.0,15.83
ragi,rabi,262.0,45.0,26.0,103.0,15.92
safflower,rabi,1584.0,272.0,27.0,103.0,11.05
sesamum,kharif,495.0,85.0,24.0,103.0,1.45
small millets,kharif,924.0,158.0,25.0,103.0,17.09
small millets,rabi,69.0,11.0,34.0,103.0,15.36
sunflower,kharif,63.0,10.0,27.0,103.0,22.38
sunflower,rabi,4469.0,767.0,37.0,103.0,22.31
tobacco,kharif,1358.0,233.0,38.0,103.0,30.73
tobacco,rabi,1595.0,273.0,35.0,103.0,31.11
urad,rabi,6816.0,1170.0,34.0,103.0,18.0
wheat,rabi,4471.0,767.0,36.0,103.0,18.42
arhar/tur,kharif,4832.0,829.0,17.0,225.0,8.02
cotton lint,kharif,760.0,130.0,25.0,225.0,14.97
cowpea lobia,kharif,4032.0,692.0,36.0,225.0,7.88
gram,rabi,291.0,49.0,28.0,225.0,6.22
groundnut,kharif,1207.0,207.0,18.0,225.0,13.38
groundnut,rabi,1160.0,199.0,30.0,225.0,15.08
jowar,kharif,545.0,93.0,26.0,225.0,8.28
jowar,rabi,335.0,57.0,18.0,225.0,8.03
khesari,rabi,52.0,8.0,38.0,225.0,6.73
maize,rabi,2150.0,369.0,38.0,225.0,24.27
masoor,rabi,2214.0,380.0,21.0,225.0,7.48
moong green gram,kharif,2262.0,388.0,32.0,225.0,6.46
moong green gram,rabi,1770.0,304.0,23.0,225.0,6.89
peas and beans  pulses,rabi,3200.0,549.0,22.0,225.0,8.85
sesamum,kharif,6611.0,1135.0,20.0,225.0,6.37
small millets,kharif,458.0,78.0,32.0,225.0,8.3
soyabean,kharif,35.0,6.0,24.0,225.0,7.43
soyabean,rabi,179.0,30.0,35.0,225.0,7.77
urad,kharif,2952.0,507.0,33.0,225.0,6.29
urad,rabi,1967.0,337.0,38.0,225.0,7.35
wheat,rabi,148.0,25.0,16.0,225.0,22.36
coriander,rabi,7090.0,1217.0,36.0,81.0,7.22
cotton lint,kharif,3185.0,547.0,31.0,81.0,23.32
ginger,kharif,880.0,151.0,20.0,81.0,52.5
guar seed,kharif,1979.0,339.0,21.0,81.0,7.17
sannhamp,kharif,1613.0,277.0,38.0,81.0,2.85
small millets,summer,53.0,9.0,22.0,81.0,9.06
sunflower,summer,3421.0,587.0,30.0,81.0,13.82
tobacco,summer,250.0,42.0,16.0,81.0,18.44
turmeric,rabi,1894.0,325.0,30.0,81.0,14.09
arhar/tur,kharif,3182.0,546.0,29.0,137.0,8.6
gram,rabi,722.0,124.0,25.0,137.0,7.58
groundnut,kharif,669.0,114.0,19.0,137.0,10.55
maize,summer,362.0,62.0,40.0,137.0,13.56
moong green gram,summer,10.0,1.0,37.0,137.0,6.0
moth,kharif,9.0,1.0,35.0,137.0,5.56
peas and beans  pulses,rabi,5903.0,1013.0,23.0,137.0,8.73
sesamum,kharif,2052.0,352.0,24.0,137.0,3.02
sunflower,kharif,28.0,4.0,27.0,137.0,6.07
turmeric,whole year,1313.0,225.0,22.0,137.0,32.52
urad,summer,69.0,11.0,26.0,137.0,10.43
arhar/tur,rabi,4845.0,832.0,19.0,173.0,26.35
bajra,kharif,68.0,11.0,20.0,173.0,3.97
barley,rabi,278.0,47.0,34.0,173.0,21.55
cotton lint,kharif,305.0,52.0,33.0,173.0,19.34
groundnut,autumn,4110.0,705.0,19.0,173.0,11.2
groundnut,rabi,4687.0,805.0,17.0,173.0,19.47
horse-gram,rabi,1739.0,298.0,16.0,173.0,5.28
jowar,autumn,180.0,30.0,26.0,173.0,5.28
linseed,rabi,4055.0,696.0,38.0,173.0,5.17
moong green gram,kharif,2249.0,386.0,21.0,173.0,8.43
moong green gram,rabi,1900.0,326.0,30.0,173.0,7.88
niger seed,kharif,1005.0,172.0,26.0,173.0,5.16
ragi,autumn,2851.0,489.0,33.0,173.0,14.64
sannhamp,kharif,370.0,63.0,34.0,173.0,41.59
sesamum,autumn,651.0,111.0,27.0,173.0,8.43
sesamum,winter,584.0,100.0,19.0,173.0,7.72
small millets,autumn,1724.0,296.0,36.0,173.0,4.08
small millets,rabi,4380.0,752.0,16.0,173.0,11.03
soyabean,kharif,249.0,42.0,30.0,173.0,7.79
urad,rabi,5502.0,945.0,15.0,173.0,9.48
arhar/tur,kharif,3327.0,644.0,33.0,131.0,12.0
gram,rabi,728.0,140.0,25.0,131.0,7.66
groundnut,kharif,617.0,119.0,22.0,131.0,15.12
maize,summer,198.0,38.0,15.0,131.0,21.72
moong green gram,kharif,9.0,1.0,31.0,131.0,6.67
moong green gram,summer,8.0,1.0,21.0,131.0,6.25
moth,kharif,42.0,8.0,25.0,131.0,5.71
peas and beans  pulses,rabi,4919.0,952.0,31.0,131.0,8.41
sesamum,kharif,2017.0,390.0,36.0,131.0,2.66
turmeric,whole year,1299.0,251.0,20.0,131.0,32.22
urad,summer,58.0,11.0,21.0,131.0,11.9
bajra,kharif,990.0,94.0,35.0,139.0,7.07
jowar,kharif,900.0,85.0,37.0,139.0,7.0
rice,rabi,200.0,19.0,15.0,139.0,12.5
bajra,kharif,2595.0,256.0,19.0,78.0,8.06
barley,kharif,305.0,30.0,33.0,78.0,2.72
gram,rabi,152.0,15.0,16.0,78.0,2.37
jowar,kharif,9052.0,894.0,30.0,78.0,4.48
maize,kharif,165.0,16.0,38.0,78.0,8.0
rice,kharif,7303.0,721.0,27.0,78.0,14.79
linseed,rabi,5864.0,622.0,28.0,65.0,0.86
masoor,rabi,4942.0,524.0,40.0,65.0,3.79
rapeseed andmustard,rabi,2942.0,312.0,36.0,65.0,2.2
bajra,kharif,2719.0,288.0,35.0,36.0,13.79
barley,kharif,261.0,27.0,25.0,36.0,3.75
gram,rabi,62.0,6.0,35.0,36.0,2.1
jowar,kharif,8515.0,903.0,38.0,36.0,4.32
maize,kharif,58.0,6.0,24.0,36.0,7.24
rice,kharif,8105.0,860.0,17.0,36.0,18.85
barley,kharif,34.0,3.0,30.0,66.0,2.94
gram,rabi,443.0,47.0,25.0,66.0,2.71
linseed,rabi,700.0,74.0,24.0,66.0,4.31
sesamum,kharif,6418.0,681.0,21.0,66.0,4.27
sugarcane,whole year,143.0,15.0,27.0,66.0,10.0
bajra,kharif,3119.0,306.0,17.0,54.0,14.86
barley,kharif,235.0,23.0,26.0,54.0,3.19
gram,rabi,50.0,4.0,22.0,54.0,1.6
jowar,kharif,8625.0,846.0,20.0,54.0,9.48
maize,kharif,55.0,5.0,38.0,54.0,16.36
rice,kharif,6053.0,594.0,23.0,54.0,18.87
barley,kharif,34.0,3.0,20.0,98.0,2.65
barley,rabi,8730.0,857.0,31.0,98.0,4.91
dry chillies,whole year,1000.0,98.0,38.0,98.0,10.2
garlic,whole year,201.0,19.0,31.0,98.0,8.21
ginger,kharif,40.0,3.0,26.0,98.0,12.0
gram,rabi,398.0,39.0,27.0,98.0,2.69
groundnut,kharif,12.0,1.0,32.0,98.0,5.0
linseed,rabi,361.0,35.0,18.0,98.0,2.6
onion,whole year,365.0,35.0,29.0,98.0,22.05
sannhamp,whole year,275.0,26.0,26.0,98.0,4.95
sesamum,kharif,6591.0,647.0,18.0,98.0,4.21
sugarcane,whole year,126.0,12.0,22.0,98.0,33.1
tobacco,whole year,99.0,9.0,15.0,98.0,1.21
turmeric,whole year,11.0,1.0,25.0,98.0,10.0
bajra,kharif,2632.0,268.0,35.0,61.0,19.53
barley,kharif,122.0,12.0,17.0,61.0,4.92
gram,rabi,51.0,5.0,38.0,61.0,1.57
jowar,kharif,8627.0,881.0,38.0,61.0,9.44
maize,kharif,53.0,5.0,37.0,61.0,17.92
rice,kharif,6405.0,654.0,24.0,61.0,18.83
barley,kharif,27.0,2.0,16.0,95.0,2.59
cotton lint,kharif,69.0,7.0,27.0,95.0,4.93
gram,rabi,178.0,18.0,38.0,95.0,5.73
groundnut,kharif,12.0,1.0,32.0,95.0,5.0
horse-gram,kharif,1944.0,198.0,39.0,95.0,3.09
linseed,rabi,436.0,44.0,17.0,95.0,6.24
masoor,rabi,51.0,5.0,20.0,95.0,4.71
moong green gram,kharif,2406.0,245.0,31.0,95.0,4.45
onion,whole year,518.0,52.0,22.0,95.0,22.37
peas and beans  pulses,rabi,538.0,54.0,20.0,95.0,8.22
sannhamp,whole year,271.0,27.0,27.0,95.0,4.94
sesamum,kharif,6249.0,638.0,39.0,95.0,4.71
sugarcane,whole year,132.0,13.0,37.0,95.0,33.03
tobacco,whole year,37.0,3.0,37.0,95.0,3.51
bajra,kharif,1552.0,146.0,20.0,59.0,18.07
barley,kharif,85.0,8.0,32.0,59.0,4.82
gram,rabi,73.0,6.0,36.0,59.0,2.19
jowar,kharif,9273.0,877.0,30.0,59.0,4.33
maize,kharif,94.0,8.0,20.0,59.0,24.26
rice,kharif,6096.0,577.0,19.0,59.0,21.17
cotton lint,kharif,44.0,4.0,35.0,93.0,5.0
gram,rabi,228.0,21.0,18.0,93.0,5.88
groundnut,kharif,49.0,4.0,36.0,93.0,5.31
jowar,kharif,129.0,12.0,34.0,93.0,2.48
linseed,rabi,250.0,23.0,22.0,93.0,6.4
masoor,rabi,193.0,18.0,28.0,93.0,4.77
moong green gram,kharif,2650.0,250.0,32.0,93.0,4.66
moth,kharif,3481.0,329.0,37.0,93.0,5.94
onion,whole year,495.0,46.0,36.0,93.0,22.36
peas and beans  pulses,rabi,805.0,76.0,22.0,93.0,7.68
sesamum,kharif,6416.0,607.0,34.0,93.0,4.24
small millets,kharif,470.0,44.0,35.0,93.0,1.91
sugarcane,whole year,117.0,11.0,17.0,93.0,40.6
tobacco,whole year,18.0,1.0,26.0,93.0,2.78
bajra,kharif,207.0,19.0,19.0,143.0,19.18
black pepper,whole year,12.0,1.0,26.0,143.0,6.67
cashewnut,whole year,184.0,17.0,25.0,143.0,7.61
cotton lint,kharif,314.0,29.0,17.0,143.0,52.07
dry chillies,whole year,14.0,1.0,22.0,143.0,25.71
moong green gram,rabi,1017.0,96.0,33.0,143.0,1.98
ragi,kharif,114.0,10.0,23.0,143.0,22.02
urad,rabi,812.0,76.0,17.0,143.0,4.06
cotton lint,kharif,4987.0,472.0,37.0,66.0,6.85
moth,kharif,258.0,24.0,25.0,66.0,4.11
ragi,rabi,590.0,55.0,25.0,66.0,14.64
rice,summer,4292.0,406.0,20.0,66.0,21.93
sannhamp,whole year,4001.0,378.0,38.0,66.0,3.15
soyabean,kharif,4735.0,448.0,34.0,66.0,1.62
sunflower,kharif,7230.0,684.0,30.0,66.0,14.36
turmeric,whole year,1116.0,105.0,21.0,66.0,18.16
bajra,kharif,312.0,30.0,21.0,111.0,5.54
gram,rabi,286.0,28.0,29.0,143.0,6.05
linseed,rabi,200.0,19.0,18.0,143.0,5.6
masoor,rabi,174.0,17.0,34.0,143.0,4.66
moong green gram,kharif,1810.0,179.0,18.0,143.0,4.88
onion,whole year,631.0,62.0,38.0,143.0,18.0
peas and beans  pulses,kharif,184.0,18.0,32.0,143.0,5.98
peas and beans  pulses,rabi,1202.0,118.0,29.0,143.0,9.02
sannhamp,whole year,123.0,12.0,30.0,143.0,4.8
sesamum,kharif,5744.0,568.0,34.0,143.0,4.7
small millets,kharif,3831.0,379.0,27.0,143.0,3.63
sugarcane,whole year,154.0,15.0,32.0,143.0,36.82
bajra,kharif,281.0,30.0,27.0,93.0,5.34
gram,rabi,270.0,29.0,21.0,103.0,6.0
jowar,kharif,5977.0,647.0,17.0,103.0,6.0
moong green gram,kharif,1944.0,210.0,34.0,103.0,4.86
peas and beans  pulses,rabi,932.0,100.0,24.0,103.0,7.55
bajra,kharif,3155.0,341.0,37.0,129.0,5.1
castor seed,rabi,6956.0,753.0,34.0,129.0,5.05
groundnut,winter,3187.0,345.0,37.0,129.0,11.05
horse-gram,summer,240.0,26.0,34.0,129.0,2.58
maize,summer,2071.0,224.0,29.0,129.0,20.41
maize,winter,1575.0,170.0,32.0,129.0,19.73
ragi,summer,261.0,28.0,16.0,129.0,8.16
safflower,rabi,1804.0,195.0,22.0,129.0,6.05
sesamum,autumn,4001.0,433.0,24.0,129.0,2.44
sesamum,summer,8284.0,897.0,25.0,129.0,2.64
sunflower,rabi,7578.0,821.0,38.0,129.0,7.71
tobacco,whole year,4760.0,515.0,30.0,129.0,6.82
urad,summer,4605.0,498.0,32.0,129.0,4.1
wheat,summer,4054.0,439.0,19.0,129.0,13.11
cotton lint,kharif,5612.0,608.0,26.0,70.0,1.68
guar seed,whole year,2461.0,266.0,24.0,70.0,8.47
maize,rabi,4156.0,450.0,38.0,70.0,46.35
sannhamp,kharif,3254.0,352.0,18.0,70.0,2.77
soyabean,kharif,9306.0,1008.0,39.0,70.0,4.13
turmeric,rabi,1594.0,172.0,20.0,70.0,17.38
barley,kharif,37.0,4.0,35.0,172.0,2.7
cotton lint,kharif,35.0,4.0,37.0,172.0,5.14
dry chillies,kharif,996.0,119.0,29.0,172.0,10.1
ginger,kharif,38.0,4.0,38.0,172.0,11.84
gram,rabi,514.0,61.0,16.0,172.0,5.23
groundnut,kharif,34.0,4.0,27.0,172.0,5.0
jowar,kharif,1419.0,170.0,29.0,172.0,3.1
moong green gram,kharif,1782.0,213.0,28.0,172.0,4.77
onion,kharif,94.0,11.0,31.0,172.0,8.72
peas and beans  pulses,kharif,81.0,9.0,24.0,172.0,4.57
rapeseed andmustard,kharif,3223.0,386.0,29.0,172.0,4.0
sannhamp,kharif,225.0,26.0,39.0,172.0,5.69
sesamum,kharif,2623.0,314.0,29.0,172.0,4.49
sugarcane,kharif,191.0,22.0,18.0,172.0,39.42
turmeric,kharif,12.0,1.0,23.0,172.0,10.0
wheat,kharif,436.0,52.0,30.0,172.0,1.38
wheat,rabi,436.0,52.0,19.0,172.0,1.38
coriander,whole year,5591.0,670.0,35.0,75.0,5.72
cotton lint,kharif,4366.0,523.0,23.0,75.0,2.04
guar seed,whole year,2327.0,279.0,15.0,75.0,8.1
sannhamp,kharif,4224.0,506.0,21.0,75.0,3.45
soyabean,kharif,3852.0,461.0,22.0,75.0,7.83
turmeric,rabi,979.0,117.0,16.0,75.0,44.58
barley,kharif,19.0,2.0,26.0,178.0,5.79
cotton lint,kharif,42.0,5.0,17.0,178.0,5.24
cowpea lobia,kharif,1432.0,182.0,18.0,178.0,3.09
cowpea lobia,rabi,137.0,17.0,22.0,178.0,6.79
dry chillies,kharif,560.0,71.0,25.0,178.0,10.3
garlic,kharif,31.0,3.0,40.0,178.0,11.61
garlic,rabi,524.0,66.0,15.0,178.0,8.63
groundnut,kharif,39.0,4.0,27.0,178.0,5.13
horse-gram,kharif,2306.0,294.0,19.0,178.0,2.93
linseed,rabi,241.0,30.0,38.0,178.0,5.68
masoor,rabi,129.0,16.0,16.0,178.0,4.34
moong green gram,kharif,1559.0,199.0,24.0,178.0,4.87
moth,kharif,2396.0,305.0,27.0,178.0,6.17
moth,rabi,779.0,99.0,30.0,178.0,5.52
onion,rabi,372.0,47.0,17.0,178.0,24.38
peas and beans  pulses,kharif,288.0,36.0,40.0,178.0,5.45
peas and beans  pulses,rabi,821.0,104.0,23.0,178.0,9.29
sannhamp,kharif,335.0,42.0,38.0,178.0,5.01
sesamum,kharif,5412.0,691.0,34.0,178.0,4.25
sugarcane,kharif,159.0,20.0,16.0,178.0,48.87
tobacco,kharif,20.0,2.0,28.0,178.0,3.5
bajra,kharif,1586.0,211.0,37.0,67.0,19.0
barley,kharif,75.0,10.0,25.0,67.0,26.13
gram,rabi,47.0,6.0,28.0,67.0,14.47
jowar,kharif,8837.0,1178.0,34.0,67.0,9.35
maize,kharif,69.0,9.0,26.0,67.0,18.26
rice,kharif,7419.0,989.0,25.0,67.0,28.23
barley,kharif,560.0,74.0,16.0,104.0,2.62
coriander,rabi,9.0,1.0,15.0,104.0,1.11
cotton lint,kharif,64.0,8.0,21.0,104.0,5.16
dry chillies,kharif,674.0,89.0,34.0,104.0,10.0
garlic,kharif,103.0,13.0,27.0,104.0,7.57
garlic,rabi,524.0,69.0,36.0,104.0,8.63
ginger,kharif,75.0,10.0,39.0,104.0,11.87
linseed,rabi,241.0,32.0,23.0,104.0,5.68
masoor,rabi,129.0,17.0,18.0,104.0,4.34
moong green gram,kharif,864.0,115.0,19.0,104.0,4.87
onion,kharif,131.0,17.0,23.0,104.0,8.7
onion,rabi,372.0,49.0,26.0,104.0,24.35
peas and beans  pulses,kharif,278.0,37.0,27.0,104.0,5.68
peas and beans  pulses,rabi,821.0,109.0,19.0,104.0,9.31
sannhamp,kharif,391.0,52.0,19.0,104.0,5.37
sesamum,kharif,6199.0,826.0,27.0,104.0,4.27
sugarcane,kharif,69.0,9.0,35.0,104.0,32.03
turmeric,kharif,22.0,2.0,37.0,104.0,10.0
wheat,kharif,20.0,2.0,27.0,104.0,1.0
bajra,kharif,1549.0,221.0,24.0,61.0,19.0
barley,kharif,72.0,10.0,27.0,61.0,28.06
gram,rabi,48.0,6.0,28.0,61.0,14.58
jowar,kharif,8238.0,1178.0,26.0,61.0,9.65
maize,kharif,54.0,7.0,35.0,61.0,18.33
rice,kharif,7039.0,1006.0,31.0,61.0,28.23
bajra,kharif,1586.0,247.0,16.0,52.0,18.78
barley,kharif,76.0,11.0,23.0,52.0,28.16
gram,rabi,76.0,11.0,35.0,52.0,8.82
jowar,kharif,3280.0,511.0,37.0,52.0,9.66
rice,kharif,6821.0,1062.0,33.0,52.0,27.87
barley,kharif,153.0,23.0,29.0,75.0,2.61
cotton lint,kharif,17.0,2.0,26.0,75.0,5.29
dry chillies,kharif,603.0,93.0,38.0,75.0,10.18
garlic,kharif,114.0,17.0,32.0,75.0,7.54
garlic,rabi,488.0,76.0,31.0,75.0,8.42
ginger,kharif,37.0,5.0,19.0,75.0,13.51
horse-gram,kharif,1773.0,276.0,35.0,75.0,2.9
linseed,rabi,135.0,21.0,24.0,75.0,5.78
masoor,kharif,1001.0,155.0,35.0,75.0,5.53
masoor,rabi,144.0,22.0,31.0,75.0,5.56
moong green gram,kharif,890.0,138.0,19.0,75.0,4.61
moth,kharif,2806.0,437.0,20.0,75.0,5.73
onion,kharif,249.0,38.0,34.0,75.0,8.59
onion,rabi,470.0,73.0,29.0,75.0,24.36
peas and beans  pulses,kharif,251.0,39.0,20.0,75.0,5.62
peas and beans  pulses,rabi,908.0,141.0,39.0,75.0,10.95
sannhamp,kharif,148.0,23.0,24.0,75.0,5.47
sesamum,kharif,4624.0,720.0,38.0,75.0,4.39
tobacco,kharif,11.0,1.0,29.0,75.0,3.64
turmeric,kharif,11.0,1.0,24.0,75.0,10.0
bajra,kharif,1531.0,254.0,37.0,98.0,18.79
barley,kharif,70.0,11.0,25.0,98.0,28.14
jowar,kharif,3341.0,554.0,22.0,98.0,9.66
rice,kharif,6848.0,1137.0,35.0,98.0,27.87
bajra,kharif,1439.0,241.0,29.0,64.0,18.69
barley,kharif,66.0,11.0,37.0,64.0,29.55
jowar,kharif,3140.0,526.0,28.0,64.0,9.66
rice,kharif,7248.0,1214.0,21.0,64.0,27.87
barley,kharif,29.0,4.0,32.0,88.0,3.79
barley,rabi,7162.0,1199.0,31.0,88.0,5.74
cotton lint,kharif,13.0,2.0,15.0,88.0,5.38
cowpea lobia,kharif,32.0,5.0,35.0,88.0,5.0
dry chillies,kharif,564.0,94.0,20.0,88.0,9.66
garlic,kharif,18.0,3.0,19.0,88.0,7.78
garlic,rabi,693.0,116.0,21.0,88.0,8.53
ginger,kharif,32.0,5.0,32.0,88.0,13.44
gram,rabi,103.0,17.0,36.0,88.0,5.53
horse-gram,kharif,957.0,160.0,21.0,88.0,2.95
linseed,kharif,8.0,1.0,18.0,88.0,6.25
linseed,rabi,196.0,32.0,39.0,88.0,6.48
masoor,kharif,686.0,114.0,27.0,88.0,5.52
masoor,rabi,234.0,39.0,18.0,88.0,5.56
moong green gram,kharif,1498.0,250.0,34.0,88.0,5.83
moth,kharif,2795.0,468.0,21.0,88.0,5.78
onion,kharif,144.0,24.0,36.0,88.0,8.89
onion,rabi,430.0,72.0,24.0,88.0,24.09
peas and beans  pulses,rabi,894.0,149.0,33.0,88.0,10.06
sannhamp,kharif,86.0,14.0,25.0,88.0,7.09
sesamum,kharif,4346.0,728.0,25.0,88.0,4.41
small millets,kharif,3929.0,658.0,30.0,88.0,4.45
sugarcane,kharif,19.0,3.0,38.0,88.0,15.26
turmeric,kharif,13.0,2.0,37.0,88.0,10.0
bajra,kharif,1519.0,229.0,31.0,45.0,25.12
barley,kharif,65.0,9.0,27.0,45.0,28.15
gram,rabi,44.0,6.0,23.0,45.0,14.09
jowar,kharif,3319.0,500.0,15.0,45.0,9.06
rice,kharif,6068.0,915.0,35.0,45.0,32.58
barley,kharif,36.0,5.0,40.0,111.0,3.33
dry chillies,kharif,706.0,106.0,20.0,111.0,9.67
garlic,rabi,653.0,98.0,23.0,111.0,8.68
ginger,kharif,26.0,3.0,25.0,111.0,13.46
gram,rabi,166.0,25.0,23.0,111.0,5.54
horse-gram,kharif,1165.0,175.0,20.0,111.0,3.11
linseed,rabi,165.0,24.0,27.0,111.0,5.82
masoor,kharif,344.0,51.0,18.0,111.0,6.02
masoor,rabi,141.0,21.0,26.0,111.0,5.6
moong green gram,kharif,1561.0,235.0,30.0,111.0,5.36
moong green gram,rabi,72.0,10.0,27.0,111.0,11.94
moth,kharif,2823.0,425.0,31.0,111.0,5.72
onion,kharif,86.0,12.0,16.0,111.0,8.84
onion,rabi,432.0,65.0,34.0,111.0,24.21
peas and beans  pulses,rabi,863.0,130.0,39.0,111.0,9.92
sannhamp,kharif,55.0,8.0,22.0,111.0,7.27
sesamum,kharif,4788.0,722.0,30.0,111.0,4.37
small millets,kharif,3928.0,592.0,39.0,111.0,4.66
sugarcane,kharif,22.0,3.0,18.0,111.0,15.0
turmeric,kharif,11.0,1.0,27.0,111.0,10.0
bajra,kharif,9.0,1.0,29.0,109.0,30.0
bajra,summer,12.0,1.0,40.0,109.0,30.0
cashewnut,kharif,144.0,21.0,37.0,109.0,3.61
cotton lint,summer,12.0,1.0,18.0,109.0,7.5
groundnut,rabi,323.0,48.0,16.0,109.0,20.99
groundnut,summer,37.0,5.0,25.0,109.0,24.86
moong green gram,rabi,37.0,5.0,31.0,109.0,5.95
moong green gram,summer,865.0,130.0,29.0,109.0,2.86
ragi,kharif,16.0,2.0,39.0,109.0,23.12
ragi,summer,17.0,2.0,20.0,109.0,18.24
rice,kharif,3559.0,536.0,17.0,109.0,32.7
rice,summer,3743.0,564.0,37.0,109.0,30.75
sesamum,rabi,7.0,1.0,16.0,109.0,7.14
sesamum,summer,103.0,15.0,17.0,109.0,10.87
urad,rabi,227.0,34.0,31.0,109.0,13.66
urad,summer,410.0,61.0,34.0,109.0,3.68
bajra,kharif,1519.0,219.0,38.0,70.0,25.12
barley,kharif,65.0,9.0,32.0,70.0,28.15
gram,rabi,44.0,6.0,30.0,70.0,14.09
jowar,kharif,3319.0,479.0,34.0,70.0,9.06
rice,kharif,6068.0,876.0,27.0,70.0,32.58
bajra,kharif,12.0,1.0,17.0,108.0,25.83
cashewnut,kharif,147.0,21.0,17.0,108.0,3.61
cotton lint,summer,67.0,9.0,34.0,108.0,7.46
groundnut,rabi,320.0,46.0,30.0,108.0,25.0
groundnut,summer,29.0,4.0,26.0,108.0,18.62
moong green gram,rabi,37.0,5.0,29.0,108.0,5.14
moong green gram,summer,590.0,85.0,32.0,108.0,4.0
ragi,kharif,19.0,2.0,26.0,108.0,18.95
ragi,summer,21.0,3.0,36.0,108.0,18.57
rice,kharif,3671.0,530.0,33.0,108.0,32.94
rice,rabi,8382.0,1211.0,19.0,108.0,29.51
rice,summer,3769.0,544.0,23.0,108.0,34.4
sesamum,kharif,11.0,1.0,38.0,108.0,7.27
sesamum,summer,177.0,25.0,18.0,108.0,8.25
urad,rabi,132.0,19.0,27.0,108.0,10.45
urad,summer,476.0,68.0,30.0,108.0,2.69
bajra,kharif,1520.0,229.0,36.0,41.0,25.11
barley,kharif,64.0,9.0,27.0,41.0,29.06
gram,rabi,41.0,6.0,23.0,41.0,13.17
jowar,kharif,3242.0,489.0,26.0,41.0,9.06
rice,kharif,6035.0,911.0,30.0,41.0,28.61
barley,kharif,27.0,4.0,40.0,127.0,3.7
dry chillies,kharif,623.0,94.0,32.0,127.0,5.57
ginger,kharif,21.0,3.0,20.0,127.0,14.29
masoor,kharif,16.0,2.0,24.0,127.0,5.0
moong green gram,kharif,1583.0,238.0,37.0,127.0,1.8
onion,kharif,110.0,16.0,15.0,127.0,9.0
peas and beans  pulses,kharif,48.0,7.0,37.0,127.0,4.38
rapeseed andmustard,kharif,21.0,3.0,27.0,127.0,17.62
sannhamp,kharif,30.0,4.0,19.0,127.0,6.33
sesamum,kharif,3804.0,574.0,17.0,127.0,4.12
sugarcane,kharif,1305.0,197.0,26.0,127.0,15.0
turmeric,kharif,12.0,1.0,32.0,127.0,10.0
cashewnut,kharif,144.0,21.0,40.0,133.0,3.06
cotton lint,summer,94.0,14.0,21.0,133.0,19.15
dry chillies,kharif,20.0,3.0,31.0,133.0,9.0
groundnut,kharif,8.0,1.0,26.0,133.0,30.0
groundnut,rabi,335.0,50.0,33.0,133.0,30.0
groundnut,summer,16.0,2.0,24.0,133.0,18.75
moong green gram,rabi,56.0,8.0,26.0,133.0,7.5
moong green gram,summer,1023.0,154.0,29.0,133.0,3.86
ragi,kharif,12.0,1.0,24.0,133.0,23.33
ragi,summer,32.0,4.0,17.0,133.0,18.12
rice,kharif,3643.0,549.0,23.0,133.0,32.45
rice,summer,4005.0,604.0,30.0,133.0,36.25
sesamum,rabi,12.0,1.0,29.0,133.0,7.5
sesamum,summer,125.0,18.0,28.0,133.0,8.24
urad,kharif,9.0,1.0,35.0,133.0,7.78
urad,rabi,171.0,25.0,24.0,133.0,10.18
urad,summer,592.0,89.0,28.0,133.0,3.56
bajra,kharif,1482.0,234.0,28.0,75.0,21.97
barley,kharif,62.0,9.0,15.0,75.0,29.19
gram,rabi,25.0,3.0,33.0,75.0,21.2
jowar,kharif,3161.0,499.0,25.0,75.0,9.6
maize,kharif,34.0,5.0,38.0,75.0,51.18
rice,kharif,5884.0,929.0,28.0,75.0,28.61
bajra,rabi,187.0,29.0,18.0,157.0,2.99
barley,kharif,127.0,20.0,35.0,157.0,3.54
barley,rabi,6533.0,1031.0,36.0,157.0,6.27
cowpea lobia,kharif,254.0,40.0,33.0,157.0,2.01
cowpea lobia,rabi,193.0,30.0,30.0,157.0,5.49
dry chillies,kharif,567.0,89.0,16.0,157.0,8.55
garlic,rabi,859.0,135.0,29.0,157.0,8.3
ginger,kharif,9.0,1.0,33.0,157.0,22.22
horse-gram,kharif,192.0,30.0,34.0,157.0,3.49
linseed,rabi,168.0,26.0,35.0,157.0,2.38
moong green gram,kharif,345.0,54.0,24.0,157.0,4.29
moth,kharif,1071.0,169.0,37.0,157.0,7.34
onion,kharif,42.0,6.0,15.0,157.0,5.24
onion,rabi,405.0,63.0,37.0,157.0,23.73
peas and beans  pulses,kharif,253.0,39.0,20.0,157.0,42.25
peas and beans  pulses,rabi,1942.0,306.0,29.0,157.0,7.33
sesamum,kharif,3739.0,590.0,38.0,157.0,4.1
small millets,kharif,3315.0,523.0,15.0,157.0,4.84
small millets,rabi,107.0,16.0,35.0,157.0,7.48
sugarcane,kharif,193.0,30.0,20.0,157.0,15.03
turmeric,kharif,9.0,1.0,26.0,157.0,10.0
urad,kharif,6457.0,1019.0,19.0,157.0,3.38
urad,rabi,18.0,2.0,40.0,157.0,5.0
bajra,kharif,1487.0,227.0,26.0,74.0,22.04
barley,kharif,68.0,10.0,24.0,74.0,27.06
gram,rabi,25.0,3.0,19.0,74.0,21.2
jowar,kharif,3193.0,489.0,23.0,74.0,9.6
maize,kharif,34.0,5.0,26.0,74.0,51.18
rice,kharif,5973.0,915.0,22.0,74.0,28.9
bajra,rabi,139.0,21.0,17.0,90.0,3.31
barley,kharif,189.0,28.0,17.0,90.0,3.54
barley,rabi,6571.0,1007.0,33.0,90.0,6.4
cowpea lobia,kharif,256.0,39.0,30.0,90.0,1.99
cowpea lobia,rabi,162.0,24.0,17.0,90.0,5.56
dry chillies,kharif,646.0,98.0,38.0,90.0,8.22
garlic,rabi,745.0,114.0,21.0,90.0,8.19
ginger,kharif,23.0,3.0,21.0,90.0,20.43
horse-gram,kharif,798.0,122.0,27.0,90.0,3.51
linseed,rabi,122.0,18.0,32.0,90.0,3.77
moong green gram,kharif,806.0,123.0,21.0,90.0,5.72
moth,kharif,1111.0,170.0,40.0,90.0,7.26
onion,kharif,16.0,2.0,34.0,90.0,5.0
onion,rabi,612.0,93.0,18.0,90.0,23.82
peas and beans  pulses,kharif,210.0,32.0,39.0,90.0,48.1
peas and beans  pulses,rabi,1579.0,241.0,38.0,90.0,7.5
sannhamp,kharif,25.0,3.0,35.0,90.0,8.8
sesamum,kharif,5747.0,880.0,20.0,90.0,4.34
small millets,kharif,3382.0,518.0,34.0,90.0,4.88
small millets,rabi,74.0,11.0,22.0,90.0,6.89
sugarcane,kharif,45.0,6.0,21.0,90.0,15.11
turmeric,kharif,14.0,2.0,17.0,90.0,10.0
bajra,kharif,1502.0,236.0,39.0,53.0,21.68
barley,kharif,70.0,11.0,34.0,53.0,25.86
gram,rabi,25.0,3.0,18.0,53.0,4.0
jowar,kharif,3201.0,503.0,36.0,53.0,9.48
maize,kharif,36.0,5.0,31.0,53.0,48.33
rice,kharif,5854.0,921.0,32.0,53.0,28.76
bajra,rabi,167.0,26.0,38.0,127.0,2.51
barley,kharif,93.0,14.0,27.0,127.0,3.55
barley,rabi,5664.0,891.0,37.0,127.0,5.83
dry chillies,kharif,664.0,104.0,21.0,127.0,8.39
dry chillies,rabi,12.0,1.0,17.0,127.0,8.33
garlic,rabi,679.0,106.0,34.0,127.0,8.14
ginger,kharif,25.0,3.0,16.0,127.0,20.4
gram,kharif,23.0,3.0,37.0,127.0,2.17
horse-gram,kharif,1106.0,174.0,18.0,127.0,4.28
horse-gram,rabi,45.0,7.0,33.0,127.0,4.0
jowar,kharif,63.0,9.0,24.0,127.0,6.03
linseed,rabi,62.0,9.0,25.0,127.0,5.16
masoor,kharif,210.0,33.0,20.0,127.0,5.52
masoor,rabi,15.0,2.0,31.0,127.0,6.67
moong green gram,kharif,614.0,96.0,27.0,127.0,3.86
moth,kharif,1119.0,176.0,17.0,127.0,7.44
onion,kharif,57.0,8.0,21.0,127.0,5.09
onion,rabi,552.0,86.0,19.0,127.0,23.91
peas and beans  pulses,kharif,240.0,37.0,25.0,127.0,48.92
peas and beans  pulses,rabi,1683.0,264.0,19.0,127.0,7.68
ragi,kharif,238.0,37.0,19.0,127.0,5.29
sannhamp,kharif,35.0,5.0,20.0,127.0,9.14
sesamum,kharif,4326.0,681.0,29.0,127.0,4.07
small millets,kharif,3681.0,579.0,23.0,127.0,4.89
turmeric,kharif,9.0,1.0,26.0,127.0,10.0
urad,rabi,64.0,10.0,39.0,127.0,5.94
bajra,kharif,1478.0,239.0,16.0,67.0,21.98
barley,kharif,59.0,9.0,40.0,67.0,29.15
jowar,kharif,3155.0,511.0,26.0,67.0,9.61
maize,kharif,20.0,3.0,23.0,67.0,51.0
rice,kharif,5848.0,948.0,22.0,67.0,28.77
bajra,rabi,4566.0,740.0,34.0,101.0,3.97
barley,kharif,441.0,71.0,23.0,101.0,3.51
barley,rabi,6598.0,1070.0,36.0,101.0,6.69
dry chillies,kharif,672.0,108.0,36.0,101.0,8.02
garlic,rabi,675.0,109.0,36.0,101.0,8.09
ginger,kharif,27.0,4.0,29.0,101.0,20.0
horse-gram,kharif,777.0,126.0,28.0,101.0,4.3
horse-gram,rabi,8.0,1.0,33.0,101.0,12.5
linseed,rabi,151.0,24.0,39.0,101.0,11.19
masoor,kharif,210.0,34.0,39.0,101.0,5.52
masoor,rabi,194.0,31.0,25.0,101.0,9.02
moong green gram,kharif,381.0,61.0,24.0,101.0,4.36
moth,kharif,1124.0,182.0,22.0,101.0,7.31
onion,kharif,17.0,2.0,32.0,101.0,5.29
onion,rabi,550.0,89.0,30.0,101.0,23.84
peas and beans  pulses,kharif,330.0,53.0,22.0,101.0,42.94
peas and beans  pulses,rabi,1712.0,277.0,27.0,101.0,7.87
ragi,kharif,159.0,25.0,40.0,101.0,5.28
ragi,rabi,4056.0,657.0,24.0,101.0,7.36
sesamum,kharif,4422.0,717.0,37.0,101.0,4.09
small millets,kharif,1474.0,239.0,26.0,101.0,4.61
small millets,rabi,30.0,4.0,30.0,101.0,7.33
turmeric,kharif,11.0,1.0,37.0,101.0,10.0
bajra,kharif,1475.0,253.0,39.0,54.0,33.04
barley,kharif,60.0,10.0,16.0,54.0,30.0
jowar,kharif,3150.0,541.0,28.0,54.0,10.0
maize,kharif,20.0,3.0,19.0,54.0,51.0
rapeseed andmustard,rabi,3250.0,558.0,18.0,54.0,25.0
rice,kharif,5848.0,1004.0,26.0,54.0,30.06
bajra,rabi,123.0,21.0,32.0,132.0,2.93
barley,kharif,933.0,160.0,37.0,132.0,3.54
barley,rabi,6495.0,1115.0,21.0,132.0,6.4
dry chillies,kharif,678.0,116.0,36.0,132.0,8.08
dry chillies,rabi,12.0,2.0,22.0,132.0,7.5
garlic,rabi,662.0,113.0,25.0,132.0,8.08
ginger,kharif,19.0,3.0,24.0,132.0,19.47
gram,kharif,9.0,1.0,24.0,132.0,3.33
horse-gram,kharif,631.0,108.0,38.0,132.0,3.5
horse-gram,rabi,20.0,3.0,24.0,132.0,4.0
linseed,rabi,125.0,21.0,28.0,132.0,12.08
masoor,kharif,213.0,36.0,38.0,132.0,5.73
masoor,rabi,166.0,28.0,16.0,132.0,9.04
moong green gram,kharif,308.0,52.0,19.0,132.0,4.32
moth,kharif,1169.0,200.0,33.0,132.0,7.32
onion,kharif,26.0,4.0,23.0,132.0,5.0
onion,rabi,561.0,96.0,22.0,132.0,23.92
peas and beans  pulses,kharif,281.0,48.0,40.0,132.0,49.22
peas and beans  pulses,rabi,716.0,122.0,27.0,132.0,8.06
ragi,kharif,205.0,35.0,16.0,132.0,5.22
rapeseed andmustard,kharif,93.0,15.0,23.0,132.0,5.05
sesamum,kharif,3825.0,656.0,32.0,132.0,4.09
small millets,kharif,1683.0,289.0,27.0,132.0,3.78
small millets,rabi,7.0,1.0,37.0,132.0,7.14
sugarcane,whole year,37.0,6.0,28.0,132.0,22.43
urad,rabi,6.0,1.0,23.0,132.0,5.0
rice,kharif,155.0,14.0,15.0,205.0,22.45
cotton lint,autumn,30.0,2.0,17.0,185.0,6.67
cotton lint,winter,30.0,2.0,36.0,185.0,3.33
dry chillies,autumn,2000.0,197.0,35.0,185.0,6.0
dry chillies,rabi,3240.0,320.0,38.0,185.0,5.99
dry chillies,summer,1230.0,121.0,26.0,185.0,6.02
dry chillies,winter,2360.0,233.0,15.0,185.0,6.02
ginger,autumn,360.0,35.0,34.0,185.0,16.39
ginger,winter,220.0,21.0,25.0,185.0,16.36
maize,autumn,2960.0,292.0,25.0,185.0,34.09
onion,autumn,60.0,5.0,38.0,185.0,20.0
onion,rabi,80.0,7.0,28.0,185.0,21.25
onion,summer,40.0,3.0,29.0,185.0,22.5
onion,winter,20.0,1.0,17.0,185.0,20.0
peas and beans  pulses,autumn,850.0,83.0,27.0,185.0,5.06
peas and beans  pulses,rabi,850.0,83.0,34.0,185.0,5.06
peas and beans  pulses,summer,710.0,70.0,26.0,185.0,5.07
peas and beans  pulses,winter,630.0,62.0,28.0,185.0,5.08
potato,autumn,320.0,31.0,24.0,185.0,52.19
potato,rabi,750.0,74.0,29.0,185.0,52.4
potato,winter,1100.0,108.0,36.0,185.0,52.27
rapeseed andmustard,rabi,440.0,43.0,31.0,185.0,4.55
rapeseed andmustard,winter,990.0,97.0,39.0,185.0,4.44
sesamum,autumn,470.0,46.0,37.0,185.0,4.89
sesamum,winter,310.0,30.0,32.0,185.0,4.84
soyabean,autumn,270.0,26.0,21.0,185.0,11.85
soyabean,winter,80.0,7.0,39.0,185.0,12.5
sweet potato,autumn,50.0,4.0,34.0,185.0,36.0
sweet potato,rabi,20.0,1.0,30.0,185.0,35.0
tapioca,autumn,30.0,2.0,23.0,185.0,43.33
turmeric,autumn,100.0,9.0,25.0,185.0,7.0
turmeric,winter,40.0,3.0,25.0,185.0,5.0
cotton lint,kharif,50.0,5.0,32.0,209.0,6.0
dry chillies,whole year,6920.0,734.0,32.0,209.0,6.0
ginger,kharif,590.0,62.0,18.0,209.0,16.44
jute,kharif,20.0,2.0,18.0,209.0,20.0
maize,kharif,4340.0,460.0,39.0,209.0,24.68
onion,whole year,300.0,31.0,17.0,209.0,21.33
peas and beans  pulses,kharif,2280.0,241.0,29.0,209.0,5.09
potato,whole year,2470.0,262.0,26.0,209.0,52.31
rapeseed andmustard,rabi,1410.0,149.0,28.0,209.0,4.47
sesamum,kharif,1210.0,128.0,40.0,209.0,4.96
soyabean,kharif,470.0,49.0,33.0,209.0,11.91
tapioca,whole year,30.0,3.0,39.0,209.0,43.33
turmeric,whole year,220.0,23.0,40.0,209.0,6.36
cotton lint,kharif,60.0,5.0,24.0,196.0,3.33
dry chillies,whole year,7170.0,703.0,18.0,196.0,6.0
ginger,kharif,1140.0,111.0,17.0,196.0,16.58
maize,kharif,4670.0,458.0,16.0,196.0,23.25
onion,whole year,350.0,34.0,39.0,196.0,21.14
peas and beans  pulses,kharif,4060.0,398.0,38.0,196.0,5.25
potato,whole year,2590.0,254.0,31.0,196.0,52.32
rapeseed andmustard,rabi,1470.0,144.0,35.0,196.0,4.49
sesamum,kharif,1260.0,123.0,31.0,196.0,4.92
sweet potato,whole year,50.0,4.0,31.0,196.0,36.0
cotton lint,kharif,90.0,9.0,21.0,201.0,3.33
dry chillies,whole year,7450.0,760.0,16.0,201.0,6.0
ginger,kharif,2140.0,218.0,24.0,201.0,16.5
maize,kharif,5060.0,516.0,32.0,201.0,19.94
onion,whole year,640.0,65.0,24.0,201.0,21.25
peas and beans  pulses,kharif,4090.0,417.0,34.0,201.0,5.09
rapeseed andmustard,rabi,590.0,60.0,29.0,201.0,4.41
sesamum,kharif,410.0,41.0,16.0,201.0,4.88
sweet potato,whole year,10.0,1.0,24.0,201.0,40.0
banana,whole year,4270.0,404.0,27.0,174.0,33.63
cashewnut,whole year,285.0,26.0,20.0,174.0,3.26
ginger,kharif,1270.0,120.0,21.0,174.0,16.54
maize,kharif,3540.0,335.0,29.0,174.0,23.36
onion,whole year,240.0,22.0,25.0,174.0,21.25
peas and beans  pulses,kharif,4110.0,389.0,18.0,174.0,5.11
potato,whole year,4470.0,423.0,32.0,174.0,52.3
rapeseed andmustard,rabi,2310.0,218.0,18.0,174.0,4.46
sesamum,kharif,30.0,2.0,26.0,174.0,6.67
soyabean,kharif,280.0,26.0,32.0,174.0,12.14
turmeric,whole year,330.0,31.0,22.0,174.0,6.97
ginger,kharif,2480.0,268.0,21.0,161.0,16.49
maize,kharif,3220.0,348.0,23.0,161.0,27.64
onion,whole year,500.0,54.0,35.0,161.0,21.2
peas and beans  pulses,kharif,5430.0,588.0,17.0,161.0,5.1
potato,whole year,2960.0,320.0,19.0,161.0,52.3
rapeseed andmustard,rabi,200.0,21.0,31.0,161.0,4.5
sesamum,kharif,1930.0,209.0,39.0,161.0,4.92
soyabean,kharif,420.0,45.0,18.0,161.0,11.9
sweet potato,whole year,130.0,14.0,24.0,161.0,35.38
turmeric,whole year,470.0,50.0,26.0,161.0,6.81
black pepper,whole year,12.0,1.0,21.0,143.0,5.83
cashewnut,whole year,218.0,23.0,15.0,143.0,6.47
cotton lint,kharif,731.0,79.0,28.0,143.0,7.2
dry chillies,whole year,14.0,1.0,20.0,143.0,25.0
groundnut,kharif,1632.0,176.0,17.0,143.0,19.34
moong green gram,rabi,1862.0,201.0,39.0,143.0,3.05
ragi,kharif,104.0,11.0,22.0,143.0,15.96
rice,autumn,6237.0,675.0,39.0,143.0,27.67
rice,summer,5689.0,616.0,27.0,143.0,27.31
sesamum,kharif,142.0,15.0,17.0,143.0,7.39
urad,rabi,1704.0,184.0,35.0,143.0,3.02
dry chillies,whole year,6490.0,778.0,20.0,158.0,5.99
ginger,kharif,2240.0,268.0,16.0,158.0,16.52
maize,kharif,2850.0,341.0,19.0,158.0,27.86
onion,whole year,1760.0,211.0,28.0,158.0,21.25
peas and beans  pulses,kharif,5490.0,658.0,28.0,158.0,5.1
potato,whole year,4870.0,584.0,32.0,158.0,52.3
rapeseed andmustard,rabi,250.0,29.0,24.0,158.0,4.8
sesamum,kharif,1150.0,137.0,38.0,158.0,4.96
soyabean,kharif,170.0,20.0,34.0,158.0,11.76
turmeric,whole year,200.0,23.0,26.0,158.0,7.0
black pepper,whole year,12.0,1.0,32.0,143.0,5.83
cotton lint,kharif,183.0,21.0,21.0,143.0,7.27
groundnut,kharif,1175.0,140.0,37.0,143.0,19.59
moong green gram,rabi,1971.0,236.0,30.0,143.0,3.13
onion,whole year,9.0,1.0,30.0,143.0,32.22
ragi,kharif,56.0,6.0,39.0,143.0,18.04
rice,autumn,5348.0,641.0,33.0,143.0,28.57
rice,summer,5167.0,619.0,22.0,143.0,25.18
sesamum,kharif,132.0,15.0,30.0,143.0,6.44
urad,rabi,1638.0,196.0,34.0,143.0,3.82
cotton lint,kharif,210.0,26.0,19.0,153.0,3.33
dry chillies,whole year,8910.0,1137.0,29.0,153.0,6.0
ginger,kharif,4260.0,544.0,32.0,153.0,16.5
ginger,summer,550.0,70.0,21.0,153.0,16.55
maize,kharif,3340.0,426.0,35.0,153.0,24.76
onion,summer,480.0,61.0,24.0,153.0,21.25
onion,whole year,640.0,81.0,19.0,153.0,21.25
peas and beans  pulses,kharif,6560.0,837.0,34.0,153.0,5.11
potato,summer,850.0,108.0,23.0,153.0,52.24
potato,whole year,2870.0,366.0,36.0,153.0,52.3
rapeseed andmustard,rabi,40.0,5.0,22.0,153.0,5.0
sesamum,kharif,1900.0,242.0,21.0,153.0,4.95
soyabean,kharif,300.0,38.0,37.0,153.0,12.0
turmeric,summer,30.0,3.0,37.0,153.0,6.67
turmeric,whole year,320.0,40.0,38.0,153.0,8.75
cotton lint,kharif,210.0,28.0,26.0,143.0,3.33
dry chillies,whole year,7130.0,951.0,22.0,143.0,6.0
ginger,kharif,3030.0,404.0,19.0,143.0,16.5
maize,kharif,2960.0,394.0,27.0,143.0,28.55
onion,whole year,940.0,125.0,34.0,143.0,21.28
peas and beans  pulses,kharif,6610.0,881.0,29.0,143.0,5.1
potato,whole year,1950.0,260.0,24.0,143.0,52.31
rapeseed andmustard,rabi,1170.0,156.0,17.0,143.0,4.44
sesamum,kharif,910.0,121.0,15.0,143.0,4.95
soyabean,kharif,40.0,5.0,20.0,143.0,10.0
sweet potato,whole year,450.0,60.0,27.0,143.0,35.11
turmeric,whole year,400.0,53.0,39.0,143.0,7.0
barley,rabi,1310.0,124.0,17.0,280.0,11.53
maize,whole year,9580.0,911.0,40.0,280.0,7.94
rapeseed andmustard,rabi,5560.0,529.0,37.0,280.0,7.68
small millets,kharif,5000.0,475.0,18.0,280.0,9.46
soyabean,kharif,4000.0,380.0,29.0,280.0,8.24
urad,kharif,4400.0,418.0,25.0,280.0,7.5
wheat,rabi,8090.0,769.0,33.0,280.0,17.55
barley,rabi,1130.0,111.0,30.0,318.0,10.77
rapeseed andmustard,rabi,5680.0,561.0,23.0,318.0,4.25
small millets,kharif,5000.0,494.0,38.0,318.0,9.43
soyabean,kharif,4020.0,397.0,39.0,318.0,6.83
urad,kharif,4400.0,434.0,17.0,318.0,6.93
wheat,rabi,7941.0,784.0,21.0,318.0,8.08
barley,rabi,1140.0,120.0,24.0,267.0,14.71
rapeseed andmustard,rabi,5760.0,611.0,37.0,267.0,7.23
soyabean,kharif,4150.0,440.0,25.0,267.0,8.21
urad,kharif,4400.0,466.0,35.0,267.0,7.52
wheat,rabi,8100.0,859.0,20.0,267.0,15.86
barley,rabi,1140.0,111.0,39.0,250.0,10.61
rapeseed andmustard,rabi,5760.0,565.0,21.0,250.0,6.84
small millets,kharif,4563.0,447.0,18.0,250.0,9.27
soyabean,kharif,4150.0,407.0,24.0,250.0,8.22
urad,kharif,3780.0,371.0,19.0,250.0,7.27
wheat,rabi,7215.0,708.0,17.0,250.0,14.0
barley,rabi,1180.0,120.0,24.0,237.0,11.29
maize,whole year,8000.0,817.0,39.0,237.0,5.0
rapeseed andmustard,rabi,5800.0,592.0,26.0,237.0,6.54
small millets,kharif,4928.0,503.0,30.0,237.0,9.05
soyabean,kharif,4150.0,423.0,40.0,237.0,7.99
urad,kharif,3780.0,386.0,22.0,237.0,7.17
wheat,rabi,8710.0,889.0,39.0,237.0,12.04
barley,rabi,1230.0,116.0,24.0,249.0,12.2
maize,whole year,6000.0,568.0,33.0,249.0,5.0
potato,whole year,5760.0,545.0,39.0,249.0,46.91
rapeseed andmustard,rabi,4800.0,454.0,36.0,249.0,7.0
small millets,kharif,4340.0,410.0,38.0,249.0,8.62
soyabean,kharif,3890.0,368.0,29.0,249.0,7.48
urad,kharif,3780.0,357.0,19.0,249.0,7.38
wheat,rabi,8330.0,788.0,34.0,249.0,12.48
barley,rabi,1230.0,121.0,29.0,283.0,12.28
potato,whole year,7470.0,739.0,17.0,283.0,44.77
rapeseed andmustard,rabi,6000.0,593.0,39.0,283.0,7.0
small millets,kharif,4150.0,410.0,30.0,283.0,8.6
soyabean,kharif,3890.0,385.0,37.0,283.0,8.25
urad,kharif,3780.0,374.0,27.0,283.0,7.43
wheat,rabi,6805.0,673.0,25.0,283.0,12.76
barley,rabi,1230.0,133.0,28.0,165.0,12.36
rapeseed andmustard,rabi,4290.0,464.0,16.0,165.0,9.98
rice,kharif,9070.0,982.0,19.0,165.0,23.83
small millets,kharif,4150.0,449.0,30.0,165.0,8.67
soyabean,kharif,3890.0,421.0,37.0,165.0,5.58
urad,kharif,3780.0,409.0,27.0,165.0,7.51
wheat,rabi,5740.0,621.0,36.0,165.0,14.37
barley,rabi,1230.0,147.0,26.0,204.0,12.93
rapeseed andmustard,rabi,6000.0,719.0,21.0,204.0,7.5
small millets,kharif,4150.0,497.0,34.0,204.0,28.19
soyabean,kharif,2630.0,315.0,30.0,204.0,12.66
urad,kharif,774.0,92.0,34.0,204.0,38.5
wheat,rabi,5740.0,688.0,27.0,204.0,16.11
barley,rabi,1150.0,146.0,15.0,227.0,11.04
rapeseed andmustard,rabi,5280.0,674.0,27.0,227.0,7.69
rice,kharif,9200.0,1174.0,24.0,227.0,23.32
small millets,kharif,4140.0,528.0,39.0,227.0,9.42
soyabean,kharif,3230.0,412.0,39.0,227.0,10.0
urad,kharif,3550.0,453.0,32.0,227.0,7.83
wheat,rabi,6380.0,814.0,35.0,227.0,16.24
barley,rabi,710.0,94.0,25.0,200.0,9.3
rapeseed andmustard,rabi,3270.0,436.0,26.0,200.0,6.97
small millets,kharif,3730.0,497.0,15.0,200.0,5.3
soyabean,kharif,2360.0,314.0,20.0,200.0,9.96
urad,kharif,2100.0,280.0,26.0,200.0,8.76
wheat,rabi,4460.0,594.0,15.0,200.0,10.0
barley,rabi,500.0,71.0,18.0,224.0,9.4
rapeseed andmustard,rabi,5300.0,758.0,36.0,224.0,8.4
small millets,kharif,3760.0,537.0,39.0,224.0,9.39
soyabean,kharif,3600.0,514.0,20.0,224.0,8.78
urad,kharif,3220.0,460.0,29.0,224.0,8.78
wheat,rabi,3900.0,557.0,33.0,224.0,8.97
barley,rabi,1000.0,155.0,34.0,217.0,9.2
rapeseed andmustard,rabi,5440.0,847.0,29.0,217.0,8.36
small millets,kharif,4250.0,662.0,16.0,217.0,9.84
soyabean,kharif,4200.0,654.0,29.0,217.0,8.69
urad,kharif,3600.0,560.0,20.0,217.0,8.42
wheat,rabi,5200.0,810.0,29.0,217.0,9.08
barley,rabi,640.0,106.0,36.0,252.0,9.52
rapeseed andmustard,rabi,5260.0,873.0,29.0,252.0,7.92
small millets,kharif,3000.0,498.0,15.0,252.0,9.64
soyabean,kharif,4200.0,697.0,38.0,252.0,8.93
urad,kharif,3700.0,614.0,16.0,252.0,5.25
wheat,rabi,2650.0,440.0,34.0,252.0,10.23
barley,rabi,580.0,97.0,22.0,258.0,9.66
rapeseed andmustard,rabi,5420.0,907.0,18.0,258.0,8.01
small millets,kharif,2950.0,494.0,30.0,258.0,9.63
soyabean,kharif,3870.0,648.0,22.0,258.0,8.97
urad,kharif,3420.0,572.0,22.0,258.0,8.77
wheat,rabi,2500.0,418.0,35.0,258.0,10.6
barley,rabi,590.0,88.0,29.0,300.0,10.0
rapeseed andmustard,rabi,4380.0,660.0,38.0,300.0,7.99
small millets,kharif,2980.0,449.0,34.0,300.0,9.93
soyabean,kharif,3860.0,582.0,15.0,300.0,9.35
urad,kharif,3270.0,493.0,20.0,300.0,8.9
wheat,rabi,520.0,78.0,39.0,300.0,10.58
garlic,rabi,653.0,94.0,30.0,119.0,8.68
gram,rabi,166.0,23.0,18.0,119.0,5.54
linseed,rabi,165.0,23.0,37.0,119.0,5.82
moong green gram,rabi,72.0,10.0,28.0,119.0,11.94
onion,rabi,432.0,62.0,17.0,119.0,24.21
peas and beans  pulses,rabi,1512.0,218.0,36.0,119.0,9.0
barley,rabi,580.0,83.0,40.0,256.0,10.21
rapeseed andmustard,rabi,4070.0,588.0,32.0,256.0,8.31
small millets,kharif,2960.0,427.0,32.0,256.0,10.02
soyabean,kharif,3880.0,560.0,17.0,256.0,9.47
urad,kharif,3280.0,473.0,26.0,256.0,9.01
wheat,rabi,360.0,52.0,30.0,256.0,10.69
barley,rabi,485.0,73.0,30.0,262.0,10.29
rapeseed andmustard,rabi,3860.0,582.0,22.0,262.0,8.32
small millets,kharif,2960.0,446.0,24.0,262.0,10.03
soyabean,kharif,4060.0,612.0,18.0,262.0,9.49
urad,kharif,3230.0,487.0,21.0,262.0,9.02
wheat,rabi,390.0,58.0,32.0,262.0,10.77
barley,rabi,447.0,70.0,23.0,294.0,10.56
rapeseed andmustard,rabi,3658.0,577.0,27.0,294.0,8.53
small millets,kharif,2853.0,450.0,36.0,294.0,10.2
soyabean,kharif,3278.0,517.0,30.0,294.0,9.73
urad,kharif,2904.0,458.0,25.0,294.0,9.24
wheat,rabi,323.0,51.0,36.0,294.0,10.71
barley,rabi,453.0,69.0,32.0,297.0,10.62
rapeseed andmustard,rabi,3553.0,544.0,16.0,297.0,8.76
small millets,kharif,2610.0,399.0,34.0,297.0,10.31
soyabean,kharif,3175.0,486.0,39.0,297.0,9.74
urad,kharif,2722.0,417.0,23.0,297.0,9.28
wheat,rabi,265.0,40.0,15.0,297.0,10.79
barley,rabi,420.0,66.0,39.0,287.0,10.74
rapeseed andmustard,rabi,3211.0,505.0,33.0,287.0,8.75
small millets,kharif,2469.0,388.0,32.0,287.0,10.32
soyabean,kharif,3071.0,483.0,23.0,287.0,9.76
urad,kharif,2690.0,423.0,32.0,287.0,9.28
wheat,rabi,172.0,27.0,31.0,287.0,10.76
barley,rabi,786.0,127.0,39.0,335.0,10.74
rapeseed andmustard,rabi,3105.0,503.0,33.0,335.0,8.76
small millets,kharif,2114.0,342.0,23.0,335.0,10.32
soyabean,kharif,2962.0,480.0,19.0,335.0,9.76
urad,kharif,2718.0,440.0,40.0,335.0,9.36
wheat,rabi,163.0,26.0,31.0,335.0,10.8
barley,rabi,401.0,68.0,28.0,274.0,11.5
rapeseed andmustard,rabi,3133.0,538.0,22.0,274.0,8.76
small millets,kharif,2282.0,391.0,30.0,274.0,10.37
soyabean,kharif,2929.0,503.0,32.0,274.0,9.76
urad,kharif,2789.0,479.0,25.0,274.0,9.37
wheat,rabi,165.0,28.0,40.0,274.0,10.79
black pepper,whole year,589.0,63.0,40.0,251.0,1.66
groundnut,kharif,3291.0,356.0,29.0,251.0,16.43
ragi,kharif,394.0,42.0,36.0,251.0,9.57
black pepper,whole year,626.0,75.0,38.0,339.0,2.19
groundnut,kharif,3312.0,397.0,19.0,339.0,23.98
ragi,kharif,441.0,52.0,21.0,339.0,10.5
black pepper,whole year,648.0,82.0,39.0,292.0,2.61
groundnut,kharif,2640.0,337.0,29.0,292.0,17.42
ragi,kharif,280.0,35.0,31.0,292.0,9.07
black pepper,whole year,666.0,88.0,23.0,367.0,3.12
groundnut,kharif,3720.0,496.0,20.0,367.0,18.81
ragi,kharif,162.0,21.0,21.0,367.0,10.49
cotton lint,kharif,555.0,54.0,38.0,264.0,7.73
maize,kharif,8562.0,845.0,29.0,264.0,19.09
maize,rabi,119.0,11.0,24.0,264.0,20.34
potato,kharif,180.0,17.0,38.0,264.0,48.06
potato,rabi,80.0,7.0,23.0,264.0,43.75
rice,rabi,6020.0,594.0,35.0,264.0,26.08
tapioca,kharif,486.0,48.0,32.0,264.0,52.37
tobacco,whole year,437.0,43.0,28.0,264.0,9.93
wheat,rabi,55.0,5.0,34.0,264.0,8.73
cotton lint,kharif,552.0,58.0,38.0,253.0,35.58
groundnut,kharif,74.0,7.0,34.0,253.0,15.81
maize,kharif,5092.0,540.0,32.0,253.0,18.68
maize,rabi,185.0,19.0,23.0,253.0,10.27
rapeseed andmustard,rabi,2256.0,239.0,28.0,253.0,6.83
sesamum,kharif,3821.0,405.0,31.0,253.0,11.04
soyabean,kharif,1121.0,118.0,21.0,253.0,12.93
sugarcane,whole year,743.0,78.0,23.0,253.0,20.32
wheat,rabi,43.0,4.0,21.0,253.0,8.84
cotton lint,kharif,864.0,91.0,19.0,214.0,11.84
maize,kharif,1250.0,132.0,22.0,214.0,8.0
moong green gram,whole year,6135.0,651.0,19.0,214.0,6.8
wheat,rabi,1250.0,132.0,20.0,214.0,19.2
cotton lint,kharif,910.0,89.0,29.0,243.0,14.73
maize,kharif,1580.0,155.0,37.0,243.0,10.0
moong green gram,whole year,6260.0,614.0,33.0,243.0,7.2
wheat,rabi,1065.0,104.0,36.0,243.0,20.94
cotton lint,kharif,1288.0,131.0,40.0,228.0,14.75
maize,kharif,2080.0,212.0,18.0,228.0,10.0
moong green gram,whole year,5260.0,537.0,16.0,228.0,7.33
wheat,rabi,1220.0,124.0,36.0,228.0,20.12
cotton lint,kharif,1370.0,129.0,20.0,257.0,11.56
maize,kharif,2305.0,218.0,29.0,257.0,9.57
moong green gram,whole year,5003.0,473.0,32.0,257.0,7.04
wheat,rabi,919.0,87.0,24.0,257.0,19.88
cotton lint,kharif,1217.0,120.0,33.0,248.0,2.51
maize,kharif,2240.0,221.0,29.0,248.0,9.6
moong green gram,whole year,4032.0,399.0,30.0,248.0,6.81
wheat,rabi,895.0,88.0,37.0,248.0,20.22
cotton lint,kharif,289.0,31.0,34.0,264.0,33.74
groundnut,kharif,25.0,2.0,21.0,264.0,10.4
maize,rabi,719.0,77.0,18.0,264.0,21.28
masoor,rabi,16.0,1.0,34.0,264.0,7.5
moong green gram,kharif,15.0,1.0,29.0,264.0,11.33
moong green gram,rabi,60.0,6.0,19.0,264.0,11.67
rapeseed andmustard,kharif,135.0,14.0,32.0,264.0,8.3
rapeseed andmustard,rabi,1606.0,173.0,38.0,264.0,5.77
sesamum,kharif,2567.0,278.0,40.0,264.0,5.77
soyabean,kharif,1434.0,155.0,16.0,264.0,19.14
sunflower,kharif,43.0,4.0,36.0,264.0,5.58
tobacco,whole year,468.0,50.0,36.0,264.0,6.77
urad,kharif,16.0,1.0,35.0,264.0,11.25
urad,rabi,31.0,3.0,34.0,264.0,18.06
cotton lint,kharif,241.0,30.0,37.0,235.0,6.27
maize,rabi,339.0,43.0,32.0,235.0,22.12
potato,kharif,639.0,81.0,27.0,235.0,25.85
rice,rabi,2232.0,285.0,24.0,235.0,16.47
tobacco,whole year,503.0,64.0,33.0,235.0,6.8
cotton lint,kharif,87.0,11.0,25.0,309.0,1.26
maize,kharif,7153.0,954.0,35.0,309.0,0.71
maize,rabi,175.0,23.0,33.0,309.0,12.74
potato,kharif,330.0,44.0,39.0,309.0,35.09
rice,rabi,148.0,19.0,39.0,309.0,12.64
sugarcane,whole year,883.0,117.0,22.0,309.0,9.38
tapioca,kharif,63.0,8.0,34.0,309.0,13.02
tobacco,whole year,90.0,12.0,28.0,309.0,4.11
cotton lint,kharif,207.0,29.0,17.0,191.0,4.93
maize,rabi,385.0,55.0,38.0,191.0,10.7
rice,rabi,131.0,18.0,23.0,191.0,21.37
tapioca,kharif,65.0,9.0,32.0,191.0,44.0
tobacco,whole year,484.0,69.0,23.0,191.0,5.7
cotton lint,kharif,201.0,31.0,20.0,208.0,6.42
maize,rabi,241.0,37.0,18.0,208.0,15.52
rice,rabi,119.0,18.0,32.0,208.0,20.0
tobacco,whole year,371.0,57.0,30.0,208.0,6.71
dry chillies,whole year,1236.0,122.0,39.0,361.0,12.8
groundnut,rabi,500.0,49.0,20.0,361.0,8.0
sesamum,kharif,1360.0,134.0,17.0,361.0,5.51
soyabean,kharif,2720.0,268.0,34.0,361.0,12.46
sunflower,kharif,435.0,42.0,35.0,361.0,4.71
turmeric,whole year,366.0,36.0,20.0,361.0,32.76
wheat,rabi,3660.0,361.0,17.0,361.0,12.01
dry chillies,whole year,1499.0,159.0,36.0,233.0,11.31
turmeric,whole year,404.0,42.0,36.0,233.0,36.46
wheat,rabi,3896.0,413.0,26.0,233.0,13.01
dry chillies,whole year,1317.0,129.0,20.0,215.0,15.92
turmeric,whole year,454.0,44.0,33.0,215.0,41.23
wheat,rabi,4397.0,431.0,35.0,215.0,14.16
dry chillies,whole year,1629.0,166.0,20.0,212.0,13.06
turmeric,whole year,573.0,58.0,39.0,212.0,36.54
wheat,rabi,3805.0,388.0,26.0,212.0,14.04
dry chillies,whole year,1608.0,152.0,21.0,283.0,14.58
turmeric,whole year,514.0,48.0,18.0,283.0,39.3
wheat,rabi,4114.0,389.0,32.0,283.0,15.19
dry chillies,whole year,1657.0,164.0,21.0,278.0,14.67
turmeric,whole year,447.0,44.0,16.0,278.0,34.16
wheat,rabi,4150.0,410.0,17.0,278.0,15.23
dry chillies,whole year,2012.0,217.0,25.0,293.0,13.12
turmeric,whole year,505.0,54.0,39.0,293.0,35.52
wheat,rabi,4278.0,463.0,17.0,293.0,15.55
dry chillies,whole year,2168.0,259.0,36.0,276.0,12.2
turmeric,whole year,427.0,51.0,31.0,276.0,38.2
wheat,rabi,3976.0,476.0,38.0,276.0,15.44
dry chillies,whole year,1903.0,243.0,19.0,194.0,14.34
turmeric,whole year,532.0,67.0,31.0,194.0,36.94
wheat,rabi,3979.0,508.0,34.0,194.0,15.84
dry chillies,whole year,2372.0,316.0,30.0,322.0,15.32
turmeric,whole year,549.0,73.0,25.0,322.0,38.6
wheat,rabi,3558.0,474.0,35.0,322.0,14.88
dry chillies,whole year,2320.0,331.0,32.0,224.0,17.07
turmeric,whole year,612.0,87.0,17.0,224.0,38.81
wheat,rabi,3278.0,468.0,32.0,224.0,15.77
dry chillies,whole year,2086.0,325.0,29.0,170.0,16.77
turmeric,whole year,626.0,97.0,38.0,170.0,40.83
wheat,rabi,3170.0,493.0,37.0,170.0,15.05
dry chillies,whole year,2221.0,368.0,28.0,257.0,16.43
turmeric,whole year,611.0,101.0,19.0,257.0,44.5
wheat,rabi,3699.0,614.0,19.0,257.0,15.87
dry chillies,whole year,2500.0,418.0,39.0,219.0,17.2
turmeric,whole year,625.0,104.0,34.0,219.0,44.8
wheat,rabi,3700.0,619.0,39.0,219.0,17.57
dry chillies,whole year,2365.0,356.0,16.0,276.0,19.53
turmeric,whole year,699.0,105.0,31.0,276.0,41.39
wheat,rabi,2937.0,442.0,26.0,276.0,14.98
dry chillies,whole year,2491.0,359.0,36.0,204.0,32.54
turmeric,whole year,654.0,94.0,39.0,204.0,46.91
wheat,rabi,2960.0,427.0,16.0,204.0,15.1
dry chillies,whole year,2660.0,401.0,39.0,240.0,28.2
turmeric,whole year,725.0,109.0,35.0,240.0,48.28
wheat,rabi,3800.0,573.0,26.0,240.0,19.74
dry chillies,whole year,2960.0,467.0,20.0,259.0,28.0
turmeric,whole year,800.0,126.0,21.0,259.0,48.0
wheat,rabi,3910.0,617.0,17.0,259.0,19.69
groundnut,kharif,350.0,33.0,17.0,368.0,12.77
groundnut,rabi,1087.0,103.0,23.0,368.0,19.37
ragi,whole year,2800.0,266.0,34.0,368.0,8.84
rice,rabi,6417.0,610.0,27.0,368.0,29.69
groundnut,rabi,905.0,86.0,23.0,227.0,8.86
sesamum,kharif,1345.0,128.0,15.0,227.0,6.08
soyabean,kharif,2345.0,223.0,20.0,227.0,13.11
sunflower,kharif,448.0,42.0,24.0,227.0,4.91
wheat,rabi,3785.0,360.0,17.0,227.0,14.46
groundnut,winter,5987.0,591.0,39.0,135.0,8.66
horse-gram,summer,528.0,52.0,25.0,135.0,1.53
maize,summer,276.0,27.0,17.0,135.0,8.7
maize,winter,417.0,41.0,37.0,135.0,5.92
ragi,summer,861.0,85.0,23.0,135.0,6.92
sesamum,autumn,7694.0,760.0,34.0,135.0,1.65
sesamum,summer,7864.0,776.0,29.0,135.0,2.14
urad,summer,2544.0,251.0,17.0,135.0,2.08
wheat,summer,3868.0,382.0,34.0,135.0,11.48
groundnut,winter,3171.0,380.0,38.0,150.0,8.93
horse-gram,summer,439.0,52.0,28.0,150.0,1.89
maize,summer,1585.0,190.0,38.0,150.0,21.8
maize,winter,5786.0,693.0,29.0,150.0,22.19
ragi,summer,226.0,27.0,16.0,150.0,7.96
sesamum,autumn,3014.0,361.0,27.0,150.0,1.38
urad,summer,6116.0,733.0,19.0,150.0,4.02
wheat,summer,3276.0,392.0,28.0,150.0,13.69
groundnut,winter,3535.0,451.0,18.0,171.0,11.47
horse-gram,summer,197.0,25.0,27.0,171.0,1.27
maize,summer,1916.0,244.0,16.0,171.0,23.47
maize,winter,5894.0,752.0,18.0,171.0,26.25
ragi,summer,274.0,34.0,33.0,171.0,7.37
sesamum,autumn,3320.0,423.0,27.0,171.0,1.84
urad,summer,6118.0,781.0,26.0,171.0,3.54
wheat,summer,3913.0,499.0,19.0,171.0,14.83
groundnut,winter,2094.0,279.0,24.0,163.0,11.49
horse-gram,summer,152.0,20.0,26.0,163.0,2.76
maize,summer,2874.0,383.0,24.0,163.0,22.6
maize,winter,6505.0,867.0,19.0,163.0,27.36
ragi,summer,484.0,64.0,25.0,163.0,8.84
sesamum,autumn,4528.0,604.0,26.0,163.0,1.69
wheat,summer,5548.0,740.0,19.0,163.0,15.72
groundnut,winter,2065.0,295.0,24.0,153.0,11.08
horse-gram,summer,94.0,13.0,20.0,153.0,2.66
maize,summer,2249.0,321.0,19.0,153.0,26.5
maize,winter,307.0,43.0,18.0,153.0,22.02
ragi,summer,289.0,41.0,19.0,153.0,7.96
sesamum,autumn,3550.0,507.0,31.0,153.0,1.37
sesamum,summer,5755.0,823.0,40.0,153.0,2.53
wheat,summer,5267.0,753.0,39.0,153.0,14.02
groundnut,kharif,642.0,91.0,29.0,327.0,13.96
groundnut,rabi,3163.0,452.0,25.0,327.0,23.1
ragi,kharif,158.0,22.0,28.0,327.0,12.09
groundnut,winter,3685.0,574.0,33.0,133.0,12.05
horse-gram,summer,276.0,43.0,25.0,133.0,2.68
maize,summer,2265.0,352.0,24.0,133.0,22.29
maize,winter,211.0,32.0,24.0,133.0,14.31
ragi,summer,225.0,35.0,18.0,133.0,9.11
sesamum,autumn,4560.0,710.0,19.0,133.0,1.72
urad,summer,7333.0,1142.0,31.0,133.0,3.38
wheat,summer,3994.0,622.0,26.0,133.0,14.48
groundnut,kharif,570.0,88.0,19.0,333.0,21.02
groundnut,rabi,2258.0,351.0,22.0,333.0,30.37
ragi,kharif,154.0,23.0,23.0,333.0,10.19
groundnut,winter,3074.0,510.0,28.0,129.0,11.72
horse-gram,summer,404.0,67.0,19.0,129.0,2.97
maize,summer,4454.0,739.0,21.0,129.0,28.15
maize,winter,740.0,122.0,21.0,129.0,20.66
ragi,summer,328.0,54.0,37.0,129.0,8.41
sesamum,autumn,6354.0,1055.0,39.0,129.0,2.01
wheat,summer,2857.0,474.0,30.0,129.0,14.62
groundnut,kharif,461.0,76.0,23.0,419.0,30.15
groundnut,rabi,2424.0,402.0,32.0,419.0,28.45
ragi,kharif,150.0,24.0,37.0,419.0,8.87
groundnut,winter,2140.0,358.0,34.0,134.0,10.63
horse-gram,summer,90.0,15.0,28.0,134.0,3.0
maize,summer,3971.0,665.0,32.0,134.0,24.97
maize,winter,177.0,29.0,37.0,134.0,12.82
ragi,summer,114.0,19.0,19.0,134.0,7.11
sesamum,autumn,4517.0,756.0,39.0,134.0,1.65
sesamum,summer,5247.0,878.0,21.0,134.0,2.95
urad,summer,5980.0,1001.0,32.0,134.0,3.47
wheat,summer,1461.0,244.0,32.0,134.0,16.4
groundnut,kharif,357.0,59.0,16.0,334.0,28.63
groundnut,rabi,2837.0,475.0,17.0,334.0,24.6
ragi,kharif,150.0,25.0,17.0,334.0,9.13
groundnut,winter,2487.0,375.0,20.0,143.0,12.61
horse-gram,summer,61.0,9.0,24.0,143.0,3.11
jute,autumn,1776.0,267.0,29.0,143.0,17.52
maize,summer,3578.0,539.0,37.0,143.0,27.95
maize,winter,331.0,49.0,22.0,143.0,14.59
ragi,summer,119.0,17.0,39.0,143.0,7.9
sesamum,autumn,3270.0,493.0,38.0,143.0,1.78
sesamum,summer,3008.0,453.0,18.0,143.0,3.21
urad,summer,5021.0,757.0,20.0,143.0,3.79
wheat,summer,1039.0,156.0,17.0,143.0,19.0
groundnut,kharif,534.0,80.0,37.0,304.0,25.19
groundnut,rabi,2574.0,388.0,18.0,304.0,23.79
ragi,kharif,48.0,7.0,33.0,304.0,10.42
groundnut,winter,1669.0,241.0,29.0,163.0,13.85
horse-gram,summer,62.0,8.0,22.0,163.0,3.39
jute,autumn,1971.0,284.0,17.0,163.0,18.09
maize,summer,3591.0,518.0,29.0,163.0,29.04
maize,winter,278.0,40.0,21.0,163.0,15.11
ragi,summer,229.0,33.0,28.0,163.0,8.34
sesamum,autumn,2737.0,395.0,37.0,163.0,2.06
sesamum,summer,4631.0,669.0,16.0,163.0,2.61
urad,summer,3008.0,434.0,31.0,163.0,4.47
wheat,summer,678.0,97.0,39.0,163.0,15.77
groundnut,winter,1916.0,289.0,32.0,153.0,10.1
horse-gram,summer,118.0,17.0,29.0,153.0,3.39
jute,autumn,1057.0,159.0,38.0,153.0,16.25
maize,summer,2266.0,342.0,38.0,153.0,26.12
maize,winter,180.0,27.0,29.0,153.0,16.78
ragi,summer,286.0,43.0,39.0,153.0,9.09
sesamum,autumn,3679.0,555.0,19.0,153.0,2.26
sesamum,summer,4255.0,642.0,18.0,153.0,3.0
urad,summer,2800.0,422.0,17.0,153.0,4.0
wheat,summer,403.0,60.0,38.0,153.0,16.33
groundnut,winter,1404.0,221.0,25.0,121.0,12.91
horse-gram,summer,156.0,24.0,21.0,121.0,1.73
jute,autumn,1204.0,190.0,22.0,121.0,21.74
maize,summer,2489.0,393.0,17.0,121.0,26.2
maize,winter,255.0,40.0,30.0,121.0,17.96
ragi,summer,297.0,46.0,24.0,121.0,8.92
rapeseed andmustard,winter,7308.0,1154.0,21.0,121.0,2.05
sesamum,autumn,2959.0,467.0,33.0,121.0,2.11
sesamum,summer,4633.0,731.0,38.0,121.0,2.63
urad,summer,7564.0,1194.0,32.0,121.0,4.19
wheat,summer,367.0,57.0,37.0,121.0,13.46
groundnut,winter,4355.0,667.0,23.0,146.0,12.56
horse-gram,summer,40.0,6.0,39.0,146.0,3.75
jute,autumn,753.0,115.0,27.0,146.0,16.79
maize,summer,2589.0,396.0,19.0,146.0,29.13
maize,winter,1344.0,205.0,31.0,146.0,12.92
ragi,summer,78.0,11.0,36.0,146.0,6.92
sesamum,autumn,3571.0,547.0,28.0,146.0,2.88
sesamum,summer,1435.0,219.0,28.0,146.0,3.06
wheat,summer,57.0,8.0,26.0,146.0,14.04
groundnut,winter,1817.0,286.0,20.0,134.0,13.57
horse-gram,summer,373.0,58.0,36.0,134.0,3.81
jute,autumn,947.0,149.0,36.0,134.0,24.92
maize,summer,2132.0,335.0,22.0,134.0,27.22
maize,winter,374.0,58.0,29.0,134.0,14.09
ragi,summer,110.0,17.0,33.0,134.0,6.82
sesamum,autumn,2441.0,384.0,15.0,134.0,2.45
sesamum,summer,1848.0,290.0,25.0,134.0,2.76
wheat,summer,73.0,11.0,26.0,134.0,21.64
groundnut,winter,1977.0,320.0,25.0,163.0,13.5
horse-gram,summer,38.0,6.0,39.0,163.0,3.68
jute,autumn,200.0,32.0,27.0,163.0,15.65
maize,summer,2855.0,463.0,31.0,163.0,26.1
maize,winter,67.0,10.0,16.0,163.0,24.48
ragi,summer,212.0,34.0,30.0,163.0,6.23
rapeseed andmustard,winter,6019.0,976.0,18.0,163.0,2.75
sesamum,autumn,1592.0,258.0,30.0,163.0,3.08
sesamum,summer,2229.0,361.0,36.0,163.0,2.01
urad,summer,4571.0,741.0,16.0,163.0,5.11
wheat,summer,147.0,23.0,32.0,163.0,18.23
small millets,kharif,4000.0,395.0,39.0,149.0,5.0
wheat,rabi,1000.0,98.0,23.0,149.0,30.0
